{"type":"FeatureCollection","features":[{"type":"Feature","properties":{"routeId":"51","color":"#933145","dir":"RoundTrip","trips":473,"dests":"DASH"},"geometry":{"type":"LineString","coordinates":[[-85.67933448507654,42.963941252443526],[-85.6793228,42.964077100000004],[-85.67931613779923,42.964154578927285],[-85.67899814150438,42.964276562515664],[-85.6790259,42.9643757],[-85.67904498883013,42.96456951099293],[-85.67898139860128,42.96470580183917],[-85.6782316,42.9646857],[-85.678157,42.9646816],[-85.677997,42.964673000000005],[-85.6778047,42.9646655],[-85.6777532,42.96466319999999],[-85.6776805,42.9646606],[-85.677551203756,42.96477630400352],[-85.6772143342311,42.96483524897918],[-85.6772102,42.96485530000001],[-85.677154,42.9655693],[-85.6771477,42.965649],[-85.677144,42.9656958],[-85.677131,42.96589],[-85.6771199,42.96611],[-85.677117,42.96616829999999],[-85.67711535479421,42.96622693983463],[-85.67720533309785,42.966330576674096],[-85.67729593120453,42.966416172079505],[-85.67738652931122,42.96650176748492],[-85.67750927307823,42.96658747169752],[-85.6778316,42.9665978],[-85.6779924,42.9666003],[-85.6781116,42.9666034],[-85.6790115,42.9666597],[-85.6791010409209,42.966665325337395],[-85.67924683334572,42.9666734399449],[-85.6792808,42.966674999999995],[-85.6793962,42.96668019999999],[-85.679576,42.96664820000001],[-85.6796342,42.9666267],[-85.6797641,42.9665786],[-85.6799582,42.9664615],[-85.6800057,42.9664298],[-85.680122,42.966363],[-85.680381,42.966207],[-85.6804864,42.9661678],[-85.680553,42.966143],[-85.6807,42.966105],[-85.680776,42.966091999999996],[-85.680863,42.966086],[-85.6809378,42.966084699999996],[-85.681092,42.966082],[-85.6811813,42.96608429999999],[-85.681289,42.966087],[-85.6814786,42.9660936],[-85.6816162,42.9660993],[-85.6818401,42.9661086],[-85.68211539270612,42.96612219010485],[-85.68224082112046,42.96628074513605],[-85.68233367991377,42.966365014372364],[-85.68242653870708,42.96644928360869],[-85.68260130794226,42.96654661989978],[-85.6826107,42.9670519],[-85.6826112,42.9670804],[-85.6826389,42.9679646],[-85.6826655,42.9688525],[-85.6826715,42.9695393],[-85.6826733,42.9697404],[-85.6826807,42.9702049],[-85.68268227024224,42.97034063466029],[-85.68254013319472,42.970444123573216],[-85.68242503368056,42.970511866568906],[-85.68230993416638,42.97057960956459],[-85.68216367539358,42.9706371443962],[-85.6820356,42.9706336],[-85.6818499,42.970629],[-85.681729,42.970626],[-85.6816506,42.970622],[-85.6810447,42.970608],[-85.6804044,42.970599],[-85.6803086,42.9705976],[-85.6802013,42.9705954],[-85.6800882,42.970593599999994],[-85.6799666,42.9705897],[-85.6797632,42.9705862],[-85.6795812,42.9705828],[-85.6790759,42.9705735],[-85.678942,42.970571],[-85.6788094,42.9705672],[-85.6778241,42.9705386],[-85.6776515,42.9705354],[-85.6768651,42.970521],[-85.6759591,42.9704995],[-85.6757059,42.9704886],[-85.6748634,42.9704306],[-85.67407067684158,42.97037246321762],[-85.67392541562825,42.97036494553007],[-85.6738644,42.9703621],[-85.6731124,42.9703684],[-85.6728911,42.9703693],[-85.67260572375604,42.97037394162811],[-85.6724979810011,42.97022739047328],[-85.672399187222,42.97014687038631],[-85.67218464673684,42.97005081866927],[-85.6721748,42.9698283],[-85.6721626,42.9695536],[-85.6721396,42.9690329],[-85.6721883,42.9689424],[-85.6721908,42.9688908],[-85.6721956,42.9687902],[-85.6721996,42.9687058],[-85.672153,42.9685965],[-85.6721595,42.968525],[-85.6722132,42.9680704],[-85.6722202,42.9677878],[-85.6722042,42.967324],[-85.6721987,42.9672195],[-85.6721954,42.9671488],[-85.6721757,42.9667358],[-85.6721631,42.96646870000001],[-85.67216,42.96638],[-85.6721591,42.9662312],[-85.6721479,42.96531939999999],[-85.67214138940375,42.965069159390545],[-85.6719169722333,42.96498168421995],[-85.67186324002401,42.964858266065036],[-85.6715724,42.9646902],[-85.6714577,42.9646239],[-85.6710682,42.96439939999999],[-85.670989,42.964353],[-85.6709265,42.964315799999994],[-85.6707095,42.9641867],[-85.6703514,42.963973599999996],[-85.67012,42.9638359],[-85.670036,42.963786],[-85.6699733,42.9637486],[-85.6695338,42.9634915],[-85.66934826752149,42.963369444932354],[-85.66922669810312,42.96319259679713],[-85.6692241,42.9631381],[-85.6691861,42.9623319],[-85.669182,42.962246],[-85.66918,42.9621829],[-85.6691461,42.9611292],[-85.6691438,42.9610566],[-85.669141,42.960969399999996],[-85.6691385,42.9608912],[-85.6691172,42.9602283],[-85.66910810534448,42.959945048521625],[-85.66929921998567,42.959693941455335],[-85.6700782,42.9597015],[-85.6701776,42.9597025],[-85.6702946,42.9597033],[-85.6705743,42.9597052],[-85.6706668,42.9597059],[-85.6711037,42.9597089],[-85.6712437,42.9597092],[-85.6714551,42.9597108],[-85.6721225,42.959716],[-85.6722719,42.959717],[-85.6725088,42.9597187],[-85.6725711,42.9597191],[-85.6727144,42.95972],[-85.6734372,42.959725],[-85.67485331236644,42.959733409124986],[-85.67499668305419,42.959963771048464],[-85.67514267283649,42.959978209429586],[-85.67528161041442,42.9600028172409],[-85.67538300657189,42.96008156058703],[-85.67541840763484,42.960200042638824],[-85.675383,42.9602535],[-85.6753448,42.96031109999999],[-85.6749457,42.960929],[-85.6748755,42.961037700000006],[-85.6747094,42.9612948],[-85.6746936,42.9613192],[-85.6745907,42.9614786],[-85.6745211,42.9615863],[-85.6744184,42.9617454],[-85.6743866,42.9617947],[-85.6743559,42.9618422],[-85.6741193,42.9622084],[-85.674044,42.9623224],[-85.673901,42.96253819999999],[-85.6737351,42.9627885],[-85.673658,42.962907],[-85.67358936164642,42.96301464317443],[-85.67379301055722,42.96325027002754],[-85.6739174,42.9632473],[-85.674567,42.9632329],[-85.6751238,42.9632349],[-85.6771752,42.9632896],[-85.6777192,42.9633053],[-85.67816832037462,42.963318291578865]]}},{"type":"Feature","properties":{"routeId":"2","color":"#ED1C24","dir":"Northbound","trips":214,"dests":"Central Station"},"geometry":{"type":"LineString","coordinates":[[-85.6212167037735,42.84554993928382],[-85.62123240754698,42.845657878567636],[-85.6212481113205,42.84576581785146],[-85.621263815094,42.84587375713527],[-85.6212795188675,42.845981696419095],[-85.62129522264098,42.84608963570291],[-85.6213109264145,42.84619757498673],[-85.621326630188,42.84630551427055],[-85.62138019499822,42.8462919360948],[-85.62145821783004,42.84619985830831],[-85.62153624066184,42.846107780521805],[-85.62161426349365,42.84601570273531],[-85.62169228632546,42.84592362494882],[-85.62169385980069,42.845825779108345],[-85.62164277085586,42.84572395992273],[-85.62159168191101,42.845622140737106],[-85.62154059296618,42.845520321551476],[-85.62148950402135,42.84541850236586],[-85.62143841507651,42.84531668318023],[-85.62138732613168,42.84521486399461],[-85.62136009757187,42.845121753860596],[-85.62150095110334,42.84508999376797],[-85.62164180463482,42.84505823367535],[-85.62178265816628,42.84502647358273],[-85.62193514204677,42.84479371166706],[-85.6221225,42.8447996],[-85.6225796,42.8447899],[-85.6228361,42.8447504],[-85.6230308,42.8447346],[-85.6232242,42.8447282],[-85.6234849,42.8447202],[-85.624204,42.8447061],[-85.6246759,42.8447147],[-85.6247137,42.8447154],[-85.6247607,42.844726],[-85.6247781,42.8447802],[-85.6247118,42.8447894],[-85.6246866,42.8447901],[-85.6240824,42.844805699999995],[-85.62418418681322,42.84501289645516],[-85.62430673320591,42.84507312828162],[-85.62442927959862,42.845133360108065],[-85.62455182599129,42.84519359193452],[-85.62467437238398,42.84525382376098],[-85.62487542596517,42.845334754114646],[-85.6248794,42.8454384],[-85.6248753,42.8457456],[-85.6248872,42.84596930000001],[-85.6248916,42.8461906],[-85.6249011,42.84675300000001],[-85.6249027,42.8469031],[-85.6248938,42.8471477],[-85.62489239114576,42.84729204352033],[-85.62484234775927,42.84743362028103],[-85.6248103,42.847473],[-85.6247944,42.8479359],[-85.6247903,42.8482177],[-85.6247809,42.848605500000005],[-85.6247719,42.8490633],[-85.6247744,42.84967809999999],[-85.62481122603504,42.849777017098695],[-85.62483977771947,42.84989667317009],[-85.6248399,42.8499646],[-85.6248411,42.85051549999999],[-85.6248422,42.8510359],[-85.6248431,42.851137],[-85.6248454,42.8513977],[-85.624852,42.8518476],[-85.6248548,42.8524961],[-85.6248569,42.85299390000001],[-85.6248598,42.8533345],[-85.6248598,42.8536965],[-85.6248605,42.8538737],[-85.6248585,42.8541274],[-85.6248578,42.8542185],[-85.6248618,42.8545241],[-85.6248622,42.85454699999999],[-85.6248636,42.8546174],[-85.6248704,42.8547546],[-85.6248733,42.8548461],[-85.6248746,42.8548667],[-85.6248795,42.8550269],[-85.6248997,42.8556866],[-85.6249069,42.85591380000001],[-85.62491217852852,42.85608271291262],[-85.624914,42.856141],[-85.6250261,42.856243],[-85.625039,42.8565653],[-85.6250469,42.85676230000001],[-85.6250581,42.8570403],[-85.6250657,42.8572304],[-85.6250655,42.8573304],[-85.6250647,42.85764249999999],[-85.6250648,42.8578028],[-85.6250649,42.8580547],[-85.625074,42.858347],[-85.6250811,42.85848549999999],[-85.625116,42.8591289],[-85.625155,42.8613942],[-85.6251566,42.8614871],[-85.6251595,42.86161409999999],[-85.625172,42.8621607],[-85.6251832,42.86264810000001],[-85.6251914,42.8630548],[-85.6251925,42.8631142],[-85.625195,42.8632365],[-85.6251967,42.8633203],[-85.6251989,42.8634279],[-85.625209,42.8637231],[-85.6252234,42.864141],[-85.6252304,42.8643435],[-85.6252425,42.8646953],[-85.6252692,42.8654649],[-85.6253046,42.86645969999999],[-85.6253134,42.86670639999999],[-85.6253333,42.8672648],[-85.6253426,42.8675252],[-85.6253786,42.8682752],[-85.6253843,42.8683946],[-85.6254008,42.8687374],[-85.6254043,42.8688099],[-85.6254156,42.8690456],[-85.6254216,42.86917],[-85.6254276,42.8693021],[-85.6254415,42.869608],[-85.6254727,42.8702924],[-85.6254903,42.8706788],[-85.625507,42.87104599999999],[-85.6255153,42.8712284],[-85.6255243,42.8715149],[-85.6255529,42.8720624],[-85.6255633,42.8723726],[-85.6255778,42.87280340000001],[-85.6255829,42.8729538],[-85.6255895,42.8732887],[-85.6256737,42.8748682],[-85.6257159,42.8756997],[-85.6257542,42.8764334],[-85.6257905,42.8771837],[-85.6257735,42.8772111],[-85.6256922,42.8773425],[-85.6257166,42.8779214],[-85.6257293,42.8782223],[-85.6257602,42.8790846],[-85.6258025,42.8800316],[-85.6258299,42.8806558],[-85.6258325,42.8807077],[-85.6258468,42.881189],[-85.6258758,42.8816917],[-85.62588034466684,42.88190893507451],[-85.62584630744027,42.88202456843812],[-85.6257986,42.882154400000005],[-85.6258056,42.8822901],[-85.6258123,42.8824192],[-85.6258231,42.8826285],[-85.6258703,42.8835399],[-85.6258736,42.8836041],[-85.6258831,42.8837341],[-85.6258878,42.883827800000006],[-85.6259099,42.8842657],[-85.6259315,42.8846938],[-85.6259427,42.8849159],[-85.6259568,42.8851939],[-85.62599822340547,42.88526102125887],[-85.62604603971796,42.88537872776577],[-85.6260689,42.8857396],[-85.6260869,42.8860226],[-85.6260978,42.8861947],[-85.626099,42.8862219],[-85.6261188,42.8865447],[-85.6261238,42.8866047],[-85.6261267,42.8866927],[-85.6261358,42.8869657],[-85.6261377,42.8870113],[-85.6261564,42.887395],[-85.6261647,42.8875641],[-85.6261705,42.8877705],[-85.626179,42.887955],[-85.6261839,42.8880612],[-85.6262028,42.8884737],[-85.6262184,42.8887519],[-85.6262368,42.8891967],[-85.6262528,42.8894207],[-85.6262578,42.8894927],[-85.6262978,42.89013210000001],[-85.6263172,42.8904256],[-85.6263315,42.8908783],[-85.6263378,42.8911157],[-85.6263391,42.8913735],[-85.6263747,42.8919656],[-85.6263917,42.8923109],[-85.6264188,42.8929487],[-85.6264318,42.8932207],[-85.626435,42.8932756],[-85.6264688,42.8938537],[-85.6264833,42.8940878],[-85.626488,42.8941902],[-85.6265056,42.8947146],[-85.626516,42.895026],[-85.6265417,42.8953643],[-85.6265872,42.89595719999999],[-85.6266238,42.8966367],[-85.6266358,42.8968227],[-85.6266638,42.8972407],[-85.6266748,42.8974067],[-85.6267038,42.8977157],[-85.6267325,42.89817939999999],[-85.6267785,42.898993],[-85.6267798,42.8991317],[-85.6267978,42.8993747],[-85.6268198,42.8998527],[-85.6269329,42.9011155],[-85.6269512,42.9014281],[-85.62699,42.901818],[-85.6270286,42.90240860000001],[-85.6270509,42.9028353],[-85.6270698,42.9030627],[-85.6270748,42.9032597],[-85.6271426,42.9041164],[-85.6272019,42.9051014],[-85.6272149,42.9052735],[-85.6272247,42.9054326],[-85.6272336,42.9056418],[-85.6272411,42.905820500000004],[-85.6272621,42.9060258],[-85.6272685,42.9061222],[-85.6272864,42.906411500000004],[-85.62731,42.906787],[-85.627375,42.907615],[-85.627429,42.90865],[-85.62748,42.909449],[-85.627489,42.909676],[-85.6275,42.909817],[-85.6275062,42.9103387],[-85.6275071,42.9104109],[-85.627508,42.910485],[-85.6275197,42.9105998],[-85.6275695,42.9109614],[-85.627583,42.911069],[-85.6276058,42.911186699999995],[-85.6276491,42.9114098],[-85.627667,42.911502],[-85.6277111,42.9116537],[-85.6277658,42.911842],[-85.6277791,42.9118878],[-85.6278006,42.9119586],[-85.6278974,42.9122524],[-85.627994,42.91250290000001],[-85.628043,42.91263500000001],[-85.6281309,42.912797000000005],[-85.628215,42.912952],[-85.6283548,42.9132569],[-85.6285253,42.9136057],[-85.6286512,42.913804799999994],[-85.628888,42.914169],[-85.6292203,42.914619],[-85.6297678,42.915360400000004],[-85.629896,42.915534],[-85.6300471,42.9157351],[-85.63119,42.917256],[-85.631601,42.917762],[-85.632309,42.9187885],[-85.6328056,42.91943929999999],[-85.632864,42.9195204],[-85.63302,42.9197375],[-85.6330289,42.9197556],[-85.6331015,42.9199031],[-85.6331132,42.920008],[-85.6331741,42.9205519],[-85.6331904,42.9206972],[-85.633214,42.9209077],[-85.6333036,42.9217082],[-85.6333123,42.9217999],[-85.6333669,42.9223719],[-85.633429,42.923157],[-85.633469,42.923592],[-85.6334891,42.9238448],[-85.633499,42.923969],[-85.6335282,42.9243284],[-85.6335411,42.9244875],[-85.633573,42.92488],[-85.6336364,42.9256113],[-85.633643,42.925687],[-85.6336502,42.9257717],[-85.6337063,42.9264326],[-85.6337296,42.9266798],[-85.6337373,42.92676780000001],[-85.633772,42.927153],[-85.6338649,42.9272706],[-85.633956,42.9274068],[-85.6340445,42.9275289],[-85.6341309,42.9276454],[-85.6343362,42.9279311],[-85.634494,42.928148],[-85.634928,42.928733],[-85.635187,42.929092],[-85.63578,42.929924],[-85.636138,42.93042189999999],[-85.6363599,42.9307305],[-85.636407,42.930796],[-85.636993,42.93158999999999],[-85.6374804,42.93227019999999],[-85.637683,42.932553],[-85.637817,42.932729],[-85.6382047,42.9332731],[-85.63837,42.933505],[-85.638558,42.933754],[-85.6385882,42.9337966],[-85.6387467,42.93402],[-85.63878226819924,42.93407011139861],[-85.638438,42.934433],[-85.638441,42.934483],[-85.6384556,42.9347275],[-85.6384969,42.9354203],[-85.638501,42.935489],[-85.6385084,42.9355799],[-85.638542,42.93598920000001],[-85.6385685,42.9363148],[-85.6385693,42.9363426],[-85.6386257,42.9370499],[-85.6386381,42.93720470000001],[-85.6386681,42.9375875],[-85.6387,42.937995699999995],[-85.638705,42.938059],[-85.63921572619454,42.93824121496745],[-85.639262,42.938872],[-85.6392662,42.938940099999996],[-85.6393059,42.93958229999999],[-85.639311,42.939665],[-85.6393181,42.9397657],[-85.6393512,42.9402389],[-85.6393686,42.9404795],[-85.639376,42.9405875],[-85.6393985,42.940914199999995],[-85.6394005,42.9409531],[-85.639405,42.941041],[-85.6394047,42.9411098],[-85.6394015,42.9419476],[-85.6393969,42.9427725],[-85.6393982,42.9428008],[-85.639398,42.9428542],[-85.6393989,42.9429313],[-85.6394084,42.9437597],[-85.6394178,42.944588],[-85.6394194,42.9446686],[-85.6394193,42.944745700000006],[-85.6394186,42.9450351],[-85.6394184,42.945129],[-85.6394236,42.9454213],[-85.6394264,42.9455805],[-85.6394271,42.9456598],[-85.6394313,42.9460363],[-85.6394367,42.9464866],[-85.6394411,42.9469412],[-85.6394485,42.9473966],[-85.6394522,42.9476681],[-85.6394557,42.9478568],[-85.63946276865609,42.94818160027306],[-85.63975554130715,42.948295270016956],[-85.6399095,42.9482962],[-85.6399962,42.94829670000001],[-85.6403855,42.9483132],[-85.6418963,42.948323499999994],[-85.6430125,42.9483354],[-85.6430877,42.9483362],[-85.6442743,42.948344],[-85.644359,42.9483446],[-85.6457314,42.9483568],[-85.646328,42.9483632],[-85.6464349,42.9483644],[-85.6479296,42.9483755],[-85.6480167,42.94837609999999],[-85.6483282,42.9483782],[-85.6487936,42.948369],[-85.6489081,42.9483698],[-85.6490386,42.9483706],[-85.649161,42.9483714],[-85.6492605,42.9483721],[-85.6493782,42.948373],[-85.6497867,42.948376],[-85.6502421,42.9484023],[-85.6516039,42.9484306],[-85.6517027,42.9484327],[-85.6518192,42.9484349],[-85.6524762,42.948447200000004],[-85.6535731,42.948468],[-85.6540494,42.9484764],[-85.6541632,42.9484784],[-85.6542665,42.9484797],[-85.6547401,42.9484902],[-85.6552002,42.9484989],[-85.6553813,42.9485028],[-85.6556406,42.9485071],[-85.6565133,42.9485249],[-85.6566022,42.94852670000001],[-85.6567249,42.9485288],[-85.6577296,42.948546],[-85.6577955,42.9485471],[-85.6578846,42.9485479],[-85.657954,42.9485486],[-85.6585252,42.9485492],[-85.658576,42.9485501],[-85.6589751,42.9485575],[-85.659059,42.9485591],[-85.6591659,42.9485611],[-85.6594004,42.9485655],[-85.6595105,42.9485675],[-85.6597569,42.9485871],[-85.660294,42.94859879999999],[-85.6603915,42.9486],[-85.6605175,42.948603000000006],[-85.661079,42.9486139],[-85.6615319,42.9486227],[-85.6616271,42.9486234],[-85.6617425,42.9486266],[-85.6619942,42.9486304],[-85.6621423,42.9486353],[-85.6622285,42.9486373],[-85.6623313,42.94863960000001],[-85.662736,42.948647599999994],[-85.6628695,42.9486501],[-85.66315901177607,42.948655312734786],[-85.66327747885317,42.94875525596659],[-85.66338912796829,42.948826066043736],[-85.66350077708339,42.94889687612089],[-85.66361242619848,42.94896768619803],[-85.66372407531358,42.94903849627518],[-85.66383572442868,42.94910930635233],[-85.66394737354379,42.94918011642948],[-85.66398122574891,42.949286376382496],[-85.6639875,42.950036],[-85.663988,42.950098999999994],[-85.6639894,42.9501909],[-85.6639947,42.9505413],[-85.6639967,42.9506721],[-85.664001,42.950952],[-85.6639928,42.9515032],[-85.663992,42.951559],[-85.6639941,42.9516385],[-85.66401,42.95224699999999],[-85.6640095,42.9526197],[-85.6640091,42.9529918],[-85.664009,42.953057],[-85.6640103,42.9531409],[-85.6640199,42.9537704],[-85.6640273,42.9542555],[-85.664028,42.954301],[-85.6640288,42.9543699],[-85.6640346,42.954838],[-85.66404105095832,42.955365202231725],[-85.66403178935605,42.95547723841267],[-85.6640245,42.9555626],[-85.6640117,42.9556138],[-85.6640004,42.955649],[-85.6639843,42.9556784],[-85.663949,42.955716800000005],[-85.6639223,42.9557557],[-85.6639216,42.9560041],[-85.6639494,42.9560514],[-85.6639762,42.9560985],[-85.6639973,42.95614679999999],[-85.6640138,42.9562114],[-85.6640178,42.9562821],[-85.6640214,42.956347199999996],[-85.6640201,42.9565133],[-85.6640272,42.9572307],[-85.6640642,42.9577168],[-85.664067,42.9578222],[-85.6640735,42.9581479],[-85.6640706,42.9583031],[-85.6640689,42.9585208],[-85.66406753710024,42.95883610685898],[-85.664158127921,42.95894227719462],[-85.6641572,42.9589798],[-85.6641583,42.9590321],[-85.6641662,42.9591829],[-85.6641734,42.9592691],[-85.6641769,42.9593181],[-85.6641842,42.9593603],[-85.6641966,42.9593946],[-85.6642213,42.9594353],[-85.66445928807134,42.959531903427425],[-85.6645637,42.9595125],[-85.6646147,42.9595133],[-85.6652166,42.959522500000006],[-85.665312,42.959524],[-85.6654375,42.9595269],[-85.6659553,42.959539],[-85.6664692,42.9595509],[-85.666603,42.959554],[-85.6667573,42.9595579],[-85.6672684,42.9595708],[-85.6676386,42.9595801],[-85.6677175596492,42.95958206764399],[-85.667861434923,42.95958374151241],[-85.6679266,42.9595841],[-85.6679616,42.9595874],[-85.6680469,42.9595956],[-85.6681488,42.9596143],[-85.6683237,42.9596603],[-85.6684546,42.95967439999999],[-85.6685112,42.9596805],[-85.669,42.95969],[-85.6691,42.959692],[-85.6692125,42.9596931],[-85.66947909950073,42.95969568684973]]}},{"type":"Feature","properties":{"routeId":"4","color":"#0066B3","dir":"Southbound","trips":200,"dests":"Meijer - Gaines Twp"},"geometry":{"type":"LineString","coordinates":[[-85.67051101431754,42.959704770100835],[-85.6702946,42.9597033],[-85.6701776,42.9597025],[-85.6700782,42.9597015],[-85.6692125,42.9596931],[-85.6691,42.959692],[-85.669,42.95969],[-85.6685112,42.9596805],[-85.6684626,42.9596753],[-85.6683237,42.9596603],[-85.6681488,42.9596143],[-85.6680469,42.9595956],[-85.6679616,42.9595874],[-85.6679266,42.9595841],[-85.66786442009099,42.95958375793448],[-85.66771705985471,42.95958205518931],[-85.6676386,42.9595801],[-85.6672684,42.9595708],[-85.6667573,42.9595579],[-85.666603,42.959554],[-85.6664692,42.9595509],[-85.6659553,42.959539],[-85.6654375,42.9595269],[-85.665312,42.959524],[-85.6652166,42.959522500000006],[-85.6646147,42.9595133],[-85.6645637,42.9595125],[-85.6643985,42.9595432],[-85.6643503,42.95954789999999],[-85.6643032,42.9595556],[-85.6642415,42.9595698],[-85.6640206,42.9594509],[-85.6639472,42.9594654],[-85.6638747,42.9594715],[-85.6637668,42.959478],[-85.6637113,42.959498100000005],[-85.6632951,42.959489399999995],[-85.6631763,42.9594867],[-85.6625215,42.9594721],[-85.6624142,42.9594697],[-85.662324,42.9594677],[-85.6622573,42.9594662],[-85.6617718,42.9594553],[-85.661667,42.959453],[-85.6615966,42.9594515],[-85.6613989,42.9594473],[-85.660352,42.9594248],[-85.6593796,42.95940790000001],[-85.6592231,42.9594052],[-85.6591214,42.9593989],[-85.6588845,42.9593972],[-85.6583362,42.9593932],[-85.6579828,42.9593863],[-85.6579104,42.9593843],[-85.6576149,42.9593777],[-85.6573763,42.9593707],[-85.6572579,42.9593684],[-85.656869,42.959364],[-85.656749,42.9593599],[-85.6566591,42.9593602],[-85.655524,42.959376],[-85.6554109,42.9593791],[-85.655369,42.9593802],[-85.6550272,42.9593896],[-85.65476,42.9593969],[-85.6543741,42.9594074],[-85.6542856,42.9594105],[-85.6541984,42.9594125],[-85.653075,42.959447],[-85.6524546,42.9594673],[-85.651851,42.95948700000001],[-85.6513263,42.95950510000001],[-85.651213,42.959509],[-85.6511308,42.9595108],[-85.6507078,42.9595199],[-85.65061,42.959522],[-85.6505095,42.9595245],[-85.64978859796608,42.95954265803229],[-85.64963595998972,42.95931038050222],[-85.6493682994172,42.959263052494656],[-85.649353,42.958691],[-85.64933,42.95756],[-85.649329,42.9575009],[-85.6493212,42.9570502],[-85.6493106,42.9564351],[-85.6493029,42.9559896],[-85.6492973,42.9556671],[-85.649296,42.955591000000005],[-85.6492947,42.9555236],[-85.649281,42.954921],[-85.649275,42.954656],[-85.6492828,42.9538463],[-85.6492849,42.9537708],[-85.6492837,42.9537104],[-85.64928,42.9534386],[-85.649277,42.953219],[-85.6492789,42.9531035],[-85.6492779,42.9527058],[-85.6492741,42.9520574],[-85.64927,42.951978],[-85.6492698,42.951917699999996],[-85.6492682,42.9516165],[-85.6492674,42.951459099999994],[-85.649265,42.950982],[-85.6492668,42.9506783],[-85.6492673,42.9506017],[-85.6492695,42.9502418],[-85.64927,42.9501695],[-85.6492687,42.9501072],[-85.6492568,42.9495517],[-85.649251,42.94928],[-85.6492538,42.949013],[-85.6492568,42.9487261],[-85.649257,42.948705],[-85.6492597,42.948449],[-85.6492605,42.9483721],[-85.6492595,42.9482919],[-85.649256,42.9480066],[-85.6492533,42.9477818],[-85.64925,42.947447],[-85.6492515,42.947002],[-85.649248,42.94655],[-85.649248,42.94587299999999],[-85.649243,42.945648],[-85.649228,42.945204],[-85.6492181,42.9448416],[-85.649216,42.944764],[-85.6492157,42.9446818],[-85.649215,42.944528],[-85.6492106,42.9442956],[-85.649192,42.943307],[-85.6491963,42.9427887],[-85.64918,42.942243],[-85.6491709,42.9412331],[-85.64917,42.941135],[-85.6491632,42.9410396],[-85.6491344,42.9406388],[-85.649098,42.9401384],[-85.6490487,42.939643999999994],[-85.648999,42.939144999999996],[-85.6489741,42.9386566],[-85.6489546,42.9382478],[-85.64895,42.938184],[-85.6489468,42.9381292],[-85.6489275,42.9378278],[-85.6489088,42.9375314],[-85.6488982,42.9373626],[-85.648893,42.93728],[-85.648888,42.9372091],[-85.6488336,42.9364446],[-85.648828,42.936366],[-85.6488234,42.9363122],[-85.6487577,42.9355409],[-85.648752,42.935474],[-85.648722,42.934918999999994],[-85.648715,42.9348809],[-85.6487119,42.9348102],[-85.6487028,42.9346007],[-85.6486951,42.93451410000001],[-85.648665,42.9341967],[-85.6486376,42.9339385],[-85.648624,42.933813],[-85.648601,42.933627],[-85.6485851,42.9334463],[-85.6485444,42.932985300000006],[-85.6485301,42.93282260000001],[-85.648513,42.932628],[-85.6485069,42.93252150000001],[-85.648495,42.932327],[-85.6484785,42.9321592],[-85.648404,42.931402],[-85.648363,42.93096],[-85.6483561,42.9308828],[-85.648316,42.930437],[-85.648274,42.930007],[-85.6482324,42.929539],[-85.648196,42.929129],[-85.6481716,42.9288788],[-85.648135,42.9285141],[-85.648108,42.9282447],[-85.6481037,42.9281797],[-85.6480754,42.927872],[-85.6480581,42.9276844],[-85.6480358,42.927441400000006],[-85.6480304,42.927337],[-85.6480261,42.9272538],[-85.6480012,42.9268711],[-85.6479865,42.9265821],[-85.64798,42.926454],[-85.6479658,42.926216499999995],[-85.6479546,42.9260296],[-85.6479388,42.92576210000001],[-85.6479293,42.9256048],[-85.647928,42.9255831],[-85.647923,42.9255239],[-85.647868,42.924834],[-85.647843,42.924512],[-85.647815,42.924082],[-85.6477433,42.9230906],[-85.647737,42.923003],[-85.6477247,42.9228006],[-85.647671,42.9219638],[-85.647667,42.921901],[-85.647613,42.920989000000006],[-85.6475459,42.920147],[-85.647539,42.920061000000004],[-85.6475337,42.9199761],[-85.6475238,42.9198168],[-85.6475199,42.9197542],[-85.6475139,42.919658],[-85.6474834,42.9191667],[-85.6474725,42.9189903],[-85.6474686,42.9189276],[-85.6474604,42.918796],[-85.6474526,42.9186697],[-85.647422,42.918178],[-85.647375,42.917367],[-85.6473216,42.91674799999999],[-85.647315,42.916671],[-85.6473141,42.9166302],[-85.64731,42.916433000000005],[-85.647264,42.91568800000001],[-85.6472549,42.9155457],[-85.6472244,42.9150713],[-85.6472119,42.9148762],[-85.647206,42.914785],[-85.647198,42.914666],[-85.647142,42.913792],[-85.6471224,42.913461],[-85.6471144,42.913327],[-85.6471098,42.9132444],[-85.6470992,42.9130599],[-85.6470914,42.9129399],[-85.647083,42.912798],[-85.6470753,42.9126543],[-85.647072,42.912592],[-85.6470636,42.9124661],[-85.6470421,42.91206420000001],[-85.6470331,42.9118971],[-85.64703,42.9118413],[-85.647021,42.911681],[-85.647011,42.911418],[-85.6469971,42.9111573],[-85.6469892,42.9110024],[-85.6469807,42.9108422],[-85.6469781,42.9107922],[-85.6469733,42.9107001],[-85.6469652,42.9105464],[-85.6469507,42.9102694],[-85.6469457,42.9101421],[-85.64693,42.909876],[-85.6469115,42.9095605],[-85.6469055,42.909458599999994],[-85.6468889,42.9092698],[-85.6468834,42.9091698],[-85.646858,42.9085591],[-85.6468479,42.908318],[-85.6468457,42.9082925],[-85.6468377,42.9081587],[-85.6468291,42.9079554],[-85.6468137,42.9075279],[-85.6468079,42.9074316],[-85.6468049,42.9074007],[-85.6467856,42.9070053],[-85.6467773,42.9067381],[-85.6467716,42.90655720000001],[-85.6467687,42.9064033],[-85.6467542,42.9061666],[-85.646747,42.9060607],[-85.6467367,42.9058765],[-85.6467181,42.9056052],[-85.6466964,42.9053113],[-85.6466792,42.9050097],[-85.6466682,42.90481690000001],[-85.6466529,42.904547],[-85.6466399,42.904319],[-85.6466349,42.904232500000006],[-85.6466265,42.9040852],[-85.6466155,42.9038505],[-85.6466058,42.903711],[-85.6465831,42.9032865],[-85.6465711,42.9030614],[-85.6465607,42.9027563],[-85.6465596,42.9026292],[-85.6465553,42.9024875],[-85.6465405,42.9020895],[-85.6465062,42.9015822],[-85.646476,42.901013],[-85.6464641,42.9007919],[-85.6464557,42.9006026],[-85.6464372,42.900361600000004],[-85.646399,42.89972],[-85.6463929,42.8996552],[-85.6463708,42.8994218],[-85.646343,42.899128000000005],[-85.646321,42.8989181],[-85.6463151,42.8988755],[-85.6462562,42.8984535],[-85.6462436,42.8983304],[-85.6462165,42.8978907],[-85.6461963,42.8976519],[-85.6461868,42.8974063],[-85.646183,42.897343],[-85.646169,42.8970754],[-85.6461614,42.8969784],[-85.646138,42.896519],[-85.6461306,42.8963289],[-85.6461257,42.896238],[-85.6461183,42.8960924],[-85.6461025,42.8958583],[-85.6461013,42.8958319],[-85.646087,42.8956202],[-85.646077,42.89549],[-85.646046,42.895045],[-85.646027,42.8946067],[-85.646016,42.894352],[-85.6460008,42.8940424],[-85.6459975,42.8939973],[-85.6459956,42.893951400000006],[-85.6459825,42.8936472],[-85.6459784,42.8935409],[-85.6459716,42.893408],[-85.6459669,42.89331440000001],[-85.6459549,42.8930798],[-85.6459457,42.8928995],[-85.645937,42.89267799999999],[-85.6459349,42.8925825],[-85.6459228,42.8922475],[-85.6459178,42.891989],[-85.6459204,42.8918409],[-85.6459207,42.8917984],[-85.6459207,42.8916723],[-85.6459289,42.8913071],[-85.6459315,42.8911932],[-85.6459293,42.8907358],[-85.6459305,42.89054050000001],[-85.6459274,42.8904278],[-85.6459333,42.889871],[-85.645907,42.889314199999994],[-85.6458977,42.8890307],[-85.6458869,42.8888758],[-85.6458803,42.8887244],[-85.6458561,42.8883314],[-85.6458457,42.8881514],[-85.6458391,42.8879066],[-85.6457899,42.8869482],[-85.6457759,42.88665319999999],[-85.6457635,42.8863758],[-85.64572843282644,42.88572915015799],[-85.6457811425832,42.885600916928794],[-85.6457685,42.885194],[-85.6457608,42.8848939],[-85.6457356,42.8843709],[-85.64572473538823,42.883990543284575],[-85.64575565525706,42.883881486505906],[-85.6456298,42.8836607],[-85.6457208,42.8834935],[-85.6457152,42.8833195],[-85.6457142,42.88328899999999],[-85.6457079,42.8830977],[-85.6457051,42.883009200000004],[-85.6456805,42.8827674],[-85.6456725,42.8826961],[-85.645648,42.88248690000001],[-85.6456277,42.8822858],[-85.6456235,42.88222999999999],[-85.645607,42.8820084],[-85.6456043,42.8819138],[-85.64557982006129,42.88183017779558],[-85.6455554555433,42.88171439906609],[-85.6455136,42.8808956],[-85.64549,42.880257],[-85.6454811,42.8800156],[-85.6454707,42.8797317],[-85.6454682,42.8796636],[-85.6454338,42.8787299],[-85.645426,42.8785187],[-85.645422,42.87841],[-85.6454159,42.8782406],[-85.6453934,42.8777655],[-85.6453865,42.8775185],[-85.6453754,42.8771177],[-85.645369,42.8769399],[-85.6453586,42.8766517],[-85.6453553,42.8765606],[-85.6453526,42.8764777],[-85.6453436,42.8762065],[-85.6453409,42.8761216],[-85.6453381,42.8760366],[-85.6453337,42.8759049],[-85.6453183,42.8754366],[-85.6452968,42.8747832],[-85.6452945,42.874699799999995],[-85.6452805,42.8741977],[-85.64528,42.874178],[-85.6452765,42.8740481],[-85.645269,42.873772],[-85.645255,42.873174],[-85.6452517,42.872935],[-85.6452423,42.8727704],[-85.64522,42.872161],[-85.6451954,42.8712773],[-85.645193,42.871193],[-85.6451909,42.8711267],[-85.645169,42.870427],[-85.6451594,42.8699615],[-85.645157,42.8698466],[-85.6451556,42.8697778],[-85.6451482,42.8694225],[-85.645146,42.869316],[-85.6451437,42.8692306],[-85.6451386,42.869042],[-85.6451321,42.8688043],[-85.6451314,42.8687788],[-85.645128,42.8686533],[-85.6451192,42.868327],[-85.6450958,42.867623],[-85.6450782,42.86702460000001],[-85.645069,42.8667112],[-85.645063,42.866507],[-85.645058,42.866312],[-85.6450521,42.86622380000001],[-85.645046,42.866133],[-85.6450254,42.8655841],[-85.645012,42.865229],[-85.644996,42.86439500000001],[-85.6449663,42.8633976],[-85.644961,42.86322],[-85.6449457,42.8627185],[-85.6449407,42.86255429999999],[-85.644926,42.86207199999999],[-85.644924,42.86201700000001],[-85.64492,42.861939],[-85.644914,42.861781],[-85.644901,42.8613501],[-85.64489,42.860986],[-85.644881,42.860713],[-85.6448642,42.8603375],[-85.64484,42.859795],[-85.6448387,42.859726099999996],[-85.644831,42.8593321],[-85.644815,42.85876],[-85.6447912,42.8581434],[-85.644788,42.85806],[-85.6447834,42.8579581],[-85.64476,42.857264],[-85.644736,42.85642],[-85.6447101,42.85583079999999],[-85.64465760271332,42.855127915195375],[-85.64453700484916,42.85481867611601],[-85.6444596,42.854817800000006],[-85.643137,42.854809],[-85.641976,42.85479900000001],[-85.6417482,42.854798],[-85.6403563,42.8547914],[-85.639697,42.854783999999995],[-85.6394875,42.8547825],[-85.6391424,42.8547801],[-85.6388961,42.8547785],[-85.6388504,42.8547782],[-85.6386369,42.85477670000001],[-85.6376541,42.8547699],[-85.6366618,42.8547625],[-85.636362,42.854760999999996],[-85.635607,42.854755],[-85.6355451,42.8547545],[-85.6352801,42.8547524],[-85.634855,42.854749],[-85.6341985,42.854746000000006],[-85.6330782,42.8547397],[-85.6323687,42.854735899999994],[-85.6310744,42.8547291],[-85.630476,42.854726],[-85.6296149,42.8547176],[-85.6295454,42.8547173],[-85.6294624,42.854717099999995],[-85.6290813,42.8547137],[-85.628656,42.854707],[-85.62778896244193,42.85470084501995],[-85.62762263029964,42.85468786360668],[-85.6274173,42.8546543],[-85.6268275,42.85463140000001],[-85.6264038,42.8546271],[-85.62589124502828,42.85462214869802],[-85.62577293445594,42.85448541704443],[-85.62565331881774,42.85442206593724],[-85.62553370317954,42.85435871483007],[-85.62541408754134,42.85429536372288],[-85.62529447190313,42.8542320126157],[-85.62517485626493,42.85416866150852],[-85.62485870566334,42.854101311606044],[-85.6248605,42.8538737],[-85.6248598,42.8536965],[-85.6248598,42.8533345],[-85.6248569,42.85299390000001],[-85.6248548,42.8524961],[-85.624852,42.8518476],[-85.6248454,42.8513977],[-85.6248431,42.851137],[-85.6248422,42.8510359],[-85.6248411,42.85051549999999],[-85.6248399,42.8499646],[-85.62483973250575,42.84987155695454],[-85.6248397,42.8498535],[-85.6247744,42.84967809999999],[-85.6247719,42.8490633],[-85.6247809,42.848605500000005],[-85.6247903,42.8482177],[-85.6247944,42.8479359],[-85.6248103,42.847473],[-85.6248916,42.8473731],[-85.62489264719609,42.84726580999947],[-85.6248938,42.8471477],[-85.6249027,42.8469031],[-85.6249011,42.84675300000001],[-85.6248916,42.8461906],[-85.6248872,42.84596930000001],[-85.6248753,42.8457456],[-85.6248794,42.8454384],[-85.62481324002918,42.84532035877815],[-85.62469460026027,42.84525601866062],[-85.62457596049136,42.84519167854308],[-85.62445732072244,42.84512733842554],[-85.62433868095353,42.845062998308],[-85.62422004118461,42.84499865819047],[-85.6241014014157,42.84493431807294],[-85.6239827616468,42.8448699779554],[-85.6240824,42.844805699999995],[-85.6246866,42.8447901],[-85.6247118,42.8447894],[-85.6247781,42.8447802],[-85.6247607,42.844726],[-85.6247137,42.8447154],[-85.6246759,42.8447147],[-85.624204,42.8447061],[-85.6234849,42.8447202],[-85.6232242,42.8447282],[-85.6230308,42.8447346],[-85.6228361,42.8447504],[-85.6225796,42.8447899],[-85.6221225,42.8447996],[-85.6213768491828,42.84477616549831]]}},{"type":"Feature","properties":{"routeId":"4","color":"#0066B3","dir":"Northbound","trips":197,"dests":"Central Station"},"geometry":{"type":"LineString","coordinates":[[-85.62123041150338,42.845556706613756],[-85.62124882300675,42.84566441322751],[-85.62126723451011,42.845772119841264],[-85.6212856460135,42.84587982645502],[-85.62130405751688,42.845987533068765],[-85.62132246902026,42.846095239682526],[-85.62139575618268,42.846109166462675],[-85.62145182723017,42.846008781387226],[-85.62150789827764,42.84590839631177],[-85.62156396932514,42.84580801123632],[-85.62162004037262,42.84570762616087],[-85.6216761114201,42.84560724108542],[-85.62173218246758,42.84550685600997],[-85.62178445860685,42.84540538202009],[-85.6218352508133,42.84530348222918],[-85.62188604301976,42.845201582438264],[-85.62193683522622,42.845099682647344],[-85.62198762743267,42.84499778285643],[-85.62203841963913,42.84489588306552],[-85.62217961249583,42.844798388030604],[-85.6225796,42.8447899],[-85.6228361,42.8447504],[-85.6230308,42.8447346],[-85.6232242,42.8447282],[-85.6234849,42.8447202],[-85.624204,42.8447061],[-85.6246759,42.8447147],[-85.6247137,42.8447154],[-85.6247607,42.844726],[-85.6247781,42.8447802],[-85.6247118,42.8447894],[-85.6246866,42.8447901],[-85.62421359841044,42.844802312553455],[-85.62436652826956,42.845033003350245],[-85.62450970444166,42.8450585059318],[-85.62465288061377,42.84508400851336],[-85.62486945450203,42.84517901376258],[-85.6248794,42.8454384],[-85.6248753,42.8457456],[-85.6248872,42.84596930000001],[-85.6248916,42.8461906],[-85.6249011,42.84675300000001],[-85.6249027,42.8469031],[-85.6248938,42.8471477],[-85.62489183039983,42.84734949448897],[-85.62482478476964,42.84745520137161],[-85.6248103,42.847473],[-85.6247944,42.8479359],[-85.6247903,42.8482177],[-85.6247809,42.848605500000005],[-85.6247719,42.8490633],[-85.6247744,42.84967809999999],[-85.6248915,42.8496843],[-85.6249303,42.8491727],[-85.62518958601488,42.84926658170457],[-85.62528126541419,42.8493515494585],[-85.62537294481349,42.849436517212425],[-85.6254646242128,42.84952148496636],[-85.6255563036121,42.84960645272029],[-85.6256479830114,42.849691420474215],[-85.62573966241071,42.84977638822814],[-85.62583134181,42.849861355982085],[-85.6259230212093,42.84994632373601],[-85.62606780049795,42.84991653049107],[-85.6265268,42.84992619999999],[-85.6265764,42.849931100000006],[-85.6266381,42.84993699999999],[-85.6268983,42.849996],[-85.6273583,42.8501356],[-85.6273976,42.85014819999999],[-85.6274937,42.85017890000001],[-85.627656,42.8502173],[-85.6278169,42.8502359],[-85.6281602,42.8502408],[-85.62831385805264,42.850456124532315],[-85.62844949871352,42.850498451531855],[-85.62861370450501,42.85054837799675],[-85.6286685,42.8507393],[-85.6287383,42.850875],[-85.6287906,42.8509448],[-85.6288965,42.8510392],[-85.6290695,42.8511356],[-85.62916419283152,42.85116316635034],[-85.62923955084317,42.85126728117009],[-85.62932267822184,42.85135689989757],[-85.62939284566666,42.85145214161321],[-85.62945883311585,42.85154919692345],[-85.62952482056504,42.85164625223369],[-85.62959080801423,42.851743307543934],[-85.62990258828228,42.85184163231282],[-85.629893,42.85285],[-85.629894,42.8528948],[-85.629899,42.853122],[-85.629932,42.853281],[-85.629989,42.853452],[-85.630117,42.853621],[-85.630223,42.853726],[-85.630323,42.853836],[-85.630384,42.853947999999995],[-85.630432,42.854105],[-85.630457,42.854237],[-85.63052559038921,42.85432436655239],[-85.63065540301648,42.85437566841605],[-85.63078521564374,42.85442697027972],[-85.63091502827099,42.854478272143375],[-85.63104293943813,42.854728937019146],[-85.6310744,42.8547291],[-85.6323687,42.854735899999994],[-85.6330782,42.8547397],[-85.6341985,42.854746000000006],[-85.634855,42.854749],[-85.6352801,42.8547524],[-85.6355451,42.8547545],[-85.635607,42.854755],[-85.636362,42.854760999999996],[-85.6366618,42.8547625],[-85.6376541,42.8547699],[-85.6386369,42.85477670000001],[-85.6388504,42.8547782],[-85.6388961,42.8547785],[-85.6391424,42.8547801],[-85.6394875,42.8547825],[-85.639697,42.854783999999995],[-85.6403563,42.8547914],[-85.6417482,42.854798],[-85.641976,42.85479900000001],[-85.643137,42.854809],[-85.64437275135113,42.854817222147204],[-85.64462861871722,42.854693023087094],[-85.6445918,42.8542712],[-85.644581,42.854147],[-85.6445787,42.8540869],[-85.64457425230218,42.853958684386065],[-85.64468981120775,42.853868486939994],[-85.64481688752207,42.853813589912654],[-85.64494396383638,42.85375869288531],[-85.64507104015068,42.85370379585795],[-85.6452034724509,42.85343719615106],[-85.6455385,42.8534418],[-85.645607,42.853443],[-85.6458406,42.8534377],[-85.645959,42.85343499999999],[-85.646232,42.85340300000001],[-85.646453,42.853281],[-85.646601,42.85312700000001],[-85.64662478194913,42.853095628067116],[-85.64677222085356,42.85306136727212],[-85.64691800022743,42.8530458169733],[-85.6470637796013,42.85303026667448],[-85.64720955897516,42.85301471637567],[-85.64735533834903,42.85299916607685],[-85.6475011177229,42.85298361577802],[-85.64764689709676,42.85296806547921],[-85.64779267647063,42.85295251518039],[-85.6479384558445,42.85293696488158],[-85.6480299609055,42.8530048845514],[-85.64810484399923,42.85309836760501],[-85.64817972709295,42.85319185065861],[-85.64825461018668,42.853285333712215],[-85.64832949328041,42.85337881676582],[-85.64840437637413,42.85347229981943],[-85.64847925946785,42.853565782873034],[-85.64855414256158,42.85365926592664],[-85.64882151097845,42.85384356130202],[-85.64875,42.853932],[-85.648707,42.854038],[-85.648695,42.85416],[-85.6486895,42.8543098],[-85.6486815,42.8545299],[-85.64867813931994,42.8546208755861],[-85.6484296293738,42.854841527418415],[-85.646548,42.85483000000001],[-85.64526289398223,42.85482314610124],[-85.64513182866821,42.85506101693951],[-85.64500258765264,42.855113096794106],[-85.64487334663708,42.85516517664869],[-85.64466671433613,42.8552499104759],[-85.6447101,42.85583079999999],[-85.644736,42.85642],[-85.64476,42.857264],[-85.6447834,42.8579581],[-85.644788,42.85806],[-85.6447912,42.8581434],[-85.644815,42.85876],[-85.644831,42.8593321],[-85.6448387,42.859726099999996],[-85.64484,42.859795],[-85.6448642,42.8603375],[-85.644881,42.860713],[-85.64489,42.860986],[-85.644901,42.8613501],[-85.644914,42.861781],[-85.64492,42.861939],[-85.644924,42.86201700000001],[-85.644926,42.86207199999999],[-85.6449407,42.86255429999999],[-85.6449457,42.8627185],[-85.644961,42.86322],[-85.6449663,42.8633976],[-85.644996,42.86439500000001],[-85.645012,42.865229],[-85.6450254,42.8655841],[-85.645046,42.866133],[-85.6450521,42.86622380000001],[-85.645058,42.866312],[-85.645063,42.866507],[-85.645069,42.8667112],[-85.6450782,42.86702460000001],[-85.6450958,42.867623],[-85.6451192,42.868327],[-85.645128,42.8686533],[-85.6451314,42.8687788],[-85.6451321,42.8688043],[-85.6451386,42.869042],[-85.6451437,42.8692306],[-85.645146,42.869316],[-85.6451482,42.8694225],[-85.6451556,42.8697778],[-85.645157,42.8698466],[-85.6451594,42.8699615],[-85.645169,42.870427],[-85.6451909,42.8711267],[-85.645193,42.871193],[-85.6451954,42.8712773],[-85.64522,42.872161],[-85.6452423,42.8727704],[-85.6452517,42.872935],[-85.645255,42.873174],[-85.645269,42.873772],[-85.6452765,42.8740481],[-85.64528,42.874178],[-85.6452805,42.8741977],[-85.6452945,42.874699799999995],[-85.6452968,42.8747832],[-85.6453183,42.8754366],[-85.6453337,42.8759049],[-85.6453381,42.8760366],[-85.6453409,42.8761216],[-85.6453436,42.8762065],[-85.6453526,42.8764777],[-85.6453553,42.8765606],[-85.6453586,42.8766517],[-85.645369,42.8769399],[-85.6453754,42.8771177],[-85.6453865,42.8775185],[-85.6453934,42.8777655],[-85.6454159,42.8782406],[-85.645422,42.87841],[-85.645426,42.8785187],[-85.6454338,42.8787299],[-85.6454682,42.8796636],[-85.6454707,42.8797317],[-85.6454811,42.8800156],[-85.64549,42.880257],[-85.6455136,42.8808956],[-85.6455568,42.8817407],[-85.6455238,42.8819196],[-85.6455246,42.8820946],[-85.645518,42.8824613],[-85.6455109,42.8826646],[-85.645515,42.8829769],[-85.6455201,42.8831135],[-85.6455263,42.8832652],[-85.6455289,42.8834491],[-85.6456298,42.8836607],[-85.6456322,42.8837383],[-85.64563433534784,42.883782408279096],[-85.64553678589942,42.883893600127465],[-85.64556870765473,42.884001651840734],[-85.6455807,42.8843962],[-85.6456021,42.8848738],[-85.6456131,42.8851464],[-85.6456408,42.8855889],[-85.64566230011084,42.885612094825476],[-85.64572874413189,42.88573489072941],[-85.6457635,42.8863758],[-85.6457759,42.88665319999999],[-85.6457899,42.8869482],[-85.6458391,42.8879066],[-85.6458457,42.8881514],[-85.6458561,42.8883314],[-85.6458803,42.8887244],[-85.6458869,42.8888758],[-85.6458977,42.8890307],[-85.645907,42.889314199999994],[-85.6459333,42.889871],[-85.6459274,42.8904278],[-85.6459305,42.89054050000001],[-85.6459293,42.8907358],[-85.6459315,42.8911932],[-85.6459289,42.8913071],[-85.6459207,42.8916723],[-85.6459207,42.8917984],[-85.6459204,42.8918409],[-85.6459178,42.891989],[-85.6459228,42.8922475],[-85.6459349,42.8925825],[-85.645937,42.89267799999999],[-85.6459457,42.8928995],[-85.6459549,42.8930798],[-85.6459669,42.89331440000001],[-85.6459716,42.893408],[-85.6459784,42.8935409],[-85.6459825,42.8936472],[-85.6459956,42.893951400000006],[-85.6459975,42.8939973],[-85.6460008,42.8940424],[-85.646016,42.894352],[-85.646027,42.8946067],[-85.646046,42.895045],[-85.646077,42.89549],[-85.646087,42.8956202],[-85.6461013,42.8958319],[-85.6461025,42.8958583],[-85.6461183,42.8960924],[-85.6461257,42.896238],[-85.6461306,42.8963289],[-85.646138,42.896519],[-85.6461614,42.8969784],[-85.646169,42.8970754],[-85.646183,42.897343],[-85.6461868,42.8974063],[-85.6461963,42.8976519],[-85.6462165,42.8978907],[-85.6462436,42.8983304],[-85.6462562,42.8984535],[-85.6463151,42.8988755],[-85.646321,42.8989181],[-85.646343,42.899128000000005],[-85.6463708,42.8994218],[-85.6463929,42.8996552],[-85.646399,42.89972],[-85.6464372,42.900361600000004],[-85.6464557,42.9006026],[-85.6464641,42.9007919],[-85.646476,42.901013],[-85.6465062,42.9015822],[-85.6465405,42.9020895],[-85.6465553,42.9024875],[-85.6465596,42.9026292],[-85.6465607,42.9027563],[-85.6465711,42.9030614],[-85.6465831,42.9032865],[-85.6466058,42.903711],[-85.6466155,42.9038505],[-85.6466265,42.9040852],[-85.6466349,42.904232500000006],[-85.6466399,42.904319],[-85.6466529,42.904547],[-85.6466682,42.90481690000001],[-85.6466792,42.9050097],[-85.6466964,42.9053113],[-85.6467181,42.9056052],[-85.6467367,42.9058765],[-85.646747,42.9060607],[-85.6467542,42.9061666],[-85.6467687,42.9064033],[-85.6467716,42.90655720000001],[-85.6467773,42.9067381],[-85.6467856,42.9070053],[-85.6468049,42.9074007],[-85.6468079,42.9074316],[-85.6468137,42.9075279],[-85.6468291,42.9079554],[-85.6468377,42.9081587],[-85.6468457,42.9082925],[-85.6468479,42.908318],[-85.646858,42.9085591],[-85.6468834,42.9091698],[-85.6468889,42.9092698],[-85.6469055,42.909458599999994],[-85.6469115,42.9095605],[-85.64693,42.909876],[-85.6469457,42.9101421],[-85.6469507,42.9102694],[-85.6469652,42.9105464],[-85.6469733,42.9107001],[-85.6469781,42.9107922],[-85.6469807,42.9108422],[-85.6469892,42.9110024],[-85.6469971,42.9111573],[-85.647011,42.911418],[-85.647021,42.911681],[-85.64703,42.9118413],[-85.6470331,42.9118971],[-85.6470421,42.91206420000001],[-85.6470636,42.9124661],[-85.647072,42.912592],[-85.6470753,42.9126543],[-85.647083,42.912798],[-85.6470914,42.9129399],[-85.6470992,42.9130599],[-85.6471098,42.9132444],[-85.6471144,42.913327],[-85.6471224,42.913461],[-85.647142,42.913792],[-85.647198,42.914666],[-85.647206,42.914785],[-85.6472119,42.9148762],[-85.6472244,42.9150713],[-85.6472549,42.9155457],[-85.647264,42.91568800000001],[-85.64731,42.916433000000005],[-85.6473141,42.9166302],[-85.647315,42.916671],[-85.6473216,42.91674799999999],[-85.647375,42.917367],[-85.647422,42.918178],[-85.6474526,42.9186697],[-85.6474604,42.918796],[-85.6474686,42.9189276],[-85.6474725,42.9189903],[-85.6474834,42.9191667],[-85.6475139,42.919658],[-85.6475199,42.9197542],[-85.6475238,42.9198168],[-85.6475337,42.9199761],[-85.647539,42.920061000000004],[-85.6475459,42.920147],[-85.647613,42.920989000000006],[-85.647667,42.921901],[-85.647671,42.9219638],[-85.6477247,42.9228006],[-85.647737,42.923003],[-85.6477433,42.9230906],[-85.647815,42.924082],[-85.647843,42.924512],[-85.647868,42.924834],[-85.647923,42.9255239],[-85.647928,42.9255831],[-85.6479293,42.9256048],[-85.6479388,42.92576210000001],[-85.6479546,42.9260296],[-85.6479658,42.926216499999995],[-85.64798,42.926454],[-85.6479865,42.9265821],[-85.6480012,42.9268711],[-85.6480261,42.9272538],[-85.6480304,42.927337],[-85.6480358,42.927441400000006],[-85.6480581,42.9276844],[-85.6480754,42.927872],[-85.6481037,42.9281797],[-85.648108,42.9282447],[-85.648135,42.9285141],[-85.6481716,42.9288788],[-85.648196,42.929129],[-85.6482324,42.929539],[-85.648274,42.930007],[-85.648316,42.930437],[-85.6483561,42.9308828],[-85.648363,42.93096],[-85.648404,42.931402],[-85.6484785,42.9321592],[-85.648495,42.932327],[-85.6485069,42.93252150000001],[-85.648513,42.932628],[-85.6485301,42.93282260000001],[-85.6485444,42.932985300000006],[-85.6485851,42.9334463],[-85.648601,42.933627],[-85.648624,42.933813],[-85.6486376,42.9339385],[-85.648665,42.9341967],[-85.6486951,42.93451410000001],[-85.6487028,42.9346007],[-85.6487119,42.9348102],[-85.648715,42.9348809],[-85.648722,42.934918999999994],[-85.648752,42.935474],[-85.6487577,42.9355409],[-85.6488234,42.9363122],[-85.648828,42.936366],[-85.6488336,42.9364446],[-85.648888,42.9372091],[-85.648893,42.93728],[-85.6488982,42.9373626],[-85.6489088,42.9375314],[-85.6489275,42.9378278],[-85.6489468,42.9381292],[-85.64895,42.938184],[-85.6489546,42.9382478],[-85.6489741,42.9386566],[-85.648999,42.939144999999996],[-85.6490487,42.939643999999994],[-85.649098,42.9401384],[-85.6491344,42.9406388],[-85.6491632,42.9410396],[-85.64917,42.941135],[-85.6491709,42.9412331],[-85.64918,42.942243],[-85.6491963,42.9427887],[-85.649192,42.943307],[-85.6492106,42.9442956],[-85.649215,42.944528],[-85.6492157,42.9446818],[-85.649216,42.944764],[-85.6492181,42.9448416],[-85.649228,42.945204],[-85.649243,42.945648],[-85.649248,42.94587299999999],[-85.649248,42.94655],[-85.6492515,42.947002],[-85.64925,42.947447],[-85.6492533,42.9477818],[-85.649256,42.9480066],[-85.6492595,42.9482919],[-85.6492605,42.9483721],[-85.6492597,42.948449],[-85.649257,42.948705],[-85.6492568,42.9487261],[-85.6492538,42.949013],[-85.649251,42.94928],[-85.6492568,42.9495517],[-85.6492687,42.9501072],[-85.64927,42.9501695],[-85.6492695,42.9502418],[-85.6492673,42.9506017],[-85.6492668,42.9506783],[-85.649265,42.950982],[-85.6492674,42.951459099999994],[-85.6492682,42.9516165],[-85.6492698,42.951917699999996],[-85.64927,42.951978],[-85.6492741,42.9520574],[-85.6492779,42.9527058],[-85.6492789,42.9531035],[-85.649277,42.953219],[-85.64928,42.9534386],[-85.6492837,42.9537104],[-85.6492849,42.9537708],[-85.6492828,42.9538463],[-85.649275,42.954656],[-85.649281,42.954921],[-85.6492947,42.9555236],[-85.649296,42.955591000000005],[-85.6492973,42.9556671],[-85.6493029,42.9559896],[-85.6493106,42.9564351],[-85.6493212,42.9570502],[-85.649329,42.9575009],[-85.64933,42.95756],[-85.649353,42.958691],[-85.64937070397569,42.95935296008117],[-85.64970179985012,42.95945241191088],[-85.64978691210874,42.95954270049555],[-85.6505095,42.9595245],[-85.65061,42.959522],[-85.6507078,42.9595199],[-85.6511308,42.9595108],[-85.651213,42.959509],[-85.6513263,42.95950510000001],[-85.651851,42.95948700000001],[-85.6524546,42.9594673],[-85.653075,42.959447],[-85.6541984,42.9594125],[-85.6542856,42.9594105],[-85.6543741,42.9594074],[-85.65476,42.9593969],[-85.6550272,42.9593896],[-85.655369,42.9593802],[-85.6554109,42.9593791],[-85.655524,42.959376],[-85.6566591,42.9593602],[-85.656749,42.9593599],[-85.656869,42.959364],[-85.6572579,42.9593684],[-85.6573763,42.9593707],[-85.6576149,42.9593777],[-85.6579104,42.9593843],[-85.6579828,42.9593863],[-85.6583362,42.9593932],[-85.6588845,42.9593972],[-85.6591214,42.9593989],[-85.6592231,42.9594052],[-85.6593796,42.95940790000001],[-85.660352,42.9594248],[-85.6613989,42.9594473],[-85.6615966,42.9594515],[-85.661667,42.959453],[-85.6617718,42.9594553],[-85.6622573,42.9594662],[-85.662324,42.9594677],[-85.6624142,42.9594697],[-85.6625215,42.9594721],[-85.6631763,42.9594867],[-85.6632951,42.959489399999995],[-85.66362661499218,42.959496329794405],[-85.6637792767246,42.95951907128334],[-85.6638719,42.9595285],[-85.6639287,42.9595408],[-85.6639747,42.9595558],[-85.6640261,42.9595754],[-85.6642415,42.9595698],[-85.6643032,42.9595556],[-85.6643503,42.95954789999999],[-85.6643985,42.9595432],[-85.6645637,42.9595125],[-85.6646147,42.9595133],[-85.6652166,42.959522500000006],[-85.665312,42.959524],[-85.6654375,42.9595269],[-85.6659553,42.959539],[-85.6664692,42.9595509],[-85.666603,42.959554],[-85.6667573,42.9595579],[-85.6672684,42.9595708],[-85.6676386,42.9595801],[-85.66774873846992,42.95958284460817],[-85.6678925472796,42.95958391266841],[-85.6679266,42.9595841],[-85.6679616,42.9595874],[-85.6680469,42.9595956],[-85.6681488,42.9596143],[-85.6683237,42.9596603],[-85.6684546,42.95967439999999],[-85.6685112,42.9596805],[-85.669,42.95969],[-85.6691,42.959692],[-85.6692125,42.9596931],[-85.66951034369895,42.95969599001625]]}},{"type":"Feature","properties":{"routeId":"2","color":"#ED1C24","dir":"Southbound","trips":195,"dests":"Meijer-Gaines Twp"},"geometry":{"type":"LineString","coordinates":[[-85.67051846473859,42.95970482071149],[-85.6702946,42.9597033],[-85.6701776,42.9597025],[-85.6700782,42.9597015],[-85.6692125,42.9596931],[-85.6691,42.959692],[-85.669,42.95969],[-85.6685112,42.9596805],[-85.6684626,42.9596753],[-85.6683237,42.9596603],[-85.6681488,42.9596143],[-85.6680469,42.9595956],[-85.6679616,42.9595874],[-85.6679266,42.9595841],[-85.66787096283267,42.959583793927564],[-85.66772374584839,42.95958222180169],[-85.6676386,42.9595801],[-85.6672684,42.9595708],[-85.6667573,42.9595579],[-85.666603,42.959554],[-85.6664692,42.9595509],[-85.6659553,42.959539],[-85.6654375,42.9595269],[-85.665312,42.959524],[-85.6652166,42.959522500000006],[-85.6646147,42.9595133],[-85.6645637,42.9595125],[-85.66419033332267,42.95937726556189],[-85.6641769,42.9593181],[-85.6641734,42.9592691],[-85.6641662,42.9591829],[-85.6641583,42.9590321],[-85.6641572,42.9589798],[-85.664162,42.9587857],[-85.6641632,42.9585271],[-85.6641597,42.9584237],[-85.6641538,42.9583047],[-85.6641525,42.958224],[-85.664141,42.958150200000006],[-85.6641382,42.957917099999996],[-85.6641341,42.95781950000001],[-85.6641331,42.9577158],[-85.6641362,42.9575943],[-85.6641269,42.957282],[-85.6641099,42.9569613],[-85.6640947,42.9566456],[-85.6640914,42.9566166],[-85.6640944,42.9564614],[-85.6640997,42.9564356],[-85.6641145,42.95639909999999],[-85.6641224,42.9563586],[-85.664126,42.95618900000001],[-85.664126,42.9561488],[-85.6641341,42.9560947],[-85.6641515,42.956060400000005],[-85.6641703,42.9560309],[-85.6641831,42.956000100000004],[-85.6641756,42.9557557],[-85.6641448,42.9557021],[-85.6641184,42.9556529],[-85.6641047,42.9556128],[-85.6640818,42.9555225],[-85.6640697,42.9554656],[-85.6640415,42.9554019],[-85.6640346,42.954838],[-85.6640288,42.9543699],[-85.664028,42.954301],[-85.6640273,42.9542555],[-85.6640199,42.9537704],[-85.6640103,42.9531409],[-85.664009,42.953057],[-85.6640091,42.9529918],[-85.6640095,42.9526197],[-85.66401,42.95224699999999],[-85.6639941,42.9516385],[-85.663992,42.951559],[-85.6639928,42.9515032],[-85.664001,42.950952],[-85.6639967,42.9506721],[-85.6639947,42.9505413],[-85.6639894,42.9501909],[-85.663988,42.950098999999994],[-85.6639875,42.950036],[-85.6639812,42.9492833],[-85.66397900440536,42.949042901647914],[-85.6638818402773,42.94898324940035],[-85.66375681517971,42.948925851147784],[-85.66363920883694,42.948664415173184],[-85.6634359,42.9486604],[-85.6633638,42.948659],[-85.6628695,42.9486501],[-85.662736,42.948647599999994],[-85.6623313,42.94863960000001],[-85.6622285,42.9486373],[-85.6621423,42.9486353],[-85.6619942,42.9486304],[-85.6617425,42.9486266],[-85.6616271,42.9486234],[-85.6615319,42.9486227],[-85.661079,42.9486139],[-85.6605175,42.948603000000006],[-85.6603915,42.9486],[-85.660294,42.94859879999999],[-85.6597569,42.9485871],[-85.6595105,42.9485675],[-85.6594004,42.9485655],[-85.6591659,42.9485611],[-85.659059,42.9485591],[-85.6589751,42.9485575],[-85.658576,42.9485501],[-85.6585252,42.9485492],[-85.657954,42.9485486],[-85.6578846,42.9485479],[-85.6577955,42.9485471],[-85.6577296,42.948546],[-85.6567249,42.9485288],[-85.6566022,42.94852670000001],[-85.6565133,42.9485249],[-85.6556406,42.9485071],[-85.6553813,42.9485028],[-85.6552002,42.9484989],[-85.6547401,42.9484902],[-85.6542665,42.9484797],[-85.6541632,42.9484784],[-85.6540494,42.9484764],[-85.6535731,42.948468],[-85.6524762,42.948447200000004],[-85.6518192,42.9484349],[-85.6517027,42.9484327],[-85.6516039,42.9484306],[-85.6502421,42.9484023],[-85.6497972,42.9483766],[-85.6493782,42.948373],[-85.6492605,42.9483721],[-85.649161,42.9483714],[-85.6490386,42.9483706],[-85.6489081,42.9483698],[-85.6487936,42.948369],[-85.6483282,42.9483782],[-85.6480167,42.94837609999999],[-85.6479296,42.9483755],[-85.6464349,42.9483644],[-85.646328,42.9483632],[-85.6457314,42.9483568],[-85.644359,42.9483446],[-85.6442743,42.948344],[-85.6430877,42.9483362],[-85.6430125,42.9483354],[-85.6418963,42.948323499999994],[-85.6403855,42.9483132],[-85.64000786781943,42.948297194526134],[-85.63987744475132,42.948232595141796],[-85.63983037517598,42.948129729004336],[-85.63978330560063,42.94802686286687],[-85.63945723418354,42.94792729476251],[-85.6394557,42.9478568],[-85.6394522,42.9476681],[-85.6394485,42.9473966],[-85.6394411,42.9469412],[-85.6394367,42.9464866],[-85.6394313,42.9460363],[-85.6394271,42.9456598],[-85.6394264,42.9455805],[-85.6394236,42.9454213],[-85.6394184,42.945129],[-85.6394186,42.9450351],[-85.6394193,42.944745700000006],[-85.6394194,42.9446686],[-85.6394178,42.944588],[-85.6394084,42.9437597],[-85.6393989,42.9429313],[-85.639398,42.9428542],[-85.6393982,42.9428008],[-85.6393969,42.9427725],[-85.6394015,42.9419476],[-85.6394047,42.9411098],[-85.639405,42.941041],[-85.6394005,42.9409531],[-85.6393985,42.940914199999995],[-85.639376,42.9405875],[-85.6393686,42.9404795],[-85.6393512,42.9402389],[-85.6393181,42.9397657],[-85.639311,42.939665],[-85.6393059,42.93958229999999],[-85.6392662,42.938940099999996],[-85.639262,42.938872],[-85.63921394035731,42.93821687118647],[-85.638705,42.938059],[-85.6387,42.937995699999995],[-85.6386681,42.9375875],[-85.6386381,42.93720470000001],[-85.6386257,42.9370499],[-85.6385693,42.9363426],[-85.6385685,42.9363148],[-85.638542,42.93598920000001],[-85.6385084,42.9355799],[-85.638501,42.935489],[-85.6384969,42.9354203],[-85.6384556,42.9347275],[-85.638441,42.934483],[-85.638438,42.934433],[-85.6384572178491,42.93413230694474],[-85.6386814309447,42.933928005634364],[-85.6385882,42.9337966],[-85.638558,42.933754],[-85.63837,42.933505],[-85.6382047,42.9332731],[-85.637817,42.932729],[-85.637683,42.932553],[-85.6374804,42.93227019999999],[-85.636993,42.93158999999999],[-85.636407,42.930796],[-85.6363599,42.9307305],[-85.636138,42.93042189999999],[-85.63578,42.929924],[-85.635187,42.929092],[-85.634928,42.928733],[-85.634494,42.928148],[-85.6343362,42.9279311],[-85.6341309,42.9276454],[-85.6340445,42.9275289],[-85.633956,42.9274068],[-85.6338649,42.9272706],[-85.633772,42.927153],[-85.6337373,42.92676780000001],[-85.6337296,42.9266798],[-85.6337063,42.9264326],[-85.6336502,42.9257717],[-85.633643,42.925687],[-85.6336364,42.9256113],[-85.633573,42.92488],[-85.6335411,42.9244875],[-85.6335282,42.9243284],[-85.633499,42.923969],[-85.6334891,42.9238448],[-85.633469,42.923592],[-85.633429,42.923157],[-85.6333669,42.9223719],[-85.6333123,42.9217999],[-85.6333036,42.9217082],[-85.633214,42.9209077],[-85.6331904,42.9206972],[-85.6331741,42.9205519],[-85.6331132,42.920008],[-85.6331015,42.9199031],[-85.6330289,42.9197556],[-85.63302,42.9197375],[-85.632864,42.9195204],[-85.6328056,42.91943929999999],[-85.632309,42.9187885],[-85.631601,42.917762],[-85.63119,42.917256],[-85.6300471,42.9157351],[-85.629896,42.915534],[-85.6297678,42.915360400000004],[-85.6292203,42.914619],[-85.628888,42.914169],[-85.6286512,42.913804799999994],[-85.6285253,42.9136057],[-85.6283548,42.9132569],[-85.628215,42.912952],[-85.6281309,42.912797000000005],[-85.628043,42.91263500000001],[-85.627994,42.91250290000001],[-85.6278974,42.9122524],[-85.6278006,42.9119586],[-85.6277791,42.9118878],[-85.6277658,42.911842],[-85.6277111,42.9116537],[-85.627667,42.911502],[-85.6276491,42.9114098],[-85.6276058,42.911186699999995],[-85.627583,42.911069],[-85.6275695,42.9109614],[-85.6275197,42.9105998],[-85.627508,42.910485],[-85.6275071,42.9104109],[-85.6275062,42.9103387],[-85.6275,42.909817],[-85.627489,42.909676],[-85.62748,42.909449],[-85.627429,42.90865],[-85.627375,42.907615],[-85.62731,42.906787],[-85.6272864,42.906411500000004],[-85.6272685,42.9061222],[-85.6272621,42.9060258],[-85.6272411,42.905820500000004],[-85.6272336,42.9056418],[-85.6272247,42.9054326],[-85.6272149,42.9052735],[-85.6272019,42.9051014],[-85.6271426,42.9041164],[-85.6270748,42.9032597],[-85.6270698,42.9030627],[-85.6270509,42.9028353],[-85.6270286,42.90240860000001],[-85.62699,42.901818],[-85.6269512,42.9014281],[-85.6269329,42.9011155],[-85.6268198,42.8998527],[-85.6267978,42.8993747],[-85.6267798,42.8991317],[-85.6267785,42.898993],[-85.6267325,42.89817939999999],[-85.6267038,42.8977157],[-85.6266748,42.8974067],[-85.6266638,42.8972407],[-85.6266358,42.8968227],[-85.6266238,42.8966367],[-85.6265872,42.89595719999999],[-85.6265417,42.8953643],[-85.626516,42.895026],[-85.6265056,42.8947146],[-85.626488,42.8941902],[-85.6264833,42.8940878],[-85.6264688,42.8938537],[-85.626435,42.8932756],[-85.6264318,42.8932207],[-85.6264188,42.8929487],[-85.6263917,42.8923109],[-85.6263747,42.8919656],[-85.6263391,42.8913735],[-85.6263378,42.8911157],[-85.6263315,42.8908783],[-85.6263172,42.8904256],[-85.6262978,42.89013210000001],[-85.6262578,42.8894927],[-85.6262528,42.8894207],[-85.6262368,42.8891967],[-85.6262184,42.8887519],[-85.6262028,42.8884737],[-85.6261839,42.8880612],[-85.626179,42.887955],[-85.6261705,42.8877705],[-85.6261647,42.8875641],[-85.6261564,42.887395],[-85.6261377,42.8870113],[-85.6261358,42.8869657],[-85.6261267,42.8866927],[-85.6261238,42.8866047],[-85.6261188,42.8865447],[-85.626099,42.8862219],[-85.6260978,42.8861947],[-85.6260869,42.8860226],[-85.6260689,42.8857396],[-85.6260432,42.885333900000006],[-85.6261486,42.8851831],[-85.6261402,42.8850663],[-85.6261184,42.8847618],[-85.6261042,42.8845761],[-85.6260765,42.8841848],[-85.626074,42.884149799999996],[-85.6260496,42.8838275],[-85.6260425,42.8837331],[-85.6260419,42.8836032],[-85.6260406,42.8835332],[-85.6260229,42.88316249999999],[-85.6260118,42.8825833],[-85.6260072,42.8824702],[-85.6260066,42.882412],[-85.6259957,42.8821476],[-85.6258808,42.8819307],[-85.6258758,42.8816917],[-85.6258468,42.881189],[-85.6258325,42.8807077],[-85.6258299,42.8806558],[-85.6258025,42.8800316],[-85.6257602,42.8790846],[-85.6257293,42.8782223],[-85.6257166,42.8779214],[-85.6256922,42.8773425],[-85.6257735,42.8772111],[-85.6257905,42.8771837],[-85.6257542,42.8764334],[-85.6257159,42.8756997],[-85.6256737,42.8748682],[-85.6255895,42.8732887],[-85.6255829,42.8729538],[-85.6255778,42.87280340000001],[-85.6255633,42.8723726],[-85.6255529,42.8720624],[-85.6255243,42.8715149],[-85.6255153,42.8712284],[-85.625507,42.87104599999999],[-85.6254903,42.8706788],[-85.6254727,42.8702924],[-85.6254415,42.869608],[-85.6254276,42.8693021],[-85.6254216,42.86917],[-85.6254156,42.8690456],[-85.6254043,42.8688099],[-85.6254008,42.8687374],[-85.6253843,42.8683946],[-85.6253786,42.8682752],[-85.6253426,42.8675252],[-85.6253333,42.8672648],[-85.6253134,42.86670639999999],[-85.6253046,42.86645969999999],[-85.6252692,42.8654649],[-85.6252425,42.8646953],[-85.6252304,42.8643435],[-85.6252234,42.864141],[-85.625209,42.8637231],[-85.6251989,42.8634279],[-85.6251967,42.8633203],[-85.625195,42.8632365],[-85.6251925,42.8631142],[-85.6251914,42.8630548],[-85.6251832,42.86264810000001],[-85.625172,42.8621607],[-85.6251595,42.86161409999999],[-85.6251566,42.8614871],[-85.625155,42.8613942],[-85.625116,42.8591289],[-85.6250811,42.85848549999999],[-85.625074,42.858347],[-85.6250649,42.8580547],[-85.6250648,42.8578028],[-85.6250647,42.85764249999999],[-85.6250655,42.8573304],[-85.6250657,42.8572304],[-85.6250581,42.8570403],[-85.6250469,42.85676230000001],[-85.625039,42.8565653],[-85.6250279432296,42.85628905216248],[-85.624914,42.856141],[-85.6249069,42.85591380000001],[-85.6248997,42.8556866],[-85.6248795,42.8550269],[-85.6248746,42.8548667],[-85.6248733,42.8548461],[-85.6248704,42.8547546],[-85.6248636,42.8546174],[-85.6248622,42.85454699999999],[-85.6248618,42.8545241],[-85.6248578,42.8542185],[-85.6248585,42.8541274],[-85.6248605,42.8538737],[-85.6248598,42.8536965],[-85.6248598,42.8533345],[-85.6248569,42.85299390000001],[-85.6248548,42.8524961],[-85.624852,42.8518476],[-85.6248454,42.8513977],[-85.6248431,42.851137],[-85.6248422,42.8510359],[-85.6248411,42.85051549999999],[-85.6248399,42.8499646],[-85.62483975615838,42.84988469598205],[-85.6248397,42.8498535],[-85.6247744,42.84967809999999],[-85.6247719,42.8490633],[-85.6247809,42.848605500000005],[-85.6247903,42.8482177],[-85.6247944,42.8479359],[-85.6248103,42.847473],[-85.6248916,42.8473731],[-85.62489251822633,42.84727902353659],[-85.6248938,42.8471477],[-85.6249027,42.8469031],[-85.6249011,42.84675300000001],[-85.6248916,42.8461906],[-85.6248872,42.84596930000001],[-85.6248753,42.8457456],[-85.6248794,42.8454384],[-85.62487519234857,42.84532866121391],[-85.62480055869183,42.845238849493924],[-85.62468109865657,42.845175339110554],[-85.62456163862132,42.84511182872719],[-85.62444217858605,42.845048318343814],[-85.62432271855077,42.84498480796045],[-85.62420325851551,42.84492129757709],[-85.62408379848026,42.84485778719372],[-85.62396433844499,42.844794276810354],[-85.62384226711308,42.844713192801706],[-85.6234849,42.8447202],[-85.6232242,42.8447282],[-85.6230308,42.8447346],[-85.6228361,42.8447504],[-85.6225796,42.8447899],[-85.6221225,42.8447996],[-85.62134305361045,42.844775103362544]]}},{"type":"Feature","properties":{"routeId":"9","color":"#B9E5FB","dir":"Southbound","trips":188,"dests":"Central Station"},"geometry":{"type":"LineString","coordinates":[[-85.6925018722436,43.0354023339366],[-85.6922436,43.0354192],[-85.6911117,43.0354231],[-85.69014487347881,43.035404602127564],[-85.69003969252728,43.035179379599896],[-85.68997422574988,43.035082132957086],[-85.68964035103724,43.03498581186557],[-85.6896388,43.0347415],[-85.6896378,43.03457710000001],[-85.689635,43.034142],[-85.6896287,43.034005],[-85.6896208,43.0338322],[-85.6896174,43.0337603],[-85.6896128,43.033691],[-85.689569,43.033043],[-85.6895756,43.0329171],[-85.689589,43.032663],[-85.6895558,43.0320239],[-85.6895537,43.0319831],[-85.6895511,43.0319323],[-85.689534,43.031603200000006],[-85.6895104,43.031149],[-85.6895079,43.0311001],[-85.6894998,43.030944],[-85.689489,43.030735],[-85.6894773,43.0305895],[-85.68946,43.0303744],[-85.6894534,43.0302924],[-85.689447,43.030213],[-85.6894339,43.0299646],[-85.6894277,43.0298467],[-85.68942590872355,43.02981247033529],[-85.68973906767322,43.029695973073146],[-85.68976870364,43.02958968035552],[-85.68979950147208,43.02948352176488],[-85.68983029930415,43.029377363174255],[-85.68986109713623,43.02927120458362],[-85.6898918949683,43.029165045993],[-85.69003795453487,43.02908361555032],[-85.6902639,43.0290873],[-85.6904476,43.02909029999999],[-85.6905693,43.0290926],[-85.6908489,43.0290968],[-85.6914222,43.0291062],[-85.69157785541425,43.028866008083256],[-85.69169497780113,43.02880017525459],[-85.69181210018802,43.02873434242593],[-85.69192922257491,43.02866850959726],[-85.69204634496178,43.0286026767686],[-85.69216346734866,43.028536843939925],[-85.69228058973555,43.028471011111264],[-85.69255050403216,43.02838885740957],[-85.6925523,43.0283051],[-85.692555,43.028175],[-85.692588,43.028026],[-85.6926201,43.0279691],[-85.692663,43.027893],[-85.692868,43.027577],[-85.6928978,43.0275078],[-85.6929878,43.0272989],[-85.69271686214128,43.02713012726203],[-85.69272843498732,43.02702190484759],[-85.69274000783334,43.026913682433154],[-85.69275158067938,43.02680546001871],[-85.6927631535254,43.02669723760426],[-85.69275187323043,43.02658911728853],[-85.69273852099656,43.026481006229396],[-85.69272516876268,43.02637289517026],[-85.6927118165288,43.026264784111135],[-85.6929104821515,43.026055222982784],[-85.692868,43.02600700000001],[-85.692775,43.025944],[-85.692677,43.025889],[-85.692567,43.025853],[-85.692448,43.025831000000004],[-85.6922,43.02581500000001],[-85.6920744,43.0258113],[-85.691625,43.025798],[-85.6911754,43.0257939],[-85.6902428,43.0257855],[-85.6899111,43.0257825],[-85.6894217,43.0257781],[-85.68921515001358,43.02577620338885],[-85.68906923546854,43.02577803148853],[-85.6889554,43.0257799],[-85.6884669,43.0257879],[-85.6882773,43.0257911],[-85.68817,43.0257929],[-85.687758,43.025800000000004],[-85.687185,43.0258106],[-85.687078,43.025812],[-85.68658710778492,43.0258400056915],[-85.68644941662129,43.025639833628084],[-85.68633869955694,43.02556823306647],[-85.6862279824926,43.02549663250487],[-85.68611726542825,43.02542503194326],[-85.6860065483639,43.025353431381646],[-85.68589583129956,43.025281830820035],[-85.68578511423523,43.02521023025842],[-85.68561365493733,43.02510741223755],[-85.685626,43.024912],[-85.6856287,43.024269],[-85.68563,43.02396600000001],[-85.685658,43.023765],[-85.68567,43.023676],[-85.685915,43.02291],[-85.685931,43.022845],[-85.685965,43.022704],[-85.685984,43.022492],[-85.6859554,43.0217678],[-85.685956,43.021709],[-85.685984,43.021538],[-85.6861122568901,43.02144764550245],[-85.68622054928184,43.02137405832677],[-85.68632884167361,43.021300471151086],[-85.68643713406536,43.02122688397541],[-85.68654542645712,43.02115329679974],[-85.68669745844475,43.02105253646612],[-85.686754,43.021061],[-85.6868854,43.0210718],[-85.687053,43.021069],[-85.6876029,43.0210576],[-85.68829356105716,43.021047522488814],[-85.68840700886471,43.02095759465639],[-85.68851995375262,43.02088790968533],[-85.68863289864052,43.02081822471426],[-85.6890250338852,43.02074346920389],[-85.6890181,43.020460299999996],[-85.6890159,43.0202677],[-85.6890083,43.02006159999999],[-85.6890069,43.019934],[-85.688998,43.019658],[-85.6889653,43.0187282],[-85.6889588,43.0185449],[-85.6889534,43.0183753],[-85.6889513,43.0177879],[-85.6889403,43.0174678],[-85.6889279,43.017104],[-85.6889088,43.0167658],[-85.688905,43.0165371],[-85.6888904,43.0161906],[-85.6888663,43.0155275],[-85.6888529,43.0154055],[-85.688804,43.014192],[-85.6888019,43.0140818],[-85.6887991,43.0139517],[-85.6887954,43.0137711],[-85.6887925,43.013631],[-85.6887909,43.0135551],[-85.6887881,43.0134197],[-85.6887876,43.0133936],[-85.6887811,43.013083],[-85.6887734,43.0127091],[-85.688766,43.0123543],[-85.6887617,43.0121432],[-85.6887606,43.0119661],[-85.68875,43.011579000000005],[-85.6887417,43.01129780000001],[-85.6887363,43.0111141],[-85.6887324,43.0109832],[-85.6887253,43.0107413],[-85.68872,43.010562],[-85.688719,43.0105068],[-85.6887148,43.0102776],[-85.68871,43.010014700000006],[-85.6887085,43.0099603],[-85.688704,43.0097956],[-85.6887007,43.0096099],[-85.6886991,43.0095313],[-85.6886912,43.009143],[-85.6886887,43.00902190000001],[-85.6886864,43.0089084],[-85.688682,43.008691],[-85.6886801,43.008637],[-85.6886539,43.007891799999996],[-85.6886639,43.00698890000001],[-85.6886358,43.0064563],[-85.6886306,43.00629],[-85.6886247,43.0061115],[-85.6886149,43.0059078],[-85.6886048,43.0056444],[-85.6886,43.005565700000005],[-85.6885744,43.0053215],[-85.688569,43.00513],[-85.6885631,43.0049685],[-85.6885621,43.0049191],[-85.6885607,43.0048453],[-85.6885563,43.004698700000006],[-85.6885494,43.0044619],[-85.6885458,43.00434039999999],[-85.6885312,43.0038422],[-85.6885246,43.0036161],[-85.6885193,43.0034343],[-85.688517,43.003357],[-85.688508,43.002853],[-85.6885029,43.0025679],[-85.688501,43.002461],[-85.6885004,43.002394200000005],[-85.6884982,43.0021491],[-85.6884972,43.002041899999995],[-85.688496,43.001901],[-85.688494,43.001789],[-85.6884912,43.0016391],[-85.6884879,43.00145650000001],[-85.6884868,43.00139620000001],[-85.6884788,43.00095149999999],[-85.6884741,43.0006373],[-85.6884703,43.0004494],[-85.6884746,43.0000896],[-85.6884667,42.9997009],[-85.6884431,42.9993012],[-85.6884402,42.99921160000001],[-85.6884259,42.9987727],[-85.6884177,42.9985191],[-85.688415,42.998436],[-85.6883987,42.99756120000001],[-85.6883963,42.9974352],[-85.6883901,42.9970921],[-85.688386,42.9969556],[-85.6883784,42.9966633],[-85.6883686,42.9963035],[-85.6883617,42.996050200000006],[-85.6883564,42.9958549],[-85.6883491,42.9955855],[-85.688348,42.995545],[-85.6883386,42.99523860000001],[-85.688336,42.995153200000004],[-85.6883347,42.9951103],[-85.688295,42.99381399999999],[-85.6882847,42.9935065],[-85.6882714,42.993109399999994],[-85.6882688,42.9930319],[-85.6882657,42.9929423],[-85.6882637,42.9928813],[-85.6882562,42.99265739999999],[-85.6882532,42.9925691],[-85.68825,42.992473],[-85.6882502,42.9923966],[-85.6882508,42.9921916],[-85.6882509,42.9921315],[-85.6882511,42.9920708],[-85.688234,42.991575],[-85.6882309,42.99135269999999],[-85.68822,42.99079],[-85.6882056,42.9902451],[-85.6882018,42.9900971],[-85.6881957,42.9898674],[-85.6881935,42.9897847],[-85.6881712,42.98893739999999],[-85.688169,42.988853],[-85.6881674,42.9887947],[-85.6881637,42.988658],[-85.6881596,42.9885049],[-85.688144,42.987925],[-85.6881403,42.9878207],[-85.6881295,42.9875136],[-85.6881162,42.9871381],[-85.688113,42.987047999999994],[-85.6881111,42.986977],[-85.6880992,42.9865258],[-85.6880946,42.986299100000004],[-85.6880882,42.9861567],[-85.6880864,42.9860581],[-85.6880797,42.9858582],[-85.6880756,42.9857358],[-85.6880746,42.9857072],[-85.6880683,42.9855197],[-85.6880625,42.985347],[-85.688059,42.985244],[-85.6880564,42.985155400000004],[-85.6880459,42.984798],[-85.6880379,42.9844956],[-85.6880102,42.98344790000001],[-85.688008,42.983364],[-85.6880059,42.9832884],[-85.687964,42.981744],[-85.6879628,42.9816718],[-85.687961,42.981568],[-85.687958,42.9814792],[-85.68793,42.980647],[-85.687905,42.979734],[-85.687883,42.97885],[-85.6879117,42.9780889],[-85.6879148,42.9780079],[-85.6879518,42.97794],[-85.6879598,42.977864],[-85.6879503,42.9775586],[-85.6879385,42.9771784],[-85.687936,42.9770977],[-85.6879312,42.97701990000001],[-85.6879164,42.97663450000001],[-85.6879065,42.9762622],[-85.6879044,42.9761824],[-85.6879024,42.9761039],[-85.68789908201008,42.97597322974984],[-85.68817602363893,42.97576886019548],[-85.688126,42.975704],[-85.6879853,42.9755365],[-85.6876683,42.9751592],[-85.687595,42.975072],[-85.6875345,42.9749986],[-85.6873285,42.9747488],[-85.687162,42.974547],[-85.6870321,42.9744009],[-85.6869175,42.9742733],[-85.686658,42.97398],[-85.686512,42.973784],[-85.686397,42.97363],[-85.6861994,42.9733903],[-85.6860863,42.9732531],[-85.685815,42.972924],[-85.6857502,42.9728565],[-85.6855992,42.9726508],[-85.685473,42.972479],[-85.6852656,42.9722282],[-85.6850772,42.97200039999999],[-85.685,42.971907],[-85.6849417,42.9718395],[-85.6847385,42.9716036],[-85.6847156,42.9715775],[-85.6846008,42.9714447],[-85.6843114,42.97111],[-85.6841324,42.9709028],[-85.68400874963402,42.97075965092245],[-85.68369475898403,42.97066790883118],[-85.6834295,42.9706634],[-85.6828235,42.9706531],[-85.6826878,42.97065080000001],[-85.6825762,42.9706479],[-85.6822235,42.9706388],[-85.6820356,42.9706336],[-85.6818499,42.970629],[-85.681729,42.970626],[-85.6816506,42.970622],[-85.6810447,42.970608],[-85.6804044,42.970599],[-85.6803086,42.9705976],[-85.6802013,42.9705954],[-85.6800882,42.970593599999994],[-85.6799666,42.9705897],[-85.6797632,42.9705862],[-85.6795812,42.9705828],[-85.6790759,42.9705735],[-85.678942,42.970571],[-85.6788094,42.9705672],[-85.6778241,42.9705386],[-85.6776515,42.9705354],[-85.6768651,42.970521],[-85.6759591,42.9704995],[-85.6757059,42.9704886],[-85.6748634,42.9704306],[-85.67415362505199,42.970378546478855],[-85.67401018430495,42.97036846288255],[-85.6738644,42.9703621],[-85.6731124,42.9703684],[-85.6728911,42.9703693],[-85.6725545824724,42.97037477343814],[-85.67219149149284,42.97020571366906],[-85.672186,42.9700814],[-85.6721748,42.9698283],[-85.6721626,42.9695536],[-85.6721396,42.9690329],[-85.6721883,42.9689424],[-85.6721908,42.9688908],[-85.6721956,42.9687902],[-85.6721996,42.9687058],[-85.672153,42.9685965],[-85.6721595,42.968525],[-85.6722132,42.9680704],[-85.6722202,42.9677878],[-85.6722042,42.967324],[-85.6721987,42.9672195],[-85.6721954,42.9671488],[-85.6721757,42.9667358],[-85.6721631,42.96646870000001],[-85.67216,42.96638],[-85.6721591,42.9662312],[-85.6721479,42.96531939999999],[-85.6721401,42.9650196],[-85.6721376,42.964923199999994],[-85.6721846,42.96482],[-85.6721969,42.964793],[-85.672269,42.9646848],[-85.6723131,42.9646349],[-85.6723732,42.9645791],[-85.672714,42.9642624],[-85.6727667,42.9642129],[-85.6728741,42.9640913],[-85.6730008,42.9639153],[-85.6730677,42.9638191],[-85.6731007,42.9637716],[-85.6733699,42.96336269999999],[-85.67344028041929,42.9632582257087],[-85.6734954,42.963162000000004],[-85.673658,42.962907],[-85.6737351,42.9627885],[-85.673901,42.96253819999999],[-85.67394289995528,42.962474969158386],[-85.67392244507636,42.962357560863595],[-85.67386258204345,42.962258372258624],[-85.67352753795015,42.96216670952171],[-85.6735236,42.9620885],[-85.673516,42.961935000000004],[-85.6734806,42.9612223],[-85.6734804,42.9611828],[-85.6734795,42.9609822],[-85.673479,42.960878],[-85.67347179868632,42.96066973473506]]}},{"type":"Feature","properties":{"routeId":"11","color":"#0066B3","dir":"Southbound","trips":182,"dests":"Central Station"},"geometry":{"type":"LineString","coordinates":[[-85.62841433006749,43.03156429313584],[-85.62855216013496,43.03160258627168],[-85.62868999020245,43.031640879407526],[-85.62882782026992,43.03167917254337],[-85.6289656503374,43.03171746567921],[-85.62908722796205,43.031724277395035],[-85.62940858954306,43.031629228030674],[-85.6294123,43.0311565],[-85.629414,43.030941],[-85.6293919,43.0308462],[-85.629357,43.0307769],[-85.62944047451279,43.03053043595994],[-85.6296487,43.0303765],[-85.6298037,43.030249700000006],[-85.6299308,43.0301383],[-85.6301053,43.0299669],[-85.6301817,43.0298874],[-85.6304149,43.029619999999994],[-85.6307025,43.0293063],[-85.6307354,43.0292682],[-85.6309065,43.029062],[-85.6311643,43.0287513],[-85.6312009,43.028706],[-85.6312821,43.028573],[-85.6313661,43.028456],[-85.631564,43.028155000000005],[-85.6316694,43.0280071],[-85.6317538,43.027875],[-85.6317665,43.0278525],[-85.6318558,43.027694999999994],[-85.6319201,43.027581],[-85.6320414,43.0273447],[-85.6321717,43.0270582],[-85.6321874,43.0270213],[-85.6322146,43.02695],[-85.6322766,43.0267955],[-85.6323299,43.026633],[-85.6323523,43.0265637],[-85.6324393,43.0262943],[-85.6324577,43.0262232],[-85.6325291,43.0259232],[-85.6325523,43.0258174],[-85.6326023,43.0255164],[-85.6326161,43.0254329],[-85.632632,43.025337],[-85.6326453,43.0252343],[-85.632661,43.0251014],[-85.6327072,43.0247644],[-85.6327176,43.0246909],[-85.6327338,43.0245938],[-85.6327597,43.0244271],[-85.6327714,43.024345100000005],[-85.6328064,43.0241],[-85.6328286,43.0239389],[-85.6328854,43.0235281],[-85.632911,43.023334],[-85.6329292,43.02319649999999],[-85.632942,43.0231248],[-85.6329808,43.0228989],[-85.6329977,43.0228016],[-85.633007,43.022748],[-85.6330649,43.02254630000001],[-85.633075,43.022511],[-85.6330967,43.0224585],[-85.6331615,43.0223016],[-85.633179,43.0222593],[-85.6332495,43.02208840000001],[-85.6333763,43.0218764],[-85.6334353,43.0217755],[-85.6335692,43.0215466],[-85.6337555,43.0212749],[-85.6338907,43.0211009],[-85.633918,43.021068],[-85.6340422906126,43.020932932093416],[-85.634437,43.020689],[-85.6345414,43.0206556],[-85.634598,43.0206433],[-85.634692,43.020625],[-85.63463020271641,43.02034053096314],[-85.6346574,43.0203168],[-85.6347494,43.0202444],[-85.6349058,43.0201306],[-85.6351964,43.0199353],[-85.6355359,43.0197301],[-85.6359027,43.0195422],[-85.6360208,43.019490499999996],[-85.6363392,43.01935699999999],[-85.6366553,43.01923610000001],[-85.6367893,43.0191881],[-85.6370568,43.0190848],[-85.6377784,43.0188871],[-85.6378962,43.0188556],[-85.6380377,43.018816199999996],[-85.6383771,43.0187188],[-85.6386319,43.0186457],[-85.6388988,43.01856909999999],[-85.6389834,43.0185448],[-85.6392348,43.0184732],[-85.6397206,43.0183348],[-85.6399132,43.0182807],[-85.6402875,43.0181749],[-85.6408004,43.0180287],[-85.6415845,43.0178053],[-85.642482,43.01748599999999],[-85.643209,43.017156],[-85.643453,43.01700900000001],[-85.643686,43.016846],[-85.6439911,43.0166184],[-85.644162,43.016456999999996],[-85.64436,43.016263],[-85.644514,43.0160908],[-85.6446475,43.0159166],[-85.644753,43.015779],[-85.644914,43.015488],[-85.645339,43.014788],[-85.6454378,43.01461810000001],[-85.6454648,43.01457169999999],[-85.645621,43.014303],[-85.6457913,43.0140223],[-85.6460564,43.01358549999999],[-85.6461099,43.0134973],[-85.6461635,43.0134079],[-85.6462279,43.0132921],[-85.6462658,43.0132362],[-85.6467539,43.0125158],[-85.6467741,43.012486],[-85.6473442,43.0116436],[-85.6479417,43.0107651],[-85.6479826,43.0107046],[-85.6483014,43.0102331],[-85.648537,43.0098909],[-85.6487394,43.0095916],[-85.6489828,43.0092318],[-85.6494219,43.0085855],[-85.6497529,43.0081028],[-85.6499099,43.0078738],[-85.6499497,43.0078157],[-85.6499892,43.0077516],[-85.6501219,43.00755900000001],[-85.6501863,43.0074664],[-85.6502735,43.007339],[-85.6503743,43.00719269999999],[-85.6509174,43.0063839],[-85.6509963,43.0062728],[-85.6510737,43.0061677],[-85.6516796,43.0053823],[-85.6522453,43.0046491],[-85.6523543,43.0045111],[-85.652551,43.00425580000001],[-85.652629,43.0041546],[-85.6527536,43.0039917],[-85.65287,43.0038418],[-85.653016,43.003652200000005],[-85.6531218,43.0035137],[-85.6534805,43.0030535],[-85.6535133,43.0030115],[-85.653546,43.0029695],[-85.65369,43.0027848],[-85.6537293,43.00273429999999],[-85.6537786,43.0026695],[-85.6538324,43.0025978],[-85.6539119,43.0024947],[-85.654046,43.0023209],[-85.6545443,43.0016755],[-85.6551383,43.0009081],[-85.6553373,43.0006519],[-85.6554482,43.0005069],[-85.6556687,43.0002255],[-85.655952,42.9998621],[-85.6563023,42.9994086],[-85.6565306,42.9991184],[-85.6565941,42.9990337],[-85.6566714,42.9989316],[-85.6568961,42.9986421],[-85.6573632,42.9980403],[-85.6579772,42.9972546],[-85.6583197,42.9968182],[-85.6588377,42.996143],[-85.6590186,42.9959038],[-85.6594265,42.9953883],[-85.6594889,42.99530579999999],[-85.6600457,42.994597],[-85.6601249,42.9944962],[-85.6602899,42.9942845],[-85.6607066,42.9937497],[-85.6615276,42.9926917],[-85.6616353,42.992554],[-85.6619261,42.9921795],[-85.6621217,42.9919276],[-85.6621879,42.9918409],[-85.6622456,42.991769500000004],[-85.6624703,42.9914852],[-85.6625055,42.9914407],[-85.662745,42.9911377],[-85.6628186,42.9910414],[-85.6629904,42.9908167],[-85.6630196,42.9907785],[-85.6631672,42.9905877],[-85.6632219,42.990511500000004],[-85.6634572,42.9902117],[-85.6638088,42.989766800000005],[-85.6640099,42.9895059],[-85.6640706,42.9894284],[-85.6641201,42.9893638],[-85.66446,42.9889109],[-85.6647145,42.988594],[-85.6649185,42.9883246],[-85.6649681,42.9882592],[-85.6656468,42.9873865],[-85.6658111,42.9871723],[-85.6658447,42.9871285],[-85.666011,42.9869137],[-85.666189,42.9866838],[-85.6662747,42.9865729],[-85.6663293,42.9865043],[-85.666448,42.9863504],[-85.6665699,42.9861857],[-85.6666412,42.9860749],[-85.666658,42.9860435],[-85.6667595,42.985853],[-85.6668325,42.9857037],[-85.6668687,42.9856297],[-85.6669345,42.9854953],[-85.6670321,42.9853108],[-85.6671403,42.9850968],[-85.667239,42.9849017],[-85.66725248244893,42.984875021151275],[-85.66704859367036,42.98463043291135],[-85.6669356,42.98462289999999],[-85.6664244,42.9846134],[-85.6661289,42.9846089],[-85.6660452,42.9846074],[-85.6645253,42.9845934],[-85.6631524,42.984583],[-85.6626045,42.9845772],[-85.66237170886819,42.98457474310151],[-85.66208081883876,42.98442142260525],[-85.6620812,42.9841803],[-85.6620818,42.98378519999999],[-85.6620811,42.983708899999996],[-85.6620753,42.9831542],[-85.6620712,42.9827889],[-85.6620702,42.9826982],[-85.6620622,42.9819193],[-85.6620606,42.9818573],[-85.6620537,42.981085],[-85.6620536,42.9810074],[-85.6620518,42.9809276],[-85.6620345,42.9797861],[-85.6620317,42.97975329999999],[-85.6620295,42.9794548],[-85.6620288,42.9793931],[-85.6620277,42.9793282],[-85.6620097,42.9778516],[-85.6620066,42.97751370000001],[-85.6620058,42.9774387],[-85.6620048,42.9773559],[-85.6619986,42.97648950000001],[-85.6619874,42.975685],[-85.6619822,42.9753069],[-85.661981,42.9752225],[-85.6619804,42.97514790000001],[-85.661975,42.974462],[-85.6619577,42.973744200000006],[-85.661956,42.973672],[-85.6619546,42.97359960000001],[-85.6619503,42.9733767],[-85.661943,42.973012399999995],[-85.6619297,42.9722051],[-85.661928,42.972105],[-85.6619281,42.9720402],[-85.6619289,42.9713622],[-85.6619279,42.9712302],[-85.6619273,42.9711474],[-85.6619253,42.9709601],[-85.66192493577864,42.97074985322272],[-85.66203078582639,42.97064601595327],[-85.6621460373571,42.97057841348621],[-85.6622612888878,42.97051081101914],[-85.6623765404185,42.97044320855207],[-85.66249179194921,42.97037560608501],[-85.6626388879019,42.97030595893868],[-85.6627616,42.9703092],[-85.6628084,42.9703106],[-85.6628672,42.9703122],[-85.6630528,42.9703171],[-85.663086,42.970318],[-85.6631597,42.9703196],[-85.663415,42.970325],[-85.6636816,42.97034059999999],[-85.663775,42.970346],[-85.6639133,42.9703535],[-85.664034,42.97036],[-85.664191,42.97038700000001],[-85.6643568,42.970424],[-85.6645355,42.9704658],[-85.6647051,42.9704993],[-85.6648305,42.970518000000006],[-85.6649459,42.9705261],[-85.6651863,42.97053090000001],[-85.66586,42.970516],[-85.6659484,42.9705136],[-85.6664514,42.9704998],[-85.6665617,42.9704969],[-85.6666534,42.9704954],[-85.6673234,42.9704844],[-85.667561,42.9704788],[-85.667882,42.9704705],[-85.6681531,42.9704614],[-85.66820991127422,42.97045875218188],[-85.6683605334939,42.970453905233555],[-85.6688924,42.9704479],[-85.6690185,42.9704501],[-85.6691906,42.9704468],[-85.6699872,42.9704316],[-85.6700952,42.9704297],[-85.6702278,42.9704273],[-85.6708722,42.9704146],[-85.6715088,42.9703987],[-85.67174512096027,42.97039282867179],[-85.67185929098645,42.97037273678477],[-85.6721942641867,42.970268664356084],[-85.672186,42.9700814],[-85.6721748,42.9698283],[-85.6721626,42.9695536],[-85.6721396,42.9690329],[-85.6721883,42.9689424],[-85.6721908,42.9688908],[-85.6721956,42.9687902],[-85.6721996,42.9687058],[-85.672153,42.9685965],[-85.6721595,42.968525],[-85.6722132,42.9680704],[-85.6722202,42.9677878],[-85.6722042,42.967324],[-85.6721987,42.9672195],[-85.6721954,42.9671488],[-85.6721757,42.9667358],[-85.6721631,42.96646870000001],[-85.67216,42.96638],[-85.6721591,42.9662312],[-85.6721479,42.96531939999999],[-85.6721401,42.9650196],[-85.6721376,42.964923199999994],[-85.6721846,42.96482],[-85.6721969,42.964793],[-85.672269,42.9646848],[-85.6723131,42.9646349],[-85.6723732,42.9645791],[-85.672714,42.9642624],[-85.6727667,42.9642129],[-85.6728741,42.9640913],[-85.6730008,42.9639153],[-85.6730677,42.9638191],[-85.6731007,42.9637716],[-85.6733699,42.96336269999999],[-85.67343513356273,42.96326686061534],[-85.67349192470823,42.96316806703477],[-85.673658,42.962907],[-85.6737351,42.9627885],[-85.673901,42.96253819999999],[-85.674044,42.9623224],[-85.6741193,42.9622084],[-85.6743559,42.9618422],[-85.6743866,42.9617947],[-85.6744184,42.9617454],[-85.6745211,42.9615863],[-85.6745907,42.9614786],[-85.6746936,42.9613192],[-85.6747094,42.9612948],[-85.6748755,42.961037700000006],[-85.6749457,42.960929],[-85.6753448,42.96031109999999],[-85.675383,42.9602535],[-85.6754116,42.9602103],[-85.6755673,42.9599757],[-85.67559281323032,42.95993723880528]]}},{"type":"Feature","properties":{"routeId":"90","color":"#43AD49","dir":"Inbound","trips":166,"dests":"Central Station"},"geometry":{"type":"LineString","coordinates":[[-85.66397376963288,42.856075611435195],[-85.66408353926573,42.85600322287039],[-85.6641933088986,42.85593083430558],[-85.66430307853147,42.85585844574078],[-85.66441284816433,42.85578605717597],[-85.6645226177972,42.855713668611166],[-85.66463238743007,42.85564128004636],[-85.66474215706295,42.85556889148156],[-85.66474427026519,42.85546853585873],[-85.66472035422939,42.85536141834341],[-85.6646964381936,42.85525430082809],[-85.6646725221578,42.855147183312766],[-85.66464860612201,42.85504006579745],[-85.66457413962051,42.854920952998114],[-85.6641673253111,42.85492429707571],[-85.6640354801358,42.85517383279637],[-85.66390051662411,42.85521731961198],[-85.66376555311241,42.855260806427594],[-85.6637512598025,42.855333742775024],[-85.6637532,42.8553977],[-85.6637592,42.855676800000005],[-85.663776,42.8561133],[-85.6638075,42.856967899999994],[-85.6638187,42.85731710000001],[-85.6638301,42.8576627],[-85.6638507,42.8582488],[-85.6638562,42.8584591],[-85.663865,42.8587996],[-85.663874,42.8589741],[-85.6638837,42.859344500000006],[-85.663894,42.8597098],[-85.6639032,42.8599911],[-85.6639119,42.860258200000004],[-85.6639245,42.8606258],[-85.6639377,42.861011],[-85.6639476,42.86139],[-85.6639737,42.861881],[-85.6639835,42.8621715],[-85.6639877,42.8622355],[-85.6640023,42.8627137],[-85.6640095,42.8629475],[-85.6640296,42.8635563],[-85.6640461,42.8639668],[-85.6640556,42.8643138],[-85.6640717,42.86470159999999],[-85.6640979,42.8656924],[-85.6641003,42.8658281],[-85.6640981,42.8659898],[-85.6641054,42.8662205],[-85.6641055,42.866265600000006],[-85.6641143,42.8664867],[-85.6641213,42.8666223],[-85.6641265,42.8667377],[-85.6641279,42.8667675],[-85.6641447,42.867137],[-85.6641742,42.86778880000001],[-85.6641766,42.8678416],[-85.6641838,42.8679999],[-85.6641962,42.868271799999995],[-85.6642252,42.8689106],[-85.6642377,42.86918719999999],[-85.6642491,42.8694386],[-85.6642534,42.8695329],[-85.6642643,42.8700039],[-85.6642664,42.8700955],[-85.6642755,42.8704868],[-85.6642779,42.8705894],[-85.6642936,42.871175],[-85.664294,42.8712833],[-85.6643064,42.8714704],[-85.6643072,42.8715387],[-85.6643135,42.87211030000001],[-85.664317,42.87223680000001],[-85.6643213,42.872385],[-85.6643244,42.8724948],[-85.6643292,42.8726596],[-85.6643317,42.872746],[-85.664342,42.873106],[-85.6643439,42.8731638],[-85.6643553,42.8735187],[-85.6643632,42.8737579],[-85.664367,42.8738611],[-85.6643874,42.87441539999999],[-85.6643965,42.8746607],[-85.6643998,42.8747505],[-85.6644102,42.8752015],[-85.664416,42.87545600000001],[-85.6644301,42.875899],[-85.6644319,42.8759554],[-85.6644362,42.8760427],[-85.6644497,42.8763138],[-85.6644498,42.87635],[-85.664452,42.8765458],[-85.6644514,42.8767438],[-85.664476,42.877216],[-85.6645005,42.8776353],[-85.664513,42.878129],[-85.664531,42.87859329999999],[-85.664548,42.879034],[-85.6645515,42.8791125],[-85.6645617,42.8793446],[-85.664576,42.879636299999994],[-85.6645769,42.8796599],[-85.6645872,42.8799166],[-85.664589,42.8799644],[-85.6645943,42.880085],[-85.6646031,42.88028310000001],[-85.664612,42.8804854],[-85.664617,42.880665699999994],[-85.6646385,42.881442099999994],[-85.6646423,42.8815782],[-85.6646464,42.8816663],[-85.6646526,42.8818081],[-85.6646917,42.8827121],[-85.6647021,42.8829361],[-85.6647227,42.8833587],[-85.6647257,42.8833951],[-85.6647324,42.88352979999999],[-85.6647334,42.8835505],[-85.6647474,42.8838311],[-85.664753,42.8839425],[-85.6647564,42.8840587],[-85.6647574,42.884134800000005],[-85.6647626,42.8845455],[-85.6647665,42.8848508],[-85.6647683,42.8849904],[-85.6647736,42.885038400000006],[-85.664799,42.885601199999996],[-85.6648068,42.8857732],[-85.6648122,42.88589360000001],[-85.6648226,42.88606879999999],[-85.6648295,42.8862934],[-85.6648397,42.8866302],[-85.6648447,42.8867938],[-85.664855,42.8871124],[-85.6648789,42.8877229],[-85.6648853,42.8878604],[-85.6648981,42.8881331],[-85.6648991,42.8881554],[-85.6649131,42.88858940000001],[-85.664926,42.8888322],[-85.6649315,42.8890177],[-85.6649383,42.8892512],[-85.6649466,42.88953550000001],[-85.6649505,42.8896404],[-85.6649611,42.8899227],[-85.6649803,42.890447099999996],[-85.6649898,42.890826],[-85.6650023,42.89111830000001],[-85.6650117,42.8913377],[-85.6650288,42.8917356],[-85.6650372,42.8919095],[-85.6650539,42.8922549],[-85.66506,42.8926442],[-85.66508,42.8929797],[-85.6650897,42.89314149999999],[-85.6650907,42.8931745],[-85.6650967,42.8933675],[-85.6651029,42.8935671],[-85.6651051,42.8936257],[-85.6651133,42.8938429],[-85.6651155,42.8939009],[-85.6651192,42.8940004],[-85.6651225,42.8940872],[-85.665126,42.8941722],[-85.6651301,42.8942875],[-85.665137,42.8944719],[-85.6651443,42.8946586],[-85.6651557,42.894951],[-85.665166,42.8952146],[-85.6651732,42.8953984],[-85.6651761,42.89547139999999],[-85.6651946,42.8957061],[-85.6652131,42.8960069],[-85.6652229,42.896155],[-85.66523,42.89633739999999],[-85.6652339,42.8964183],[-85.6652466,42.8966812],[-85.6652552,42.8968593],[-85.6652713,42.8971937],[-85.6652805,42.897385],[-85.6652895,42.8975713],[-85.6652927,42.8976377],[-85.665304,42.8978618],[-85.665323,42.8982398],[-85.6653358,42.8984938],[-85.6653419,42.898615400000004],[-85.6653474,42.898733199999995],[-85.6653839,42.8995123],[-85.6653858,42.8995757],[-85.6653921,42.8997813],[-85.6653976,42.8999583],[-85.6654015,42.9000865],[-85.6654056,42.9002203],[-85.6654083,42.9003073],[-85.6654105,42.9003793],[-85.6654143,42.9005035],[-85.6654164,42.9005542],[-85.6654233,42.9007205],[-85.6654315,42.9009384],[-85.6654391,42.9011388],[-85.6654513,42.9014622],[-85.6654526,42.90149589999999],[-85.665478,42.9019509],[-85.6654933,42.9022251],[-85.6655059,42.9025811],[-85.6655156,42.9028585],[-85.6655193,42.9029641],[-85.6655308,42.9032919],[-85.6655355,42.9034277],[-85.6655423,42.9036215],[-85.6655442,42.9036696],[-85.6655593,42.9040453],[-85.6655756,42.9043428],[-85.6655842,42.90449180000001],[-85.6656065,42.9048809],[-85.6656163,42.905052],[-85.6656202,42.9051781],[-85.6656308,42.9055174],[-85.6656372,42.9057243],[-85.6656407,42.9058372],[-85.665654,42.9060136],[-85.6656741,42.9062688],[-85.6656807,42.906351],[-85.6656896,42.906484000000006],[-85.6656971,42.9065828],[-85.6656987,42.9067463],[-85.6657132,42.9069882],[-85.6657203,42.9071271],[-85.6657345,42.9074042],[-85.6657483,42.9076734],[-85.6657573,42.90815080000001],[-85.665758,42.908179700000005],[-85.6657791,42.9085715],[-85.6657874,42.9087768],[-85.6657931,42.908919],[-85.6658058,42.9091254],[-85.6658181,42.90938609999999],[-85.6658231,42.9094796],[-85.6658409,42.9098176],[-85.665863,42.9102356],[-85.6658695,42.9103589],[-85.6658705,42.91043849999999],[-85.665876,42.9105784],[-85.6658942,42.9109094],[-85.6659013,42.9110385],[-85.6659036,42.911098],[-85.6659127,42.9113354],[-85.6659163,42.9114008],[-85.6659218,42.9114952],[-85.6659359,42.911712],[-85.6659509,42.9119493],[-85.665954,42.9119992],[-85.6659663,42.9122232],[-85.6659737,42.9124201],[-85.6659918,42.912899],[-85.6659984,42.9130731],[-85.6660026,42.9132036],[-85.6660114,42.9134733],[-85.6660169,42.913643],[-85.6660199,42.913748000000005],[-85.666023,42.913853],[-85.6660266,42.913919],[-85.666046,42.914271],[-85.6660601,42.9144307],[-85.6660765,42.9148311],[-85.666084,42.91512899999999],[-85.6660921,42.9152856],[-85.6661397,42.916002999999996],[-85.6661502,42.9162693],[-85.6661603,42.91648279999999],[-85.6661717,42.916728],[-85.6661798,42.916867],[-85.6662299,42.91785],[-85.6662342,42.9179419],[-85.66624,42.9180558],[-85.6662457,42.9181682],[-85.6662514,42.9182804],[-85.666254,42.9183744],[-85.6662658,42.9186351],[-85.6662746,42.9189206],[-85.666282,42.919159],[-85.666288,42.919281],[-85.6662933,42.919387],[-85.6663073,42.9196696],[-85.6663118,42.9197612],[-85.6663222,42.9199706],[-85.6663333,42.9201398],[-85.6663384,42.9202494],[-85.6663439,42.9203292],[-85.666349,42.92041],[-85.6663569,42.9206549],[-85.666362,42.920785],[-85.6663647,42.9208508],[-85.6663747,42.92109880000001],[-85.6663874,42.9214121],[-85.6663948,42.9215945],[-85.666397,42.921649],[-85.6664004,42.9217443],[-85.666409,42.92199],[-85.666421,42.922261],[-85.6664234,42.9223298],[-85.6664615,42.9229971],[-85.6664635,42.9230498],[-85.6664657,42.923142],[-85.6664739,42.923399399999994],[-85.6664806,42.9235138],[-85.6664855,42.9235722],[-85.6664995,42.9238951],[-85.6665019,42.9239545],[-85.666505,42.9240088],[-85.6665086,42.9242252],[-85.6665242,42.9245593],[-85.666528,42.9245996],[-85.6665417,42.9248049],[-85.666546,42.9248589],[-85.6665481,42.9249182],[-85.6665522,42.9251959],[-85.6665595,42.9253288],[-85.66657,42.925542],[-85.6665764,42.9256367],[-85.6665827,42.925731],[-85.6665949,42.92600319999999],[-85.6666078,42.9265323],[-85.666611,42.926603],[-85.6666329,42.92709990000001],[-85.6666493,42.92747309999999],[-85.666653,42.927557],[-85.6666569,42.9276374],[-85.6666708,42.9279213],[-85.6666785,42.9280787],[-85.6666924,42.928172],[-85.6666973,42.9282616],[-85.6667069,42.9284867],[-85.6667199,42.92868959999999],[-85.6667284,42.928924499999994],[-85.6667446,42.9291999],[-85.6667529,42.9293568],[-85.6667738,42.9297522],[-85.6667774,42.9298212],[-85.6668154,42.930593],[-85.6668434,42.9311465],[-85.6668467,42.93121090000001],[-85.6668497,42.93127079999999],[-85.6668627,42.9315266],[-85.6668921,42.9321245],[-85.6668956,42.9321739],[-85.6669008,42.932246],[-85.6669111,42.9324435],[-85.6669321,42.932858],[-85.6669343,42.9329426],[-85.6669383,42.93301559999999],[-85.6669751,42.9338022],[-85.6670105,42.9344815],[-85.6670258,42.934769],[-85.6670511,42.9353416],[-85.667054,42.935407],[-85.667075,42.93564799999999],[-85.6670793,42.9357424],[-85.6670812,42.93578290000001],[-85.6670961,42.9361037],[-85.6671064,42.936328],[-85.6671188,42.9365946],[-85.6671231,42.93668889999999],[-85.6671241,42.9367376],[-85.6671313,42.9368834],[-85.6671406,42.9370473],[-85.6671447,42.937106],[-85.6671777,42.9378479],[-85.6672017,42.9383359],[-85.6672227,42.9387135],[-85.6672277,42.9388027],[-85.667232,42.9388459],[-85.6672631,42.9395194],[-85.6672654,42.9395815],[-85.6672692,42.9396359],[-85.6672877,42.939953100000004],[-85.6673058,42.940265],[-85.6673277,42.940594299999994],[-85.6673458,42.940866],[-85.6673516,42.9410796],[-85.66736,42.941393000000005],[-85.6673628,42.941500000000005],[-85.6673065,42.94161780000001],[-85.6673002,42.9418073],[-85.6673046,42.9420535],[-85.6673069,42.9421115],[-85.6673107,42.9423978],[-85.6673149,42.9425571],[-85.6673195,42.94285140000001],[-85.6673247,42.942982],[-85.6673326,42.943312],[-85.6673437,42.9437937],[-85.6673471,42.9438963],[-85.6673501,42.9440033],[-85.6673582,42.9442205],[-85.6673601,42.9443661],[-85.6673656,42.9446963],[-85.6673739,42.9451169],[-85.6673851,42.9456064],[-85.667388,42.9457325],[-85.6673949,42.9460334],[-85.6674323,42.9474226],[-85.6674383,42.9475705],[-85.667443,42.9478201],[-85.6674505,42.9481467],[-85.6675014,42.948462],[-85.6675065,42.94864059999999],[-85.6675056,42.9487337],[-85.6675066,42.9488272],[-85.6675102,42.94904449999999],[-85.6675104,42.9490635],[-85.6675118,42.949161],[-85.6675106,42.9492584],[-85.6675113,42.9493398],[-85.6675121,42.9494278],[-85.667514,42.949631],[-85.6675168,42.9498012],[-85.667523,42.950169],[-85.6675388,42.9505388],[-85.6675615,42.9513213],[-85.667561,42.951642],[-85.6675791,42.9524067],[-85.6675972,42.952992],[-85.6675998,42.9530755],[-85.6676,42.953192],[-85.6676116,42.9536719],[-85.6676234,42.95416],[-85.6676284,42.95438939999999],[-85.66763157189312,42.95472862110914],[-85.66757931513975,42.95485428848871],[-85.6675741,42.9550008],[-85.6675737,42.9551413],[-85.66763211554763,42.95536730546339],[-85.66749490402098,42.955474687825166],[-85.66738543570827,42.95554732380715],[-85.66727596739555,42.95561995978914],[-85.66716649908284,42.955692595771126],[-85.66705703077011,42.95576523175311],[-85.6669475624574,42.9558378677351],[-85.66683274043983,42.95589977783026],[-85.66668633343892,42.95588128632788],[-85.6664684,42.9558749],[-85.6662067,42.955869],[-85.66611161802504,42.95590576620308],[-85.66594780244753,42.95590851518155],[-85.6658642,42.95590599999999],[-85.6652287,42.9558904],[-85.66506481302187,42.95588601357584],[-85.66490831947719,42.955865997288754],[-85.6648408,42.9558425],[-85.6647863,42.9558364],[-85.664683,42.9558355],[-85.66447812857153,42.955829252863474],[-85.6641831,42.956000100000004],[-85.6641703,42.9560309],[-85.6641515,42.956060400000005],[-85.6641341,42.9560947],[-85.664126,42.956132],[-85.664126,42.95618900000001],[-85.6641224,42.9563586],[-85.66402049005988,42.95646346235047],[-85.6640201,42.9565133],[-85.6640272,42.9572307],[-85.6640642,42.9577168],[-85.664067,42.9578222],[-85.6640735,42.9581479],[-85.6640706,42.9583031],[-85.6640689,42.9585208],[-85.6640669,42.9589835],[-85.6640687,42.9590327],[-85.6640838,42.9592116],[-85.66409,42.9592689],[-85.6640883,42.9593192],[-85.6640838,42.9593505],[-85.6640762,42.9593783],[-85.6640302,42.9594425],[-85.66406584972849,42.95962100606975],[-85.6640825,42.9596544],[-85.6640941,42.9597069],[-85.6641012,42.9597572],[-85.6641328,42.9597979],[-85.6641382,42.9601443],[-85.6641423,42.960406],[-85.664148,42.960775999999996],[-85.664163,42.961368],[-85.664164,42.9613998],[-85.6641679,42.9615279],[-85.6641773,42.961836399999996],[-85.664184,42.96205700000001],[-85.6641887,42.96221800000001],[-85.6641995,42.962589099999995],[-85.66420445116125,42.962758053860426],[-85.66426420336093,42.962855758526835],[-85.66435414759424,42.962941727674874],[-85.66444409182755,42.96302769682291],[-85.66453403606086,42.963113665970944],[-85.66462398029415,42.96319963511898],[-85.66471392452748,42.96328560426702],[-85.66480386876077,42.96337157341506],[-85.66498869870193,42.963472732824584],[-85.6649815,42.9636782],[-85.6649768,42.9638104],[-85.6649689,42.9640352],[-85.6649661,42.9641163],[-85.6649622,42.964241],[-85.6649683,42.964322],[-85.6649733,42.964403],[-85.6649552,42.964719699999996],[-85.6649408,42.9653288],[-85.6649349,42.9654168],[-85.6649288,42.9654903],[-85.664921,42.966129],[-85.6649516,42.9667531],[-85.6649595,42.9669138],[-85.6649623,42.96697],[-85.664967,42.967065999999996],[-85.6649639,42.9672727],[-85.664963,42.967335000000006],[-85.6649631,42.9674224],[-85.6650102,42.96857519999999],[-85.66501375406433,42.96866615598856],[-85.66529691718834,42.96884780659726],[-85.66627810158491,42.96882857896568],[-85.66650861637008,42.969009639509274],[-85.6665571,42.9703683],[-85.66687294300667,42.9704682227203],[-85.66697425764313,42.97049013218795],[-85.6673234,42.9704844],[-85.667561,42.9704788],[-85.667882,42.9704705],[-85.6681531,42.9704614],[-85.66829518149673,42.97045477797],[-85.6684466000485,42.9704529334676],[-85.6688924,42.9704479],[-85.6690185,42.9704501],[-85.6691906,42.9704468],[-85.6699872,42.9704316],[-85.6700952,42.9704297],[-85.6702278,42.9704273],[-85.6708722,42.9704146],[-85.6715088,42.9703987],[-85.67168387740847,42.970394350250714],[-85.67180843817083,42.97038533730837],[-85.67184806654228,42.97028078179845],[-85.67218986862477,42.9701689759933],[-85.672186,42.9700814],[-85.6721748,42.9698283],[-85.6721626,42.9695536],[-85.6721396,42.9690329],[-85.6721883,42.9689424],[-85.6721908,42.9688908],[-85.6721956,42.9687902],[-85.6721996,42.9687058],[-85.672153,42.9685965],[-85.6721595,42.968525],[-85.6722132,42.9680704],[-85.6722202,42.9677878],[-85.6722042,42.967324],[-85.6721987,42.9672195],[-85.6721954,42.9671488],[-85.6721757,42.9667358],[-85.6721631,42.96646870000001],[-85.67216,42.96638],[-85.6721591,42.9662312],[-85.6721479,42.96531939999999],[-85.6721401,42.9650196],[-85.6721376,42.964923199999994],[-85.6721846,42.96482],[-85.6721969,42.964793],[-85.672269,42.9646848],[-85.6723131,42.9646349],[-85.6723732,42.9645791],[-85.672714,42.9642624],[-85.6727667,42.9642129],[-85.6728741,42.9640913],[-85.6730008,42.9639153],[-85.6730677,42.9638191],[-85.6731007,42.9637716],[-85.6733699,42.96336269999999],[-85.67342775175922,42.96327770576124],[-85.67348687642456,42.96317688014015],[-85.673658,42.962907],[-85.6737351,42.9627885],[-85.67374312447198,42.96267566127829],[-85.67371682028633,42.962568848268305],[-85.67369051610068,42.96246203525833],[-85.6735279,42.9621739],[-85.6735236,42.9620885],[-85.673516,42.961935000000004],[-85.6734806,42.9612223],[-85.6734804,42.9611828],[-85.6734798503835,42.96106029659174]]}},{"type":"Feature","properties":{"routeId":"9","color":"#B9E5FB","dir":"Northbound","trips":160,"dests":"Walmart-Alpine Twp / Walmart - Alpine Twp"},"geometry":{"type":"LineString","coordinates":[[-85.6734795714896,42.96099813423645],[-85.6734804,42.9611828],[-85.6734806,42.9612223],[-85.673516,42.961935000000004],[-85.6735236,42.9620885],[-85.67352737804259,42.96216353368319],[-85.67382570290653,42.96225844215494],[-85.6739917007345,42.962401324346104],[-85.673901,42.96253819999999],[-85.6737351,42.9627885],[-85.673658,42.962907],[-85.6734954,42.963162000000004],[-85.6734849815776,42.96318018809333],[-85.67342442746042,42.9632825897311],[-85.6733699,42.96336269999999],[-85.6731007,42.9637716],[-85.6730677,42.9638191],[-85.6730008,42.9639153],[-85.6728741,42.9640913],[-85.6727667,42.9642129],[-85.672714,42.9642624],[-85.6723732,42.9645791],[-85.6723131,42.9646349],[-85.672269,42.9646848],[-85.6721969,42.964793],[-85.6721846,42.96482],[-85.6721376,42.964923199999994],[-85.6721401,42.9650196],[-85.6721479,42.96531939999999],[-85.6721591,42.9662312],[-85.67216,42.96638],[-85.6721631,42.96646870000001],[-85.6721757,42.9667358],[-85.6721954,42.9671488],[-85.6721987,42.9672195],[-85.6722042,42.967324],[-85.6722202,42.9677878],[-85.6722132,42.9680704],[-85.6721595,42.968525],[-85.672153,42.9685965],[-85.6721996,42.9687058],[-85.6721956,42.9687902],[-85.6721908,42.9688908],[-85.6721883,42.9689424],[-85.6721396,42.9690329],[-85.6721626,42.9695536],[-85.6721748,42.9698283],[-85.67218189503079,42.96998863502646],[-85.67227793185592,42.97008706266758],[-85.67241056098398,42.970134289728946],[-85.67254897992085,42.97037486456332],[-85.6728911,42.9703693],[-85.6731124,42.9703684],[-85.6738644,42.9703621],[-85.67395250844132,42.97036620903282],[-85.67410192022328,42.97037475454678],[-85.6748634,42.9704306],[-85.6757059,42.9704886],[-85.6759591,42.9704995],[-85.6768651,42.970521],[-85.6776515,42.9705354],[-85.6778241,42.9705386],[-85.6788094,42.9705672],[-85.678942,42.970571],[-85.6790759,42.9705735],[-85.6795812,42.9705828],[-85.6797632,42.9705862],[-85.6799666,42.9705897],[-85.6800882,42.970593599999994],[-85.6802013,42.9705954],[-85.6803086,42.9705976],[-85.6804044,42.970599],[-85.6810447,42.970608],[-85.6816506,42.970622],[-85.681729,42.970626],[-85.6818499,42.970629],[-85.6820356,42.9706336],[-85.6822235,42.9706388],[-85.6825762,42.9706479],[-85.6826878,42.97065080000001],[-85.6828235,42.9706531],[-85.6834295,42.9706634],[-85.68377386696311,42.970669253496375],[-85.68390576479852,42.97092040079946],[-85.68404437247234,42.97095713779447],[-85.68421203065515,42.97099497581982],[-85.6843114,42.97111],[-85.6846008,42.9714447],[-85.6847156,42.9715775],[-85.6847385,42.9716036],[-85.6849417,42.9718395],[-85.685,42.971907],[-85.6850772,42.97200039999999],[-85.6852656,42.9722282],[-85.685473,42.972479],[-85.6855992,42.9726508],[-85.6857502,42.9728565],[-85.685815,42.972924],[-85.6860863,42.9732531],[-85.6861994,42.9733903],[-85.686397,42.97363],[-85.686512,42.973784],[-85.686658,42.97398],[-85.6869175,42.9742733],[-85.6870321,42.9744009],[-85.687162,42.974547],[-85.6873285,42.9747488],[-85.6875345,42.9749986],[-85.687595,42.975072],[-85.6876683,42.9751592],[-85.6879566702692,42.975502424298334],[-85.68775549524653,42.97571339892464],[-85.687918,42.975857000000005],[-85.687899,42.97597],[-85.6879024,42.9761039],[-85.6879044,42.9761824],[-85.6879065,42.9762622],[-85.6879164,42.97663450000001],[-85.6879312,42.97701990000001],[-85.687936,42.9770977],[-85.6879385,42.9771784],[-85.6879503,42.9775586],[-85.6879598,42.977864],[-85.6879529,42.9779292],[-85.6879148,42.9780079],[-85.6879117,42.9780889],[-85.687883,42.97885],[-85.687905,42.979734],[-85.68793,42.980647],[-85.687958,42.9814792],[-85.687961,42.981568],[-85.6879628,42.9816718],[-85.687964,42.981744],[-85.6880059,42.9832884],[-85.688008,42.983364],[-85.6880102,42.98344790000001],[-85.6880379,42.9844956],[-85.6880459,42.984798],[-85.6880564,42.985155400000004],[-85.688059,42.985244],[-85.6880625,42.985347],[-85.6880683,42.9855197],[-85.6880746,42.9857072],[-85.6880756,42.9857358],[-85.6880797,42.9858582],[-85.6880864,42.9860581],[-85.6880882,42.9861567],[-85.6880946,42.986299100000004],[-85.6880992,42.9865258],[-85.6881111,42.986977],[-85.688113,42.987047999999994],[-85.6881162,42.9871381],[-85.6881295,42.9875136],[-85.6881403,42.9878207],[-85.688144,42.987925],[-85.6881596,42.9885049],[-85.6881637,42.988658],[-85.6881674,42.9887947],[-85.688169,42.988853],[-85.6881712,42.98893739999999],[-85.6881935,42.9897847],[-85.6881957,42.9898674],[-85.6882018,42.9900971],[-85.6882056,42.9902451],[-85.68822,42.99079],[-85.6882309,42.99135269999999],[-85.688234,42.991575],[-85.6882511,42.9920708],[-85.6882509,42.9921315],[-85.6882508,42.9921916],[-85.6882502,42.9923966],[-85.68825,42.992473],[-85.6882532,42.9925691],[-85.6882562,42.99265739999999],[-85.6882637,42.9928813],[-85.6882657,42.9929423],[-85.6882688,42.9930319],[-85.6882714,42.993109399999994],[-85.6882847,42.9935065],[-85.688295,42.99381399999999],[-85.6883347,42.9951103],[-85.688336,42.995153200000004],[-85.6883386,42.99523860000001],[-85.688348,42.995545],[-85.6883491,42.9955855],[-85.6883564,42.9958549],[-85.6883617,42.996050200000006],[-85.6883686,42.9963035],[-85.6883784,42.9966633],[-85.688386,42.9969556],[-85.6883901,42.9970921],[-85.6883963,42.9974352],[-85.6883987,42.99756120000001],[-85.688415,42.998436],[-85.6884177,42.9985191],[-85.6884259,42.9987727],[-85.6884402,42.99921160000001],[-85.6884431,42.9993012],[-85.6884667,42.9997009],[-85.6884746,43.0000896],[-85.6884703,43.0004494],[-85.6884741,43.0006373],[-85.6884788,43.00095149999999],[-85.6884868,43.00139620000001],[-85.6884879,43.00145650000001],[-85.6884912,43.0016391],[-85.688494,43.001789],[-85.688496,43.001901],[-85.6884972,43.002041899999995],[-85.6884982,43.0021491],[-85.6885004,43.002394200000005],[-85.688501,43.002461],[-85.6885029,43.0025679],[-85.688508,43.002853],[-85.688517,43.003357],[-85.6885193,43.0034343],[-85.6885246,43.0036161],[-85.6885312,43.0038422],[-85.6885458,43.00434039999999],[-85.6885494,43.0044619],[-85.6885563,43.004698700000006],[-85.6885607,43.0048453],[-85.6885621,43.0049191],[-85.6885631,43.0049685],[-85.688569,43.00513],[-85.6885744,43.0053215],[-85.6886,43.005565700000005],[-85.6886048,43.0056444],[-85.6886149,43.0059078],[-85.6886247,43.0061115],[-85.6886306,43.00629],[-85.6886358,43.0064563],[-85.6886639,43.00698890000001],[-85.6886539,43.007891799999996],[-85.6886801,43.008637],[-85.688682,43.008691],[-85.6886864,43.0089084],[-85.6886887,43.00902190000001],[-85.6886912,43.009143],[-85.6886991,43.0095313],[-85.6887007,43.0096099],[-85.688704,43.0097956],[-85.6887085,43.0099603],[-85.68871,43.010014700000006],[-85.6887148,43.0102776],[-85.688719,43.0105068],[-85.68872,43.010562],[-85.6887253,43.0107413],[-85.6887324,43.0109832],[-85.6887363,43.0111141],[-85.6887417,43.01129780000001],[-85.68875,43.011579000000005],[-85.6887606,43.0119661],[-85.6887617,43.0121432],[-85.688766,43.0123543],[-85.6887734,43.0127091],[-85.6887811,43.013083],[-85.6887876,43.0133936],[-85.6887881,43.0134197],[-85.6887909,43.0135551],[-85.6887925,43.013631],[-85.6887954,43.0137711],[-85.6887991,43.0139517],[-85.6888019,43.0140818],[-85.688804,43.014192],[-85.6888529,43.0154055],[-85.6888663,43.0155275],[-85.6888904,43.0161906],[-85.688905,43.0165371],[-85.6889088,43.0167658],[-85.6889279,43.017104],[-85.6889403,43.0174678],[-85.6889513,43.0177879],[-85.6889534,43.0183753],[-85.6889588,43.0185449],[-85.6889653,43.0187282],[-85.688998,43.019658],[-85.6890069,43.019934],[-85.6890083,43.02006159999999],[-85.6890159,43.0202677],[-85.68901761525403,43.020417862693414],[-85.68869403929084,43.02052755599786],[-85.68857458303064,43.020590965331905],[-85.68845494857126,43.02065429713238],[-85.68834258804014,43.02091809745179],[-85.6887636,43.02090979999999],[-85.6888911,43.0209929],[-85.6887817,43.0210404],[-85.6876029,43.0210576],[-85.687053,43.021069],[-85.6868854,43.0210718],[-85.686754,43.021061],[-85.6865783,43.0210347],[-85.6864774,43.0210242],[-85.6864485,43.0210271],[-85.6863878,43.0210331],[-85.6862645,43.0210776],[-85.68612772185708,43.02111005457575],[-85.68608755860902,43.02121171317173],[-85.6860194,43.0213175],[-85.685984,43.021538],[-85.685956,43.021709],[-85.6859554,43.0217678],[-85.685984,43.022492],[-85.685965,43.022704],[-85.685931,43.022845],[-85.685915,43.02291],[-85.68567,43.023676],[-85.685658,43.023765],[-85.68563,43.02396600000001],[-85.6856287,43.024269],[-85.685626,43.024912],[-85.68562059266844,43.024997593632605],[-85.68566445428223,43.025106082072234],[-85.68575101343933,43.02519391839744],[-85.68583757259643,43.02528175472265],[-85.68592413175351,43.025369591047856],[-85.6860106909106,43.02545742737307],[-85.6860972500677,43.02554526369828],[-85.6861838092248,43.025633100023484],[-85.68627036838188,43.02572093634869],[-85.68637984560392,43.02585183012163],[-85.687078,43.025812],[-85.687185,43.0258106],[-85.687758,43.025800000000004],[-85.68817,43.0257929],[-85.6882773,43.0257911],[-85.6884669,43.0257879],[-85.6889554,43.0257799],[-85.68916550804373,43.02577645125686],[-85.6893151515848,43.025777121636764],[-85.6894217,43.0257781],[-85.6899111,43.0257825],[-85.6902428,43.0257855],[-85.6911754,43.0257939],[-85.691625,43.025798],[-85.6920744,43.0258113],[-85.6922,43.02581500000001],[-85.69241184155213,43.02582866719691],[-85.69247774501139,43.02607940352258],[-85.69254912592493,43.02617436304539],[-85.69262050683847,43.02626932256822],[-85.692691887752,43.02636428209104],[-85.6930358086318,43.02645606948449],[-85.6930366,43.026493],[-85.6930401,43.0266565],[-85.693046,43.02693500000001],[-85.6930376,43.0270655],[-85.6930319,43.0271552],[-85.6929878,43.0272989],[-85.6928978,43.0275078],[-85.692868,43.027577],[-85.692663,43.027893],[-85.6926201,43.0279691],[-85.692588,43.028026],[-85.692555,43.028175],[-85.6925523,43.0283051],[-85.692549,43.028459],[-85.69255112862257,43.02852988313146],[-85.69219316570994,43.028628509721486],[-85.69211946027842,43.028722499759425],[-85.69204575484689,43.028816489797364],[-85.69197204941536,43.028910479835304],[-85.69186622739375,43.02911344389213],[-85.6917845,43.0291121],[-85.691473,43.029107],[-85.6914222,43.0291062],[-85.6908489,43.0290968],[-85.6905693,43.0290926],[-85.6904476,43.02909029999999],[-85.6902639,43.0290873],[-85.68981846256526,43.02908003633656],[-85.68971065265724,43.02914760291456],[-85.68961038556026,43.029227127669095],[-85.68951011846329,43.02930665242363],[-85.68940985136632,43.02938617717815],[-85.68940881557577,43.029486883664205],[-85.6894167,43.0296365],[-85.6894277,43.0298467],[-85.6894339,43.0299646],[-85.689447,43.030213],[-85.6894534,43.0302924],[-85.68946,43.0303744],[-85.6894773,43.0305895],[-85.689489,43.030735],[-85.6894998,43.030944],[-85.6895079,43.0311001],[-85.6895104,43.031149],[-85.689534,43.031603200000006],[-85.6895511,43.0319323],[-85.6895537,43.0319831],[-85.6895558,43.0320239],[-85.689589,43.032663],[-85.6895756,43.0329171],[-85.689569,43.033043],[-85.6896128,43.033691],[-85.6896174,43.0337603],[-85.6896208,43.0338322],[-85.6896287,43.034005],[-85.689635,43.034142],[-85.689637769438,43.03457235088181],[-85.68931127906613,43.03467729923108],[-85.68926884374474,43.03478125469538],[-85.68922640842334,43.03488521015967],[-85.68918397310193,43.034989165623976],[-85.68906519733763,43.035048374790435],[-85.68893731589343,43.0351022467405],[-85.68880943444924,43.035156118690566],[-85.68868155300504,43.03520999064064],[-85.68855367156085,43.0352638625907],[-85.68842579011667,43.03531773454077],[-85.68830027813448,43.035374180563885],[-85.68818508851855,43.03544184032445],[-85.68806989890261,43.035509500085006],[-85.68795470928669,43.03557715984556],[-85.68783951967076,43.03564481960611],[-85.68772433005483,43.035712479366666],[-85.68760914043891,43.035780139127226],[-85.68750369921149,43.03585482236247],[-85.68741452837126,43.03594122801239],[-85.68732535753104,43.03602763366232],[-85.68723618669082,43.03611403931224],[-85.68714701585061,43.03620044496217],[-85.68705784501039,43.03628685061209],[-85.68696867417017,43.036373256262024],[-85.68688781556423,43.036462726690594],[-85.6868879,43.036503800000006],[-85.686888,43.036574],[-85.6868884,43.0366646],[-85.6868906,43.0372369],[-85.6868937,43.0380129],[-85.68689393398508,43.03807028738478],[-85.68657608692607,43.03816758696643],[-85.68650926223641,43.03826433062893],[-85.68644243754677,43.03836107429143],[-85.68637561285713,43.03845781795393],[-85.68630878816748,43.038554561616436],[-85.68624196347784,43.03865130527893],[-85.68616917596569,43.03874510060525],[-85.68607305189705,43.03882735709841],[-85.68597692782842,43.038909613591585],[-85.6858808037598,43.03899187008476],[-85.68578467969117,43.03907412657792],[-85.68568855562253,43.039156383071095],[-85.6855924315539,43.03923863956427],[-85.68549630748528,43.03932089605743],[-85.68539945516987,43.03943820363375],[-85.685322,43.03945],[-85.6851108,43.0394975],[-85.685015,43.039519],[-85.684822,43.039614],[-85.684754,43.039647],[-85.684617,43.039755],[-85.684475,43.03987599999999],[-85.6841808,43.0400984],[-85.683975,43.040254],[-85.683939,43.0402842],[-85.683471,43.040676],[-85.683325,43.040786],[-85.683068,43.041004],[-85.68303911527768,43.04103602863767],[-85.68325968394058,43.04126499372512],[-85.68322985283031,43.04137130215219],[-85.68320002172003,43.04147761057927],[-85.68317019060974,43.04158391900634],[-85.68314035949946,43.041690227433406],[-85.68311052838918,43.041796535860485],[-85.68308476924422,43.04190338967605],[-85.68306194003343,43.04201063591942],[-85.68303911082262,43.04211788216279],[-85.68272838712757,43.04222778522316],[-85.682735,43.042617],[-85.68273834128547,43.042863998103876],[-85.68305975360391,43.04296610233367],[-85.6831012509013,43.04307026327624],[-85.68314274819866,43.043174424218805],[-85.68318424549605,43.04327858516136],[-85.68322574279343,43.04338274610392],[-85.68334360008062,43.0435778],[-85.6835927,43.0435776],[-85.6838413,43.04357749999999],[-85.683873,43.04357749999999],[-85.6845107,43.0435773],[-85.6845381,43.0435773],[-85.685146,43.043577],[-85.6857814,43.0435763],[-85.686074,43.043576],[-85.686507,43.043572999999995],[-85.686929,43.043585],[-85.6870272,43.043584499999994],[-85.687699,43.043581],[-85.6882474,43.0435747],[-85.6883946,43.043572999999995],[-85.688483,43.043572],[-85.688548,43.043572],[-85.68861575573457,43.0435723944383],[-85.68874532959077,43.04353933148606],[-85.68885979350199,43.04347100604035],[-85.68897425741321,43.04340268059463],[-85.68908872132442,43.04333435514892],[-85.68920318523564,43.043266029703204],[-85.68931764914686,43.0431977042575],[-85.68943211305807,43.04312937881179],[-85.68961627936929,43.043023083187315],[-85.689617,43.04290290000001],[-85.6896217,43.04212650000001],[-85.6896245,43.0416481],[-85.6896216,43.0414562],[-85.6896278,43.041103699999994],[-85.689632,43.040398],[-85.689631,43.0401793],[-85.6896296,43.040077800000006],[-85.6896306,43.0397785],[-85.689631,43.039643],[-85.68963,43.039324],[-85.68963005661743,43.03923729039514],[-85.68991403053569,43.03902014701977],[-85.69076967407517,43.039027523874594],[-85.6908881272124,43.03896423414894],[-85.69099659792346,43.03889078976419],[-85.6911050686345,43.03881734537944],[-85.69121353934555,43.03874390099469],[-85.69132201005661,43.03867045660994],[-85.69143048076766,43.03859701222518],[-85.6917657,43.038500908792216],[-85.6917657,43.0381855],[-85.6917657,43.0380823],[-85.69175870883035,43.03778176601542],[-85.69158313945843,43.037685886497606],[-85.69151774084855,43.03758861494504],[-85.69145234223868,43.03749134339247],[-85.69138694362879,43.03739407183989],[-85.6914318681256,43.037339971950885],[-85.69157783572741,43.03732541227303],[-85.69172380332923,43.03731085259517],[-85.69186977093104,43.03729629291731],[-85.69201573853285,43.03728173323946],[-85.69216290170014,43.03728131331466],[-85.6923101926614,43.037282404787334],[-85.69245748362262,43.03728349626002],[-85.69260477458386,43.03728458773269],[-85.6927520655451,43.037285679205375],[-85.69289935650633,43.03728677067805],[-85.69304664746757,43.037287862150734],[-85.69319393799995,43.03728898441559],[-85.69334122832713,43.03729012141383],[-85.6934885186543,43.03729125841207],[-85.69363580898148,43.03729239541031],[-85.69378309930867,43.03729353240855],[-85.69393038963585,43.0372946694068],[-85.69407767996303,43.03729580640504],[-85.69421228249199,43.03726353527288],[-85.69433737048523,43.03720621149998],[-85.69446245847847,43.03714888772708],[-85.6945875464717,43.03709156395418],[-85.69471263446493,43.037034240181285],[-85.69483772245819,43.03697691640838],[-85.69490174781996,43.03688083041559],[-85.69496013431078,43.036781164898784],[-85.69501852080158,43.03668149938196],[-85.6950769072924,43.03658183386515],[-85.69513529378322,43.036482168348336],[-85.69519368027403,43.036382502831515],[-85.69525206676485,43.0362828373147],[-85.69524564584935,43.036174713225115],[-85.69523725206481,43.03606633163938],[-85.69522885828029,43.03595795005366],[-85.69522046449576,43.03584956846794],[-85.69521207071122,43.035741186882206],[-85.6952036769267,43.03563280529649],[-85.69519528314216,43.035524423710754],[-85.69512536631693,43.03544589465087],[-85.6949935969436,43.035397378002095],[-85.69486868856751,43.035132362672066],[-85.694348,43.0351234]]}},{"type":"Feature","properties":{"routeId":"6","color":"#F9CBDF","dir":"Northbound","trips":146,"dests":"Downtown/RCS"},"geometry":{"type":"LineString","coordinates":[[-85.58782233976883,42.91358457755365],[-85.5876801795377,42.913556155107294],[-85.58753801930654,42.913527732660945],[-85.58739585907539,42.9134993102146],[-85.58725369884422,42.91347088776825],[-85.58711153861307,42.91344246532189],[-85.58704805208113,42.913478064067434],[-85.58707238943816,42.91358513002635],[-85.5870967267952,42.91369219598525],[-85.58712106415221,42.913799261944156],[-85.58714540150925,42.91390632790306],[-85.58716785939497,42.91401300881862],[-85.58707204082305,42.91409545868446],[-85.58697622225111,42.9141779085503],[-85.58688040367919,42.91426035841615],[-85.58678458510727,42.914342808281994],[-85.58668876653533,42.91442525814784],[-85.58659294796341,42.91450770801369],[-85.58649712939149,42.91459015787953],[-85.58638748837046,42.91466253507345],[-85.58627670419857,42.914734079232375],[-85.58616592002664,42.9148056233913],[-85.58605513585475,42.91487716755023],[-85.58594435168285,42.91494871170916],[-85.58583356751093,42.915020255868086],[-85.58572278333904,42.91509180002702],[-85.58561257089897,42.91516381352521],[-85.5855041569058,42.91523730338294],[-85.58539574291262,42.915310793240664],[-85.58528732891945,42.91538428309839],[-85.58517891492627,42.915457772956124],[-85.5850705009331,42.91553126281385],[-85.58496208693992,42.91560475267157],[-85.58485367294675,42.915678242529296],[-85.58476276015428,42.91576315793788],[-85.58467685307365,42.91585134129457],[-85.58459094599301,42.91593952465124],[-85.58450503891238,42.91602770800792],[-85.58441913183175,42.91611589136459],[-85.58433322475112,42.91620407472127],[-85.58424731767049,42.916292258077945],[-85.58421454321693,42.91639207582205],[-85.58422118065289,42.91650052354021],[-85.58422781808885,42.916608971258356],[-85.58423445552481,42.91671741897651],[-85.58424109296077,42.91682586669466],[-85.58424773039673,42.91693431441281],[-85.58425436783267,42.91704276213096],[-85.58428908717794,42.91714648152562],[-85.5843470091666,42.91724629414873],[-85.58440493115528,42.917346106771845],[-85.58446285314393,42.91744591939496],[-85.58452077513262,42.91754573201807],[-85.58457869712127,42.91764554464119],[-85.58463661910996,42.917745357264295],[-85.58469544106795,42.91784487225029],[-85.58475811089055,42.91794311467367],[-85.58482078071314,42.91804135709705],[-85.58488345053573,42.91813959952044],[-85.58494612035832,42.91823784194382],[-85.58500879018091,42.91833608436719],[-85.5850714600035,42.918434326790575],[-85.58502840458789,42.91851514911384],[-85.58491493488185,42.918584369439216],[-85.58480146517583,42.918653589764595],[-85.5846879954698,42.918722810089974],[-85.58457452576378,42.918792030415354],[-85.58446105605775,42.918861250740726],[-85.58437027320488,42.91894439903686],[-85.58429840129189,42.919039157185445],[-85.58393555456995,42.91914838127164],[-85.5839487,42.919292],[-85.5839588,42.9194595],[-85.5839787,42.91974489999999],[-85.5839825,42.9197862],[-85.5839889,42.9198558],[-85.583957,42.920497999999995],[-85.584014,42.921244],[-85.584028,42.92147],[-85.5840713,42.9219193],[-85.584084,42.922051],[-85.584266,42.924111],[-85.58428328026666,42.92437775670223],[-85.58460592755202,42.924460410446386],[-85.58458819396787,42.92420409746102],[-85.58488892505369,42.92409516221055],[-85.58494685290201,42.923995351434506],[-85.5850200753387,42.9239023282819],[-85.5851126768993,42.92381790543891],[-85.5852052784599,42.92373348259592],[-85.58529788002049,42.92364905975295],[-85.58539048158109,42.92356463690996],[-85.58548308314168,42.92348021406698],[-85.58557568470229,42.92339579122399],[-85.58570152529103,42.923206192829646],[-85.5857567,42.9232058],[-85.5860025,42.9232041],[-85.5864561,42.9232009],[-85.58670860890615,42.92319906812935],[-85.58684452630752,42.92343830269907],[-85.58697786451728,42.92348443250999],[-85.58711120272703,42.923530562320906],[-85.5872445409368,42.923576692131824],[-85.58737787914656,42.92362282194275],[-85.58750225781687,42.923675150264955],[-85.58755630451742,42.923776136613675],[-85.58761035121798,42.923877122962395],[-85.58766439791853,42.923978109311115],[-85.58771844461907,42.92407909565984],[-85.58777249131963,42.92418008200857],[-85.58781013937477,42.92428226064872],[-85.58778390978351,42.92438908362187],[-85.58775768019228,42.92449590659503],[-85.58773145060103,42.92460272956819],[-85.5877052210098,42.924709552541344],[-85.58794497492381,42.924910906248506],[-85.587799,42.925134],[-85.5877346,42.9252051],[-85.5876926,42.9252515],[-85.58758,42.925376],[-85.587456,42.925506999999996],[-85.5873821,42.9255856],[-85.587236,42.925741],[-85.5871624,42.92586560000001],[-85.587083,42.926],[-85.587021,42.926293],[-85.58702133104879,42.92651596136344],[-85.58731273396482,42.92659232865436],[-85.58741920102783,42.926667348615574],[-85.58752566809086,42.9267423685768],[-85.58763213515388,42.92681738853801],[-85.58773860221692,42.926892408499235],[-85.58785704058216,42.92692108541202],[-85.5889763,42.9269235],[-85.5890685,42.9269252],[-85.5892117,42.926924],[-85.589438,42.926922],[-85.590072,42.926917],[-85.5905815,42.926921099999994],[-85.591072,42.926925],[-85.5918393,42.9269395],[-85.592144,42.926943],[-85.593203,42.926953],[-85.59372,42.92696],[-85.594343,42.926967],[-85.59496,42.92697299999999],[-85.5954304,42.9269825],[-85.5961426,42.9269941],[-85.596194,42.926995000000005],[-85.596812,42.927],[-85.597794,42.9270127],[-85.598053,42.927016],[-85.598654,42.92702],[-85.599298,42.927031],[-85.5994133,42.9270325],[-85.600078,42.927040999999996],[-85.6008493,42.9270502],[-85.6013229,42.9270559],[-85.6022439,42.9270669],[-85.6026827,42.9270721],[-85.6030169,42.9270761],[-85.603515,42.927082],[-85.6041177,42.92708700000001],[-85.6044579,42.9270899],[-85.6055601,42.9270979],[-85.606398,42.927106],[-85.6068107,42.927115],[-85.6077654,42.9271235],[-85.6079778,42.9271273],[-85.6083444,42.9271339],[-85.60847441274039,42.9271341252473],[-85.60859492396837,42.92727520502813],[-85.60868457804372,42.92736133864226],[-85.60877423211907,42.927447472256375],[-85.60886388619443,42.9275336058705],[-85.60920366433564,42.927604212936956],[-85.6092119,42.9276777],[-85.6092233,42.9277788],[-85.6092479,42.9281815],[-85.6093064,42.9288607],[-85.6093115,42.9289215],[-85.6093285,42.9290919],[-85.6093538,42.929346],[-85.6093584,42.9294147],[-85.609365,42.92949],[-85.609389,42.92976540000001],[-85.6094275,42.930238],[-85.6094399,42.930426],[-85.6094555,42.9306517],[-85.60945951436267,42.93071196211889],[-85.60946728670868,42.93082003635069],[-85.6094737,42.930899],[-85.6094793,42.9310391],[-85.6094869,42.9311115],[-85.6095559,42.9318542],[-85.6096,42.9323377],[-85.6096351,42.9328883],[-85.609639,42.93295],[-85.6097653,42.9342988],[-85.609772,42.93437],[-85.6097791,42.9344589],[-85.6098094,42.9348123],[-85.609896,42.935913],[-85.609949,42.936414],[-85.609968,42.936713],[-85.6099754,42.9368085],[-85.610047,42.937728],[-85.610067,42.937983],[-85.610117,42.938657],[-85.610128,42.938778],[-85.610195,42.939864],[-85.610197,42.940428],[-85.610189,42.94053],[-85.610167,42.9406481],[-85.6101048,42.940935800000005],[-85.610075,42.941025],[-85.6100516,42.9411152],[-85.610025,42.941218],[-85.609992,42.941311],[-85.6099766,42.9413731],[-85.6099625,42.9414298],[-85.609956,42.941456],[-85.609942,42.941586],[-85.6099514,42.9419411],[-85.6099665,42.9425128],[-85.609975,42.942833],[-85.6099766,42.94289319999999],[-85.61,42.9438],[-85.610011,42.944208],[-85.610023,42.944659],[-85.610033,42.944897],[-85.610065,42.9457926],[-85.6100645,42.9458837],[-85.6100625,42.9462378],[-85.61006298360795,42.94632117400986],[-85.61006601905781,42.94642871633346],[-85.6100766,42.9465406],[-85.6100921,42.9467757],[-85.610144,42.946980499999995],[-85.610158,42.947028],[-85.610248,42.947201],[-85.610313,42.947285],[-85.610499,42.947489],[-85.61075,42.947694],[-85.611131,42.947909],[-85.6114354,42.948145100000005],[-85.6115487,42.9482821],[-85.6115906,42.9483419],[-85.61162221251257,42.94839977369072],[-85.61167253547859,42.94851169110079],[-85.61173,42.9486796],[-85.6117576,42.9488753],[-85.6118025,42.9492779],[-85.611818,42.9494173],[-85.6118321,42.949544],[-85.61219072095314,42.949627841991976],[-85.61228253769372,42.949684767700674],[-85.6125918,42.9498119],[-85.6129809,42.9499737],[-85.614154,42.9504331],[-85.6142437,42.95046910000001],[-85.6143287,42.9505043],[-85.6146441,42.9506267],[-85.6147604,42.9506718],[-85.6152407,42.9508582],[-85.6153656,42.95090470000001],[-85.615456,42.9509407],[-85.6157753,42.9510677],[-85.6160597,42.9511808],[-85.6163242,42.951286],[-85.6164188,42.9513236],[-85.6165179,42.9513647],[-85.6174016,42.9517317],[-85.617501,42.951773],[-85.6175974,42.951808],[-85.6185653,42.952183],[-85.6187389,42.9522502],[-85.619215,42.95242],[-85.6192586,42.9524385],[-85.619718,42.952634],[-85.6200642,42.952799000000006],[-85.620398,42.953014],[-85.6206468,42.9531941],[-85.620738,42.9532651],[-85.6209678,42.9534439],[-85.6209878,42.9534597],[-85.6212792,42.9537042],[-85.6215499,42.9539313],[-85.6217135,42.9540541],[-85.621961,42.95422500000001],[-85.622409,42.954453],[-85.6230404,42.9547563],[-85.623931,42.95518400000001],[-85.624269,42.95532],[-85.624612,42.955415],[-85.6247861,42.95544850000001],[-85.624898,42.95547],[-85.6250104,42.9554806],[-85.62529,42.9555049],[-85.625461,42.955513],[-85.6258187,42.9555222],[-85.6263995,42.9555235],[-85.626512,42.9555237],[-85.6271155,42.9555246],[-85.6271733,42.9555247],[-85.627205,42.9555246],[-85.6281186,42.9555209],[-85.6282302,42.9555205],[-85.6292025,42.9555191],[-85.6292819,42.955519],[-85.6293252,42.955519200000005],[-85.6298326,42.9555153],[-85.630318,42.955504],[-85.6311353,42.955508],[-85.631342,42.955509],[-85.63145537537216,42.95550788063807],[-85.63171106555147,42.955547683656796],[-85.6317798,42.955588],[-85.6321481,42.9558038],[-85.6326511,42.95609209999999],[-85.6327724,42.9561616],[-85.6328124,42.9561845],[-85.6328716,42.9562184],[-85.633109,42.9563545],[-85.6338243,42.9567595],[-85.6339192,42.9568185],[-85.6340106,42.9568712],[-85.6341382,42.95694660000001],[-85.634234,42.9570029],[-85.6343729,42.9570817],[-85.6348009,42.9573244],[-85.6348547,42.9573551],[-85.6349738,42.957423],[-85.6350407,42.957467199999996],[-85.6351016,42.9575025],[-85.635197,42.9575486],[-85.6353034,42.95759],[-85.635396,42.957626],[-85.635499,42.957654],[-85.6355592,42.9576664],[-85.6355849,42.9576717],[-85.6357978,42.9577156],[-85.6358664,42.95772860000001],[-85.635943,42.957742499999995],[-85.6361598,42.9577823],[-85.6362882,42.9578051],[-85.6364067,42.95782609999999],[-85.6373556,42.9579946],[-85.6374356,42.9580094],[-85.6376635,42.9580504],[-85.6384742,42.958194],[-85.6387461,42.95824669999999],[-85.6389662,42.9582874],[-85.6395244,42.9584079],[-85.639716,42.9584445],[-85.6398918,42.9584868],[-85.640078,42.9585305],[-85.6405836,42.9586805],[-85.6407053,42.9587166],[-85.6410047,42.9588028],[-85.641167,42.9588494],[-85.641789,42.959037],[-85.6424004,42.9592144],[-85.642622,42.9592847],[-85.6427512,42.9593257],[-85.6428632,42.9593613],[-85.6430371,42.9594098],[-85.6434375,42.9595262],[-85.6437769,42.9596142],[-85.6442785,42.9597364],[-85.6444185,42.9597698],[-85.6445147,42.9597959],[-85.6446074,42.9598219],[-85.6452109,42.9599546],[-85.6460702,42.9601697],[-85.646601,42.9602981],[-85.6473492,42.9604718],[-85.6475723,42.9605287],[-85.648119,42.960668],[-85.648279,42.96070799999999],[-85.6485749,42.9607811],[-85.6488291,42.9608439],[-85.6492979,42.9609598],[-85.649404,42.960986],[-85.6495145,42.96102830000001],[-85.6500077,42.9612169],[-85.6511463,42.9616523],[-85.651266,42.961698],[-85.651372,42.9617407],[-85.6525418,42.9622014],[-85.6536875,42.962659499999994],[-85.6541269,42.9628352],[-85.6542166439929,42.96286672066896],[-85.65420296420116,42.96312262416242],[-85.65430342300199,42.9632020173979],[-85.65438701211572,42.96328824721489],[-85.654379,42.963631],[-85.654394,42.964282000000004],[-85.654416,42.965101600000004],[-85.654418,42.965178],[-85.6544201,42.9652611],[-85.6544301,42.965657799999995],[-85.6544414,42.9661037],[-85.6544392,42.9662984],[-85.6544436,42.9665529],[-85.6544492,42.9668839],[-85.65445,42.9669277],[-85.65445997340878,42.96719195783856],[-85.65470186447425,42.96735545416797],[-85.6552063,42.9673629],[-85.655552,42.967368],[-85.656092,42.967378],[-85.656834,42.967392],[-85.656943,42.967394],[-85.6570542,42.96739600000001],[-85.6577023,42.96740750000001],[-85.6577361,42.9674081],[-85.658012,42.967413],[-85.6584136,42.9674172],[-85.659268,42.96742600000001],[-85.659346,42.967426999999994],[-85.6597395,42.967423],[-85.6601558,42.9674187],[-85.660226,42.967418],[-85.6603705,42.9674142],[-85.661059,42.96739600000001],[-85.6617767,42.9673914],[-85.661844,42.967391],[-85.6619549,42.9673888],[-85.6627906,42.967371],[-85.6636321,42.96736039999999],[-85.663731,42.967359],[-85.6638539,42.9673566],[-85.6648658,42.9673369],[-85.6648999,42.9673362],[-85.664963,42.967335000000006],[-85.6651078,42.9673334],[-85.6663416,42.9673198],[-85.6664492,42.96731859999999],[-85.6665869,42.9673147],[-85.667239,42.967296],[-85.667933,42.967295299999996],[-85.66807977445725,42.96729422970752],[-85.6681455,42.9672929],[-85.6688424,42.967278900000004],[-85.6689574,42.9672748],[-85.669067,42.9672726],[-85.6699508,42.9672606],[-85.670061,42.9672606],[-85.6701711,42.9672585],[-85.67190649315525,42.9672330446157],[-85.67219698583189,42.967182775247],[-85.6721954,42.9671488],[-85.6721757,42.9667358],[-85.6721631,42.96646870000001],[-85.67216,42.96638],[-85.6721591,42.9662312],[-85.6721479,42.96531939999999],[-85.6721401,42.9650196],[-85.6721376,42.964923199999994],[-85.6721846,42.96482],[-85.6721969,42.964793],[-85.672269,42.9646848],[-85.6723131,42.9646349],[-85.6723732,42.9645791],[-85.672714,42.9642624],[-85.6727667,42.9642129],[-85.6728741,42.9640913],[-85.6730008,42.9639153],[-85.6730677,42.9638191],[-85.6731007,42.9637716],[-85.6733699,42.96336269999999],[-85.67341531282182,42.96329598071139],[-85.67347559851164,42.9631965687],[-85.6734954,42.963162000000004],[-85.673658,42.962907],[-85.6737351,42.9627885],[-85.673901,42.96253819999999],[-85.674044,42.9623224],[-85.6741193,42.9622084],[-85.6743559,42.9618422],[-85.6743866,42.9617947],[-85.6744184,42.9617454],[-85.6745211,42.9615863],[-85.6745907,42.9614786],[-85.6746936,42.9613192],[-85.6747094,42.9612948],[-85.6748755,42.961037700000006],[-85.6749457,42.960929],[-85.6753448,42.96031109999999],[-85.675383,42.9602535],[-85.6754116,42.9602103],[-85.6755673,42.9599757]]}},{"type":"Feature","properties":{"routeId":"90","color":"#43AD49","dir":"Outbound","trips":133,"dests":"60th Street P&R"},"geometry":{"type":"LineString","coordinates":[[-85.67347906685329,42.960891932225564],[-85.6734795,42.9609822],[-85.6734804,42.9611828],[-85.6734806,42.9612223],[-85.673516,42.961935000000004],[-85.6735236,42.9620885],[-85.6735279,42.9621739],[-85.67384573462965,42.96236603589838],[-85.67392067221549,42.96250851283844],[-85.673901,42.96253819999999],[-85.6737351,42.9627885],[-85.673658,42.962907],[-85.6734954,42.963162000000004],[-85.67347921749426,42.9631902508151],[-85.6734177155321,42.96329245071448],[-85.6733699,42.96336269999999],[-85.6731007,42.9637716],[-85.6730677,42.9638191],[-85.6730008,42.9639153],[-85.6728741,42.9640913],[-85.6727667,42.9642129],[-85.672714,42.9642624],[-85.6723732,42.9645791],[-85.6723131,42.9646349],[-85.672269,42.9646848],[-85.6721969,42.964793],[-85.6721846,42.96482],[-85.6721376,42.964923199999994],[-85.6721401,42.9650196],[-85.6721479,42.96531939999999],[-85.6721591,42.9662312],[-85.67216,42.96638],[-85.6721631,42.96646870000001],[-85.6721757,42.9667358],[-85.6721954,42.9671488],[-85.6721987,42.9672195],[-85.6722042,42.967324],[-85.6722202,42.9677878],[-85.6722132,42.9680704],[-85.6721595,42.968525],[-85.672153,42.9685965],[-85.6721996,42.9687058],[-85.6721956,42.9687902],[-85.6721908,42.9688908],[-85.6721883,42.9689424],[-85.6721396,42.9690329],[-85.6721626,42.9695536],[-85.67217192336987,42.96976352866444],[-85.67207452517019,42.969863775227914],[-85.67196437542474,42.96993584949073],[-85.67185422567927,42.970007923753556],[-85.67174407593382,42.970079998016374],[-85.67163392618835,42.9701520722792],[-85.6715237764429,42.97022414654203],[-85.67141362669743,42.97029622080485],[-85.67127662435958,42.97040449892033],[-85.6708722,42.9704146],[-85.6702278,42.9704273],[-85.6700952,42.9704297],[-85.6699872,42.9704316],[-85.6691906,42.9704468],[-85.6690185,42.9704501],[-85.6688924,42.9704479],[-85.66832955523236,42.97045425500496],[-85.66818723879821,42.97045980888397],[-85.6681531,42.9704614],[-85.667882,42.9704705],[-85.667561,42.9704788],[-85.6673234,42.9704844],[-85.66702429200816,42.97048931072822],[-85.66687301424163,42.97025063614436],[-85.66655061544112,42.97018658270793],[-85.66652451550205,42.96945518210755],[-85.666392254685,42.969371777251666],[-85.66629376515962,42.96929105496777],[-85.66619527563425,42.969210332683865],[-85.6660967861089,42.96912961039996],[-85.66599829658352,42.969048888116056],[-85.66589980705817,42.96896816583215],[-85.6658013175328,42.96888744354825],[-85.66570249422087,42.96880694586553],[-85.66560235484515,42.968727333747196],[-85.66550221546942,42.96864772162886],[-85.6654020760937,42.96856810951053],[-85.66530193671797,42.96848849739219],[-85.66520179734225,42.96840888527385],[-85.66510165796652,42.96832927315552],[-85.66499619171651,42.96823233908285],[-85.6649631,42.9674224],[-85.664963,42.967335000000006],[-85.6649639,42.9672727],[-85.664967,42.967065999999996],[-85.6649623,42.96697],[-85.6649595,42.9669138],[-85.6649516,42.9667531],[-85.664921,42.966129],[-85.6649288,42.9654903],[-85.6649349,42.9654168],[-85.6649408,42.9653288],[-85.6649552,42.964719699999996],[-85.6649733,42.964403],[-85.6649683,42.964322],[-85.6649622,42.964241],[-85.6649661,42.9641163],[-85.6649689,42.9640352],[-85.6649768,42.9638104],[-85.6649815,42.9636782],[-85.6649957,42.9632729],[-85.66473036145538,42.963160190817476],[-85.66464809554247,42.96307014135298],[-85.66456582962958,42.96298009188849],[-85.66420844738951,42.9628944215031],[-85.6641995,42.962589099999995],[-85.6641887,42.96221800000001],[-85.664184,42.96205700000001],[-85.6641773,42.961836399999996],[-85.6641679,42.9615279],[-85.664164,42.9613998],[-85.664163,42.961368],[-85.664148,42.960775999999996],[-85.6641423,42.960406],[-85.6641382,42.9601443],[-85.6641328,42.9597979],[-85.6641012,42.9597572],[-85.6640941,42.9597069],[-85.6640825,42.9596544],[-85.6640726,42.9596305],[-85.6642213,42.9594353],[-85.6641966,42.9593946],[-85.6641842,42.9593603],[-85.6641769,42.9593181],[-85.6641734,42.9592691],[-85.6641662,42.9591829],[-85.6641583,42.9590321],[-85.6641572,42.9589798],[-85.664162,42.9587857],[-85.6641632,42.9585271],[-85.6641597,42.9584237],[-85.6641538,42.9583047],[-85.6641525,42.958224],[-85.664141,42.958150200000006],[-85.6641382,42.957917099999996],[-85.6641341,42.95781950000001],[-85.6641331,42.9577158],[-85.6641362,42.9575943],[-85.6641269,42.957282],[-85.6641099,42.9569613],[-85.6640947,42.9566456],[-85.6640914,42.9566166],[-85.66409281616916,42.95654333684852],[-85.66421043678409,42.95645461893172],[-85.66431368722841,42.95637719542188],[-85.66441693767274,42.95629977191202],[-85.66452018811708,42.95622234840217],[-85.66462343856142,42.95614492489233],[-85.66472668900575,42.95606750138247],[-85.6649709,42.9558835],[-85.6652287,42.9558904],[-85.6658642,42.95590599999999],[-85.6660171,42.9559106],[-85.6660986,42.9559108],[-85.6662095,42.9559591],[-85.6662523,42.9559601],[-85.66660617361676,42.95596877600753],[-85.66675466809532,42.95593937546521],[-85.6669019356965,42.955937155388476],[-85.6670492032977,42.955934935311745],[-85.66718557071297,42.95591878955285],[-85.66726190326462,42.95582594542973],[-85.66733823581626,42.95573310130661],[-85.66766420769672,42.955638498564895],[-85.6676622,42.95548370000001],[-85.6677152,42.9551391],[-85.6677137,42.95506369999999],[-85.6677126,42.9550008],[-85.66771136705601,42.95493810251487],[-85.66769506252675,42.954829716614704],[-85.66763150512469,42.954721480495955],[-85.6676284,42.95438939999999],[-85.6676234,42.95416],[-85.6676116,42.9536719],[-85.6676,42.953192],[-85.6675998,42.9530755],[-85.6675972,42.952992],[-85.6675791,42.9524067],[-85.667561,42.951642],[-85.6675615,42.9513213],[-85.6675388,42.9505388],[-85.667523,42.950169],[-85.6675168,42.9498012],[-85.667514,42.949631],[-85.6675121,42.9494278],[-85.6675113,42.9493398],[-85.6675106,42.9492584],[-85.6675118,42.949161],[-85.6675104,42.9490635],[-85.6675102,42.94904449999999],[-85.6675066,42.9488272],[-85.6675056,42.9487337],[-85.6675065,42.94864059999999],[-85.66750349127047,42.948535235471226],[-85.66750976423653,42.94841740556871],[-85.6675578,42.9481613],[-85.6675522,42.9478216],[-85.6675474,42.94753390000001],[-85.6675198,42.9463133],[-85.6675134,42.9460289],[-85.6675131,42.9459271],[-85.6675053,42.94560119999999],[-85.6674963,42.9451157],[-85.6674808,42.9447085],[-85.6674721,42.94448090000001],[-85.6674621,42.944219],[-85.6674562,42.9437935],[-85.6674401,42.9433597],[-85.6674383,42.9433119],[-85.6674381,42.9428545],[-85.6674177,42.94239280000001],[-85.6674082,42.9419089],[-85.6674047,42.9417315],[-85.6674029,42.941638700000006],[-85.66738928772665,42.94159154910991],[-85.6673622660393,42.94147959507316],[-85.66736,42.941393000000005],[-85.6673516,42.9410796],[-85.6673458,42.940866],[-85.6673277,42.940594299999994],[-85.6673058,42.940265],[-85.6672877,42.939953100000004],[-85.6672692,42.9396359],[-85.6672654,42.9395815],[-85.6672631,42.9395194],[-85.667232,42.9388459],[-85.6672277,42.9388027],[-85.6672227,42.9387135],[-85.6672017,42.9383359],[-85.6671777,42.9378479],[-85.6671447,42.937106],[-85.6671406,42.9370473],[-85.6671313,42.9368834],[-85.6671241,42.9367376],[-85.6671231,42.93668889999999],[-85.6671188,42.9365946],[-85.6671064,42.936328],[-85.6670961,42.9361037],[-85.6670812,42.93578290000001],[-85.6670793,42.9357424],[-85.667075,42.93564799999999],[-85.667054,42.935407],[-85.6670511,42.9353416],[-85.6670258,42.934769],[-85.6670105,42.9344815],[-85.6669751,42.9338022],[-85.6669383,42.93301559999999],[-85.6669343,42.9329426],[-85.6669321,42.932858],[-85.6669111,42.9324435],[-85.6669008,42.932246],[-85.6668956,42.9321739],[-85.6668921,42.9321245],[-85.6668627,42.9315266],[-85.6668497,42.93127079999999],[-85.6668467,42.93121090000001],[-85.6668434,42.9311465],[-85.6668154,42.930593],[-85.6667774,42.9298212],[-85.6667738,42.9297522],[-85.6667529,42.9293568],[-85.6667446,42.9291999],[-85.6667284,42.928924499999994],[-85.6667199,42.92868959999999],[-85.6667069,42.9284867],[-85.6666973,42.9282616],[-85.6666924,42.928172],[-85.6666785,42.9280787],[-85.6666708,42.9279213],[-85.6666569,42.9276374],[-85.666653,42.927557],[-85.6666493,42.92747309999999],[-85.6666329,42.92709990000001],[-85.666611,42.926603],[-85.6666078,42.9265323],[-85.6665949,42.92600319999999],[-85.6665827,42.925731],[-85.6665764,42.9256367],[-85.66657,42.925542],[-85.6665595,42.9253288],[-85.6665522,42.9251959],[-85.6665481,42.9249182],[-85.666546,42.9248589],[-85.6665417,42.9248049],[-85.666528,42.9245996],[-85.6665242,42.9245593],[-85.6665086,42.9242252],[-85.666505,42.9240088],[-85.6665019,42.9239545],[-85.6664995,42.9238951],[-85.6664855,42.9235722],[-85.6664806,42.9235138],[-85.6664739,42.923399399999994],[-85.6664657,42.923142],[-85.6664635,42.9230498],[-85.6664615,42.9229971],[-85.6664234,42.9223298],[-85.666421,42.922261],[-85.666409,42.92199],[-85.6664004,42.9217443],[-85.666397,42.921649],[-85.6663948,42.9215945],[-85.6663874,42.9214121],[-85.6663747,42.92109880000001],[-85.6663647,42.9208508],[-85.666362,42.920785],[-85.6663569,42.9206549],[-85.6663499,42.92042380000001],[-85.6663439,42.9203292],[-85.6663384,42.9202494],[-85.6663333,42.9201398],[-85.6663222,42.9199706],[-85.6663118,42.9197612],[-85.6663073,42.9196696],[-85.6662933,42.919387],[-85.666288,42.919281],[-85.666282,42.919159],[-85.6662746,42.9189206],[-85.6662658,42.9186351],[-85.666254,42.9183744],[-85.6662514,42.9182804],[-85.6662457,42.9181682],[-85.66624,42.9180558],[-85.6662342,42.9179419],[-85.6662299,42.91785],[-85.6661798,42.916867],[-85.6661717,42.916728],[-85.6661603,42.91648279999999],[-85.6661502,42.9162693],[-85.6661397,42.916002999999996],[-85.6660921,42.9152856],[-85.666084,42.91512899999999],[-85.6660765,42.9148311],[-85.6660601,42.9144307],[-85.666046,42.914271],[-85.6660266,42.913919],[-85.666023,42.913853],[-85.6660199,42.913748000000005],[-85.6660169,42.913643],[-85.6660114,42.9134733],[-85.6660026,42.9132036],[-85.6659984,42.9130731],[-85.6659918,42.912899],[-85.6659737,42.9124201],[-85.6659663,42.9122232],[-85.665954,42.9119992],[-85.6659509,42.9119493],[-85.6659359,42.911712],[-85.6659218,42.9114952],[-85.6659163,42.9114008],[-85.6659127,42.9113354],[-85.6659036,42.911098],[-85.6659013,42.9110385],[-85.6658942,42.9109094],[-85.665876,42.9105784],[-85.6658705,42.91043849999999],[-85.6658695,42.9103589],[-85.665863,42.9102356],[-85.6658409,42.9098176],[-85.6658231,42.9094796],[-85.6658181,42.90938609999999],[-85.6658058,42.9091254],[-85.6657931,42.908919],[-85.6657874,42.9087768],[-85.6657791,42.9085715],[-85.665758,42.908179700000005],[-85.6657573,42.90815080000001],[-85.6657483,42.9076734],[-85.6657345,42.9074042],[-85.6657203,42.9071271],[-85.6657132,42.9069882],[-85.6656987,42.9067463],[-85.6656971,42.9065828],[-85.6656896,42.906484000000006],[-85.6656807,42.906351],[-85.6656741,42.9062688],[-85.6656552,42.9060288],[-85.6656407,42.9058372],[-85.6656372,42.9057243],[-85.6656308,42.9055174],[-85.6656202,42.9051781],[-85.6656163,42.905052],[-85.6656065,42.9048809],[-85.6655842,42.90449180000001],[-85.6655756,42.9043428],[-85.6655593,42.9040453],[-85.6655442,42.9036696],[-85.6655423,42.9036215],[-85.6655355,42.9034277],[-85.6655308,42.9032919],[-85.6655193,42.9029641],[-85.6655156,42.9028585],[-85.6655059,42.9025811],[-85.6654933,42.9022251],[-85.665478,42.9019509],[-85.6654526,42.90149589999999],[-85.6654513,42.9014622],[-85.6654391,42.9011388],[-85.6654315,42.9009384],[-85.6654233,42.9007205],[-85.6654164,42.9005542],[-85.6654143,42.9005035],[-85.6654105,42.9003793],[-85.6654083,42.9003073],[-85.6654056,42.9002203],[-85.6654015,42.9000865],[-85.6653976,42.8999583],[-85.6653921,42.8997813],[-85.6653858,42.8995757],[-85.6653839,42.8995123],[-85.6653474,42.898733199999995],[-85.6653419,42.898615400000004],[-85.6653358,42.8984938],[-85.665323,42.8982398],[-85.665304,42.8978618],[-85.6652927,42.8976377],[-85.6652895,42.8975713],[-85.6652805,42.897385],[-85.6652713,42.8971937],[-85.6652552,42.8968593],[-85.6652466,42.8966812],[-85.6652339,42.8964183],[-85.66523,42.89633739999999],[-85.6652229,42.896155],[-85.6652131,42.8960069],[-85.6651946,42.8957061],[-85.6651761,42.89547139999999],[-85.6651732,42.8953984],[-85.665166,42.8952146],[-85.6651557,42.894951],[-85.6651443,42.8946586],[-85.665137,42.8944719],[-85.6651301,42.8942875],[-85.665126,42.8941722],[-85.6651225,42.8940872],[-85.6651192,42.8940004],[-85.6651155,42.8939009],[-85.6651133,42.8938429],[-85.6651051,42.8936257],[-85.6651029,42.8935671],[-85.6650967,42.8933675],[-85.6650907,42.8931745],[-85.6650897,42.89314149999999],[-85.66508,42.8929797],[-85.66506,42.8926442],[-85.6650539,42.8922549],[-85.6650372,42.8919095],[-85.6650288,42.8917356],[-85.6650117,42.8913377],[-85.6650023,42.89111830000001],[-85.6649898,42.890826],[-85.6649803,42.890447099999996],[-85.6649611,42.8899227],[-85.6649505,42.8896404],[-85.6649466,42.88953550000001],[-85.6649383,42.8892512],[-85.6649315,42.8890177],[-85.664926,42.8888322],[-85.6649131,42.88858940000001],[-85.6648991,42.8881554],[-85.6648981,42.8881331],[-85.6648853,42.8878604],[-85.6648789,42.8877229],[-85.664855,42.8871124],[-85.6648452,42.8868092],[-85.6648397,42.8866302],[-85.6648295,42.8862934],[-85.6648226,42.88606879999999],[-85.6648122,42.88589360000001],[-85.6648068,42.8857732],[-85.664799,42.885601199999996],[-85.6647736,42.885038400000006],[-85.6647683,42.8849904],[-85.6647665,42.8848508],[-85.6647626,42.8845455],[-85.6647574,42.884134800000005],[-85.6647564,42.8840587],[-85.664753,42.8839425],[-85.6647474,42.8838311],[-85.6647334,42.8835505],[-85.6647324,42.88352979999999],[-85.6647257,42.8833951],[-85.6647227,42.8833587],[-85.6647021,42.8829361],[-85.6646917,42.8827121],[-85.6646526,42.8818081],[-85.6646464,42.8816663],[-85.6646423,42.8815782],[-85.6646385,42.881442099999994],[-85.664617,42.880665699999994],[-85.664612,42.8804854],[-85.6646031,42.88028310000001],[-85.6645943,42.880085],[-85.664589,42.8799644],[-85.6645872,42.8799166],[-85.6645769,42.8796599],[-85.664576,42.879636299999994],[-85.6645617,42.8793446],[-85.6645515,42.8791125],[-85.664548,42.879034],[-85.664531,42.87859329999999],[-85.664513,42.878129],[-85.6645005,42.8776353],[-85.664476,42.877216],[-85.6644514,42.8767438],[-85.664452,42.8765458],[-85.6644498,42.87635],[-85.6644497,42.8763138],[-85.6644362,42.8760427],[-85.6644319,42.8759554],[-85.6644301,42.875899],[-85.664416,42.87545600000001],[-85.6644102,42.8752015],[-85.6643998,42.8747505],[-85.6643965,42.8746607],[-85.6643874,42.87441539999999],[-85.664367,42.8738611],[-85.6643632,42.8737579],[-85.6643553,42.8735187],[-85.6643439,42.8731638],[-85.664342,42.873106],[-85.6643317,42.872746],[-85.6643292,42.8726596],[-85.6643244,42.8724948],[-85.6643213,42.872385],[-85.664317,42.87223680000001],[-85.6643135,42.87211030000001],[-85.6643072,42.8715387],[-85.6643064,42.8714704],[-85.664294,42.8712833],[-85.6642936,42.871175],[-85.6642779,42.8705894],[-85.6642755,42.8704868],[-85.6642664,42.8700955],[-85.6642643,42.8700039],[-85.6642534,42.8695329],[-85.6642491,42.8694386],[-85.6642377,42.86918719999999],[-85.6642252,42.8689106],[-85.6641962,42.868271799999995],[-85.6641838,42.8679999],[-85.6641766,42.8678416],[-85.6641742,42.86778880000001],[-85.6641447,42.867137],[-85.6641279,42.8667675],[-85.6641265,42.8667377],[-85.6641213,42.8666223],[-85.6641143,42.8664867],[-85.6641055,42.866265600000006],[-85.6641054,42.8662205],[-85.6640981,42.8659898],[-85.6641003,42.8658281],[-85.6640979,42.8656924],[-85.6640717,42.86470159999999],[-85.6640556,42.8643138],[-85.6640461,42.8639668],[-85.6640296,42.8635563],[-85.6640095,42.8629475],[-85.6640023,42.8627137],[-85.6639877,42.8622355],[-85.6639835,42.8621715],[-85.6639737,42.861881],[-85.6639476,42.86139],[-85.6639377,42.861011],[-85.6639245,42.8606258],[-85.6639119,42.860258200000004],[-85.6639032,42.8599911],[-85.663894,42.8597098],[-85.6638837,42.859344500000006],[-85.663874,42.8589741],[-85.663865,42.8587996],[-85.6638562,42.8584591],[-85.6638507,42.8582488],[-85.66383576558285,42.85782389408269]]}},{"type":"Feature","properties":{"routeId":"7","color":"#F37053","dir":"Eastbound","trips":124,"dests":"Central Station"},"geometry":{"type":"LineString","coordinates":[[-85.77848277637328,42.96877719506734],[-85.77862605274656,42.96880239013468],[-85.77876932911985,42.96882758520201],[-85.77876764241469,42.96873150755026],[-85.77863637979618,42.96868225042452],[-85.77850511717766,42.96863299329878],[-85.77836738631976,42.968598120223255],[-85.77822218846929,42.968579852222085],[-85.77807699061881,42.96856158422092],[-85.77793179276834,42.96854331621976],[-85.77778659491787,42.96852504821859],[-85.7776413970674,42.968506780217425],[-85.77749619921693,42.96848851221626],[-85.77735100136645,42.96847024421509],[-85.77721358640132,42.96849646329564],[-85.77707942455112,42.96854127722683],[-85.77694526270092,42.968586091158016],[-85.77681110085072,42.96863090508921],[-85.77667693900052,42.968675719020396],[-85.77654277715034,42.96872053295159],[-85.77626474967037,42.96882205806039],[-85.7762674,42.969074],[-85.7762693,42.9692497],[-85.7762701,42.9693293],[-85.7762766,42.9699404],[-85.7762785,42.9702182],[-85.7762882,42.970596],[-85.7762999,42.9709689],[-85.7762997,42.9710496],[-85.7763051,42.9713466],[-85.7763094,42.97158400000001],[-85.7763118,42.9718866],[-85.7763135,42.9720939],[-85.776315,42.972286],[-85.7763217,42.9725051],[-85.7763453,42.972825],[-85.7763426,42.9729153],[-85.7763475,42.9731281],[-85.7763471,42.97336119999999],[-85.776348,42.9733926],[-85.776355,42.973638],[-85.7763824,42.9743493],[-85.7764301,42.9755864],[-85.776434,42.975687],[-85.7764379,42.97580959999999],[-85.7764961,42.9776629],[-85.7765,42.977788],[-85.776574,42.979526],[-85.7766674,42.9822364],[-85.776675,42.982457],[-85.7767398,42.9840222],[-85.7767462,42.9840907],[-85.7767857,42.9850387],[-85.776812,42.9856356],[-85.77681238801725,42.98572626669623],[-85.77649305935844,42.98583392707972],[-85.77646800692703,42.985940903416285],[-85.77644295449561,42.98604787975286],[-85.77641790206418,42.98615485608942],[-85.77639284963276,42.98626183242599],[-85.77631271313226,42.98635196548919],[-85.77622765005754,42.98644059213435],[-85.77614258698281,42.986529218779495],[-85.7760575239081,42.98661784542465],[-85.77597246083337,42.9867064720698],[-85.77588739775865,42.98679509871495],[-85.77574437013516,42.98684090436068],[-85.775372,42.98683679999999],[-85.7749365,42.986832],[-85.774579,42.986828],[-85.7740937,42.9868269],[-85.7733102,42.9868252],[-85.7719346,42.9868223],[-85.7707792,42.9868198],[-85.7706328,42.986816],[-85.7695012,42.9868052],[-85.7692158,42.9868025],[-85.766951,42.9867808],[-85.766074,42.98677030000001],[-85.7658112,42.9867671],[-85.7632849,42.9867366],[-85.762782,42.986728],[-85.7618493,42.9867164],[-85.7606891,42.9867004],[-85.7606288,42.9866991],[-85.7602865,42.9866967],[-85.7594784,42.9866832],[-85.7588612,42.9866781],[-85.7580057,42.98663890000001],[-85.7572737,42.9866397],[-85.756993,42.98664],[-85.75559,42.98664],[-85.7555031,42.9866363],[-85.7554697282056,42.9866356876735],[-85.75533234314405,42.986882661783106],[-85.75523626168984,42.986964945314526],[-85.75514018023567,42.987047228845945],[-85.75504409878148,42.98712951237737],[-85.7549480173273,42.98721179590879],[-85.7548519358731,42.98729407944022],[-85.75475585441893,42.98737636297164],[-85.75465977296474,42.98745864650306],[-85.75461942445367,42.98756277668189],[-85.7546509,42.988071],[-85.754657,42.9881694],[-85.7546894,42.9886926],[-85.7547123,42.9890473],[-85.754737,42.9894102],[-85.7547572,42.989998199999995],[-85.754763,42.990154],[-85.754749,42.990318],[-85.7547138,42.9904297],[-85.754684,42.990524],[-85.754582,42.990671],[-85.7545005,42.9907421],[-85.7544842,42.9907563],[-85.75446286953229,42.99077498306925],[-85.75421261089637,42.99073098009525],[-85.7540664932067,42.99071726248106],[-85.75392037551703,42.990703544866875],[-85.75377425782736,42.99068982725268],[-85.75362814013766,42.99067610963849],[-85.753482022448,42.9906623920243],[-85.75330345395693,42.990639312407716],[-85.7531892,42.9905525],[-85.7530797,42.9904693],[-85.7528676,42.9903081],[-85.7526108,42.9901151],[-85.7523022,42.9898834],[-85.7521852,42.9897955],[-85.7520683,42.9897059],[-85.751815,42.9895119],[-85.7513607,42.9891639],[-85.751105,42.988968],[-85.750985,42.9888679],[-85.750244,42.98825],[-85.7500624,42.98809479999999],[-85.7499721,42.9880176],[-85.749756,42.987833],[-85.7497141,42.9877971],[-85.749645,42.98773800000001],[-85.7494434,42.98756509999999],[-85.74925,42.9873992],[-85.7492043,42.98736],[-85.748977,42.987165],[-85.748884,42.98709],[-85.7488024,42.9870385],[-85.7487069,42.9869835],[-85.748576,42.9869137],[-85.7484677,42.9868642],[-85.7483384,42.9868109],[-85.7482467,42.9867753],[-85.74819667486702,42.98675122423376],[-85.74803367645328,42.98653338112736],[-85.7474633,42.9865208],[-85.747081,42.986517],[-85.746932,42.986518],[-85.745785,42.986498],[-85.745501,42.986495],[-85.7450551,42.98649],[-85.744702,42.986486],[-85.7444853,42.9864834],[-85.7441841,42.9864798],[-85.743613,42.986473000000004],[-85.743042,42.986463],[-85.742529,42.986456],[-85.7422119,42.9864505],[-85.7421326,42.9864491],[-85.7419614,42.9864461],[-85.741438,42.986437],[-85.7411498,42.9864287],[-85.7407934,42.9864185],[-85.740601,42.986413],[-85.739898,42.986399],[-85.7393627,42.9863867],[-85.738294,42.986362],[-85.7372479,42.9863325],[-85.7371686,42.9863303],[-85.737052,42.986326999999996],[-85.7365066,42.9863142],[-85.7363817,42.986311300000004],[-85.7355099,42.9862908],[-85.7352936,42.9862867],[-85.734574,42.986273],[-85.7345241,42.9862718],[-85.734032,42.98626039999999],[-85.733666,42.986252],[-85.7336235,42.9862512],[-85.732824,42.98623599999999],[-85.732389,42.98622700000001],[-85.7318941,42.9862173],[-85.7316441,42.9862124],[-85.7313971,42.9862076],[-85.7312732,42.9862052],[-85.731162,42.986203],[-85.7310726,42.986201],[-85.7302888,42.9861832],[-85.7297584,42.9861712],[-85.729661,42.986169],[-85.729225,42.986166000000004],[-85.7285247,42.9861522],[-85.7282303,42.9861464],[-85.7272279,42.9861267],[-85.72709,42.986124],[-85.7269715,42.9861223],[-85.7260715,42.9861098],[-85.7254664,42.9861013],[-85.724728,42.986091],[-85.724655,42.98608999999999],[-85.724053,42.986084],[-85.7239142,42.9860826],[-85.7237215,42.9860806],[-85.7233887,42.9860773],[-85.7228611,42.986071900000006],[-85.7222542,42.9860658],[-85.721782,42.986061],[-85.7214,42.986061],[-85.7208599,42.98605619999999],[-85.7206527,42.9860543],[-85.720506,42.986053],[-85.7202165,42.98604819999999],[-85.7199015,42.9860429],[-85.719789,42.986041],[-85.719689,42.9860394],[-85.7195234,42.98603669999999],[-85.7192892,42.9860329],[-85.7192194,42.98603179999999],[-85.7189385,42.9860273],[-85.7186381,42.9860225],[-85.7181221,42.9860143],[-85.7179785,42.98601200000001],[-85.7178835,42.9860105],[-85.717787,42.986009],[-85.7176637,42.9860072],[-85.7174704,42.9860044],[-85.717374,42.986003],[-85.7172595,42.9860028],[-85.7167756,42.986002],[-85.716244,42.986001],[-85.715395,42.985993],[-85.715209,42.985992],[-85.713498,42.98598100000001],[-85.711857,42.985969],[-85.711591,42.985963],[-85.710817,42.985964],[-85.7099556,42.9859591],[-85.709419,42.985956],[-85.709239,42.985955],[-85.709123,42.9859528],[-85.7090164,42.9859508],[-85.708764,42.985946],[-85.708345,42.9859347],[-85.7083056,42.9859335],[-85.7081655,42.9859292],[-85.7080808,42.9859274],[-85.7080469,42.9859267],[-85.707612,42.985915],[-85.7075332,42.9859136],[-85.707174,42.985907],[-85.7045352,42.9857937],[-85.7043629,42.9857878],[-85.701725,42.9856794],[-85.701617,42.98567500000001],[-85.701348,42.985664],[-85.7012402,42.9856647],[-85.7010602,42.9856558],[-85.7007411,42.98564499999999],[-85.700681,42.985643],[-85.700212,42.98562],[-85.6996675,42.9855994],[-85.6988934,42.9855702],[-85.698492,42.985555],[-85.6979913,42.9855339],[-85.697875,42.98552900000001],[-85.697811,42.985527],[-85.697206,42.9855078],[-85.696644,42.98549],[-85.6959734,42.9854705],[-85.6957197,42.985463100000004],[-85.6955522,42.98545819999999],[-85.695476,42.985456],[-85.695412,42.985454],[-85.6953533,42.98545270000001],[-85.6948447,42.9854411],[-85.694223,42.985427],[-85.6934323,42.9854012],[-85.6931343,42.98539269999999],[-85.6931092,42.98539170000001],[-85.692996,42.985387],[-85.6928929,42.9853829],[-85.6918483,42.98534850000001],[-85.691775,42.985346],[-85.69139,42.98533799999999],[-85.6912896,42.9853355],[-85.6908789,42.9853254],[-85.690535,42.985317],[-85.6903996,42.9853128],[-85.6895592,42.9852867],[-85.689311,42.985279],[-85.6892069,42.9852761],[-85.6887494,42.9852633],[-85.6884662,42.98525539999999],[-85.6882097,42.9852482],[-85.688059,42.985244],[-85.6879647,42.9852409],[-85.6874294,42.98522340000001],[-85.6869499,42.9852077],[-85.6868381,42.985204],[-85.6867511,42.9852005],[-85.6860539,42.9851725],[-85.6857385,42.9851599],[-85.685617,42.985155],[-85.6855274,42.9851521],[-85.6852642,42.9851434],[-85.6846505,42.9851231],[-85.6845176,42.9851187],[-85.684405,42.98511500000001],[-85.6842998,42.9851118],[-85.684156,42.9851074],[-85.6839427,42.9851008],[-85.6835116,42.9850876],[-85.6832761,42.9850804],[-85.683174,42.9850773],[-85.6830598,42.9850723],[-85.6829852,42.9850691],[-85.6827091,42.9850553],[-85.682474,42.985044],[-85.6822346,42.98503689999999],[-85.6821147,42.9850333],[-85.6817707,42.985023000000005],[-85.6814129,42.9850098],[-85.681309,42.985006],[-85.6812173,42.9850027],[-85.680785,42.984987],[-85.6805401,42.9849797],[-85.680242,42.9849709],[-85.680008,42.984964],[-85.67994,42.98496],[-85.679332,42.984939000000004],[-85.6788791,42.9849229],[-85.678769,42.984919],[-85.6786703,42.9849156],[-85.6782061,42.9849021],[-85.6781771,42.9849012],[-85.67799692217493,42.98489535639486],[-85.67788949307823,42.984785783126206],[-85.67758716382383,42.984666900617064],[-85.6775934,42.9845894],[-85.6776773,42.9837534],[-85.6777022,42.983515],[-85.6779388,42.981289],[-85.6779673,42.9808898],[-85.6780091,42.9804462],[-85.6780276,42.9802873],[-85.6780285,42.9802678],[-85.6780406,42.98016770000001],[-85.6780486,42.9801],[-85.6781288,42.9794472],[-85.6782114,42.9786691],[-85.6782423,42.978369199999996],[-85.6783024,42.97774849999999],[-85.6783827,42.9770215],[-85.6783885,42.976913],[-85.6783944,42.9768217],[-85.6784956,42.9758236],[-85.678612,42.9748153],[-85.678585,42.9747393],[-85.67863,42.974245999999994],[-85.678654,42.974096],[-85.678701,42.97379399999999],[-85.678744,42.973731],[-85.67878,42.9737],[-85.67883160814398,42.97368029507229],[-85.67898790542051,42.97369990635494],[-85.6790655766005,42.973607667226574],[-85.67914324778047,42.97351542809821],[-85.67922091896044,42.973423188969846],[-85.67927557339186,42.973324412152046],[-85.679301987094,42.97321761382256],[-85.67932840079614,42.97311081549307],[-85.67935481449827,42.97300401716359],[-85.6793812282004,42.972897218834106],[-85.67940764190253,42.97279042050462],[-85.67943405560467,42.97268362217514],[-85.67943859018872,42.972577252493146],[-85.67940451485624,42.972471639242194],[-85.67937043952377,42.97236602599124],[-85.67933636419129,42.9722604127403],[-85.6793022888588,42.97215479948935],[-85.67926821352633,42.972049186238394],[-85.67923413819383,42.97194357298745],[-85.67920006286137,42.9718379597365],[-85.67889147879822,42.97171617118732],[-85.6788989,42.971644],[-85.6789361,42.9706866],[-85.6789374758524,42.970659642620895],[-85.67894299931609,42.97055126350731],[-85.6789464,42.9704841],[-85.678988,42.9696558],[-85.6789923,42.9695765],[-85.679043,42.968645],[-85.6791085,42.9676933],[-85.6791463,42.9671442],[-85.6791488,42.9670803],[-85.67917751951678,42.96675768107484],[-85.67917854871486,42.966637322120754],[-85.679161,42.96654680000001],[-85.6790775,42.966114999999995],[-85.679064,42.965588],[-85.679062,42.9648136],[-85.6790468,42.9645879],[-85.6790259,42.9643757],[-85.6789916,42.9642532],[-85.67885081600387,42.96395329008726],[-85.67882906608273,42.963837193607446],[-85.6788107,42.9637278],[-85.67878527278567,42.96362448248221],[-85.67875865914661,42.963519557486734],[-85.6786855,42.9632996],[-85.6785231,42.9629412],[-85.6783086,42.962581],[-85.6781119,42.9623229],[-85.6778783,42.9620745],[-85.6777859,42.9619861],[-85.6776936,42.9618977],[-85.6775684699221,42.96179179766504],[-85.67747051675663,42.96170368132767],[-85.6771679,42.96133629999999],[-85.67697950940048,42.96117722570951],[-85.67688376209186,42.96109134104525],[-85.6768217,42.961034],[-85.676702,42.9608961],[-85.6766293,42.9608011],[-85.676572,42.960696],[-85.6765204,42.9606126],[-85.676481,42.9605186],[-85.6763599,42.9601583],[-85.6762863,42.9600326],[-85.6762332,42.959972400000005]]}},{"type":"Feature","properties":{"routeId":"5","color":"#058b92","dir":"Northbound","trips":120,"dests":"Central Station / Acquest/28th"},"geometry":{"type":"LineString","coordinates":[[-85.55947827843097,42.91039780875535],[-85.559391,42.910445],[-85.559165,42.910616],[-85.559018,42.91076],[-85.558902,42.91093],[-85.5588925,42.9109503],[-85.558806,42.911136],[-85.558764,42.91129399999999],[-85.558742,42.9114],[-85.5587406,42.9115736],[-85.5587404,42.9115963],[-85.558738,42.911879],[-85.5587434,42.9119889],[-85.5587538818469,42.91221468753858],[-85.55909746344736,42.91229806288433],[-85.5591799094155,42.91238802286122],[-85.55926235538364,42.91247798283812],[-85.55934480135177,42.912567942815016],[-85.55948619263235,42.9125439062457],[-85.5595578,42.91254440000001],[-85.5597964,42.912546],[-85.5600692,42.9125479],[-85.5604204,42.91255030000001],[-85.56125,42.912556],[-85.5617343,42.9125535],[-85.5624345,42.9125499],[-85.5630742,42.9125467],[-85.563793,42.912543],[-85.5646094,42.9125427],[-85.5664408,42.9125419],[-85.5673272,42.9125416],[-85.5674402,42.9125415],[-85.5675347,42.9125434],[-85.5678646,42.9125413],[-85.5684889,42.9125411],[-85.568646,42.912541],[-85.5688471,42.9125418],[-85.5693291,42.9125436],[-85.5695648,42.9125445],[-85.5699263,42.9125419],[-85.5702133,42.91253979999999],[-85.5706912,42.9125357],[-85.5708056,42.9125354],[-85.5710746,42.9125347],[-85.5711301,42.9125345],[-85.5713014,42.9125341],[-85.5714512,42.9125337],[-85.5717993,42.9125328],[-85.572095,42.912532],[-85.5727531,42.9125309],[-85.5729061,42.9125306],[-85.5731633,42.9125302],[-85.5732704,42.91253],[-85.5733646,42.9125285],[-85.5736451,42.9125294],[-85.5738637,42.91252899999999],[-85.5742929,42.91252829999999],[-85.5747435,42.9125275],[-85.5748955,42.91252730000001],[-85.5750896,42.9125254],[-85.5753064,42.9125232],[-85.5758712,42.9125258],[-85.5763942,42.9125264],[-85.5766586,42.9125254],[-85.5771646,42.9125234],[-85.5777474,42.9125222],[-85.5781158,42.9125215],[-85.578428,42.9125221],[-85.5786483,42.9125209],[-85.5794548,42.9125184],[-85.5800758,42.912516499999995],[-85.5804521,42.9125153],[-85.5805926,42.9125143],[-85.5810394,42.9125113],[-85.5810995,42.9125108],[-85.5814688,42.9125098],[-85.5831475,42.9125052],[-85.583202,42.912504999999996],[-85.583424,42.912501],[-85.5837202,42.9125005],[-85.5846326,42.912499],[-85.5848076,42.91249869999999],[-85.5849389,42.9124985],[-85.585322,42.9124979],[-85.585858,42.91249700000001],[-85.586122,42.912496],[-85.58644181139772,42.91250008315593],[-85.58654629274513,42.912727453525584],[-85.58665026284005,42.91280435216307],[-85.58675423293498,42.91288125080057],[-85.5868582030299,42.91295814943805],[-85.58696217312483,42.913035048075535],[-85.58706614321976,42.91311194671302],[-85.5871701133147,42.91318884535052],[-85.58728659156904,42.91325489394348],[-85.58740635718088,42.91331809095982],[-85.58752612279274,42.91338128797615],[-85.58764588840458,42.91344448499249],[-85.58776565401642,42.91350768200882],[-85.58788541962828,42.91357087902516],[-85.58801433748334,42.913610863739784],[-85.58816140682531,42.91360481189477],[-85.58830847616727,42.913598760049766],[-85.58845554550923,42.91359270820476],[-85.5886026148512,42.913586656359755],[-85.58874968419316,42.91358060451474],[-85.58889675353512,42.913574552669736],[-85.5890438228771,42.91356850082473],[-85.58919096842432,42.91356403935311],[-85.5893382506497,42.91356243030004],[-85.58948553287509,42.91356082124697],[-85.58963281510046,42.913559212193896],[-85.58978009732584,42.91355760314083],[-85.58992737955123,42.91355599408776],[-85.59007466177661,42.913554385034686],[-85.590221944002,42.91355277598162],[-85.59036923226101,42.913551685861975],[-85.59051653027282,42.91355143454799],[-85.59066382828463,42.91355118323401],[-85.59081112629644,42.91355093192003],[-85.59095842430825,42.91355068060605],[-85.59110572232007,42.913550429292066],[-85.59125302033186,42.913550177978095],[-85.59140031834367,42.91354992666411],[-85.59152530367967,42.91351451257949],[-85.5916199955255,42.91343135867849],[-85.59171468737134,42.9133482047775],[-85.59180937921718,42.9132650508765],[-85.59190407106301,42.91318189697551],[-85.59199876290884,42.91309874307451],[-85.59209345475469,42.91301558917352],[-85.59221895715164,42.912958979011115],[-85.59234508828396,42.912902910513395],[-85.5924712194163,42.912846842015675],[-85.59259735054862,42.91279077351795],[-85.59272535482565,42.91254088716444],[-85.5927659,42.9125411],[-85.5928421,42.9125415],[-85.5931222,42.9125459],[-85.5932678,42.9125474],[-85.5933195,42.912548],[-85.5939928,42.9125557],[-85.5944088,42.9125604],[-85.5949705,42.9125679],[-85.5951173,42.9125685],[-85.5959417,42.9125746],[-85.5960574,42.91257569999999],[-85.5961695,42.9125768],[-85.5965905,42.9125798],[-85.5969099,42.9125821],[-85.5971699,42.912584],[-85.5976629,42.9125875],[-85.5978488,42.9125888],[-85.598397,42.9125926],[-85.5985033,42.9125933],[-85.5986,42.912594],[-85.5990591,42.9125964],[-85.5991811,42.9125971],[-85.5993556,42.912598],[-85.59954,42.912599],[-85.5998845,42.9126007],[-85.6004429,42.9126035],[-85.6010518,42.9126065],[-85.6013856,42.9126082],[-85.6016918,42.9126098],[-85.601737,42.91261],[-85.6021268,42.9126118],[-85.6021625,42.91261200000001],[-85.6023728,42.91261299999999],[-85.6026263,42.9126141],[-85.6027789,42.9126148],[-85.6035064,42.91261819999999],[-85.6039309,42.9126174],[-85.6040973,42.9126209],[-85.6044536,42.9126226],[-85.6047917,42.9126265],[-85.6051399,42.9126258],[-85.605393,42.912627],[-85.6057859,42.9126279],[-85.6061999,42.9126289],[-85.606244,42.912629],[-85.6063181,42.9126285],[-85.6070847,42.9126321],[-85.6073073,42.9126331],[-85.6073987698233,42.91263348473112],[-85.60753804372577,42.91286358524556],[-85.60767885269962,42.91289545247407],[-85.60781966167346,42.91292731970258],[-85.60796047064731,42.91295918693109],[-85.60810127962115,42.9129910541596],[-85.60818316069656,42.91309568570296],[-85.6081878,42.9131739],[-85.6081899,42.9132105],[-85.6081929,42.913268],[-85.608196,42.9133141],[-85.6081982,42.913350400000006],[-85.6082185,42.9136858],[-85.608224,42.9137866],[-85.6082582,42.9143645],[-85.608312,42.915273],[-85.6083191,42.915388],[-85.6083442,42.9157961],[-85.608349,42.915874],[-85.6083549,42.915967099999996],[-85.608416,42.916925],[-85.608497,42.917784],[-85.6085674,42.9189269],[-85.608597,42.919408],[-85.6086414,42.9200067],[-85.6086704,42.9203982],[-85.608693,42.920703],[-85.608792,42.922078000000006],[-85.6088244,42.92253099999999],[-85.608876,42.923251],[-85.6089431,42.9242555],[-85.609009,42.925226],[-85.6090583,42.9257731],[-85.6091144,42.9265793],[-85.6091195,42.926633],[-85.6091282,42.9267655],[-85.6091441,42.9270484],[-85.6091548,42.927143],[-85.6091669,42.927242400000004],[-85.6091838,42.9274136],[-85.6091958,42.9275354],[-85.6092042,42.9276089],[-85.6092119,42.9276777],[-85.6092233,42.9277788],[-85.6092479,42.9281815],[-85.6093064,42.9288607],[-85.6093115,42.9289215],[-85.6093285,42.9290919],[-85.6093538,42.929346],[-85.6093584,42.9294147],[-85.609365,42.92949],[-85.609389,42.92976540000001],[-85.6094275,42.930238],[-85.6094399,42.930426],[-85.6094555,42.9306517],[-85.6094629945494,42.930764205387064],[-85.60947153129493,42.93087229781894],[-85.6094737,42.930899],[-85.6094793,42.9310391],[-85.6094869,42.9311115],[-85.6095559,42.9318542],[-85.6096,42.9323377],[-85.6096351,42.9328883],[-85.609639,42.93295],[-85.60975556836911,42.934194872654345],[-85.61011408832775,42.934279101915465],[-85.61020660580559,42.93437223021099],[-85.6108567,42.9343756],[-85.610938,42.934376],[-85.611607,42.934377],[-85.612209,42.934372],[-85.6123116,42.9343716],[-85.612982,42.934369],[-85.613877,42.93437],[-85.6141591,42.9343687],[-85.614303,42.934368],[-85.6152534,42.9343676],[-85.616475,42.934367],[-85.616671,42.934364],[-85.616899,42.934362],[-85.617392,42.934366],[-85.617533,42.934364],[-85.617621,42.934364],[-85.618198,42.9343635],[-85.6187941,42.9343631],[-85.618885,42.934363],[-85.6191464,42.9343641],[-85.6193685,42.934365],[-85.6194474,42.934365299999996],[-85.619616,42.934366],[-85.6206622,42.9343641],[-85.620747,42.934364],[-85.6208365,42.934364],[-85.621875,42.934364],[-85.6221714,42.9343638],[-85.6224764,42.9343635],[-85.623135,42.934363],[-85.62419761676419,42.934357417380326],[-85.62447987661353,42.934488109666454],[-85.6245464,42.9354303],[-85.6245936,42.9360705],[-85.6246211,42.9365669],[-85.6246248,42.9366343],[-85.6246308,42.9367128],[-85.624708,42.937726],[-85.6247173,42.9378088],[-85.62472,42.937833],[-85.624728,42.937994999999994],[-85.6247329,42.9380735],[-85.6248,42.9391496],[-85.6248045,42.9392219],[-85.6248115,42.9392995],[-85.624861,42.939893],[-85.6248706,42.9400901],[-85.624876,42.940202],[-85.62487715401755,42.94033067295773],[-85.62487232772821,42.94043395181025],[-85.624944447966,42.9405286074232],[-85.62501656820376,42.94062326303615],[-85.62508868844154,42.9407179186491],[-85.62516080867933,42.94081257426205],[-85.62523292891709,42.940907229875],[-85.62532277191701,42.94099658613013],[-85.626541,42.941001],[-85.6265994,42.9410006],[-85.628792,42.940987],[-85.628905,42.940987],[-85.629032,42.940987],[-85.6298702,42.94099090000001],[-85.629963,42.940991],[-85.630047,42.940991],[-85.6310592,42.940991],[-85.631152,42.940991],[-85.6312628,42.94099189999999],[-85.6322269,42.9410001],[-85.632327,42.941001],[-85.6324502,42.9410026],[-85.6334076,42.941015],[-85.633529,42.941014],[-85.6336349,42.9410138],[-85.634419,42.9410122],[-85.634515,42.941012],[-85.6346077,42.9410114],[-85.634677,42.941011],[-85.635701,42.941018],[-85.6358754,42.9410167],[-85.635979,42.941016],[-85.6362864,42.9410187],[-85.636903,42.941024],[-85.6370253,42.9410245],[-85.637152,42.941025],[-85.6375309,42.941026400000005],[-85.638141,42.9410287],[-85.6382505,42.9410287],[-85.6383443,42.9410287],[-85.6387684,42.9410338],[-85.6390876,42.9410374],[-85.63914436080076,42.94103805447464],[-85.63928263546481,42.9412861585235],[-85.63940371019025,42.94136894456636],[-85.6394015,42.9419476],[-85.6393969,42.9427725],[-85.6393982,42.9428008],[-85.639398,42.9428542],[-85.6393989,42.9429313],[-85.6394084,42.9437597],[-85.6394178,42.944588],[-85.6394194,42.9446686],[-85.6394193,42.944745700000006],[-85.6394186,42.9450351],[-85.6394184,42.945129],[-85.6394236,42.9454213],[-85.6394264,42.9455805],[-85.6394271,42.9456598],[-85.6394313,42.9460363],[-85.6394367,42.9464866],[-85.6394411,42.9469412],[-85.6394485,42.9473966],[-85.6394522,42.9476681],[-85.6394557,42.9478568],[-85.6394636,42.9482198],[-85.6394654,42.9482956],[-85.6394648,42.9483786],[-85.6394604,42.9491252],[-85.63946,42.949199],[-85.6394604,42.9492783],[-85.6394646,42.9500116],[-85.639465,42.950085],[-85.6394665,42.9501886],[-85.6394718,42.9505632],[-85.6394815,42.9508635],[-85.639485,42.9509722],[-85.6394837,42.9510882],[-85.6394795,42.9514648],[-85.6394812,42.9518392],[-85.6394815,42.9518946],[-85.6394849,42.9519924],[-85.6394944,42.9523601],[-85.639502,42.95263700000001],[-85.6395038,42.952739],[-85.6395051,42.9528096],[-85.6395083,42.952869],[-85.6395173,42.95303559999999],[-85.6395176,42.953077],[-85.6395189,42.9532753],[-85.6395212,42.9536352],[-85.6395236,42.953714],[-85.6395242,42.953798],[-85.6395298,42.95447240000001],[-85.6395302,42.9545197],[-85.6395328,42.9546153],[-85.6395332,42.9547137],[-85.63953473910888,42.95493650140271],[-85.63955194205494,42.95504425135509],[-85.6396502252263,42.95512511013336],[-85.63974850839767,42.955205968911635],[-85.63984679156904,42.95528682768991],[-85.63994507474041,42.955367686468186],[-85.64004335791178,42.95544854524646],[-85.64014164108313,42.95552940402474],[-85.64028143542875,42.95553110796007],[-85.640934,42.955533],[-85.6411867,42.9555344],[-85.641705,42.95553799999999],[-85.641954,42.955539],[-85.642228,42.955542],[-85.642888,42.955547],[-85.643444,42.955549],[-85.6441153,42.9555539],[-85.6443119,42.9555552],[-85.6443911,42.9555556],[-85.644526,42.955557],[-85.6450429,42.9555603],[-85.645613,42.9555649],[-85.6459586,42.9555675],[-85.6464576,42.9555711],[-85.6467409,42.9555732],[-85.646857,42.955574],[-85.6477326,42.9555768],[-85.647806,42.955577],[-85.6483295,42.95558189999999],[-85.6485659,42.9555841],[-85.6491923,42.955591000000005],[-85.649296,42.955591000000005],[-85.6494062,42.955593],[-85.6504097,42.95560460000001],[-85.650521,42.955605999999996],[-85.6506169,42.9556079],[-85.6516384,42.9556278],[-85.651754,42.95562999999999],[-85.6518566,42.9556325],[-85.652462,42.955647],[-85.6528759,42.9556569],[-85.652965,42.955659],[-85.6530794,42.9556606],[-85.653561,42.9556672],[-85.6539499,42.9556725],[-85.6540863,42.9556744],[-85.654201,42.955676000000004],[-85.6543124,42.9556798],[-85.6553478,42.9557151],[-85.6554542,42.9557155],[-85.655566,42.9557151],[-85.6565796,42.9557212],[-85.6566858,42.9557222],[-85.6567862,42.9557233],[-85.6578006,42.9557349],[-85.657896,42.95573600000001],[-85.658019,42.9557388],[-85.6585206,42.9557501],[-85.659035,42.9557618],[-85.659133,42.955764],[-85.6592475,42.9557665],[-85.660261,42.955789],[-85.660363,42.9557933],[-85.66045,42.955797],[-85.66119450874378,42.95581707805659],[-85.66134954014653,42.955831958289394],[-85.6614178,42.9558404],[-85.6614766,42.955846],[-85.6615381,42.9558531],[-85.6615724,42.9558574],[-85.6616213,42.9558639],[-85.6616781,42.9558761],[-85.6617347,42.955904600000004],[-85.6619518,42.9559206],[-85.6620269,42.9558941],[-85.6620839,42.9558788],[-85.6621245,42.955874],[-85.6621738,42.9558663],[-85.6622266,42.9558636],[-85.6624998,42.9558723],[-85.6625916,42.9558748],[-85.6626599,42.9558713],[-85.66281401044682,42.95585217875083],[-85.662952,42.955856],[-85.6630515,42.9558608],[-85.6632535908391,42.955862404787496],[-85.66341761352851,42.95588369077451],[-85.6635083,42.9558968],[-85.6635958,42.9558988],[-85.6636837,42.955907399999994],[-85.6637625,42.9559274],[-85.6638267,42.9559544],[-85.6639146,42.956000100000004],[-85.6641913,42.95599490000001],[-85.6642494,42.9559701],[-85.6642927,42.9559542],[-85.6643504,42.955940500000004],[-85.6644201,42.9559307],[-85.6644801,42.9559289],[-85.6645391,42.9559279],[-85.6646125,42.9559281],[-85.6646963,42.9559298],[-85.6647543,42.955928300000004],[-85.664802,42.9559249],[-85.6648378,42.955921000000004],[-85.66502317022722,42.95588489900919],[-85.6652287,42.9558904],[-85.6658642,42.95590599999999],[-85.6660171,42.9559106],[-85.6660986,42.9559108],[-85.6662095,42.9559591],[-85.6662523,42.9559601],[-85.66664012588622,42.95596960842377],[-85.66678601107301,42.95600271223981],[-85.66693750585569,42.95593107854636],[-85.6670838,42.95593559999999],[-85.6675053,42.9559486],[-85.66767500741638,42.955953524365995],[-85.6678069,42.9559591],[-85.6680564,42.9559693],[-85.6681023,42.95597120000001],[-85.668348,42.9559812],[-85.6685609,42.956006],[-85.6687985,42.9560512],[-85.6690188,42.9560947],[-85.6692646,42.95613529999999],[-85.6695881,42.9561539],[-85.6698922,42.956161800000004],[-85.6713586,42.9561751],[-85.671872,42.95618170000001],[-85.6728303,42.9561846],[-85.6733054,42.9561861],[-85.673648,42.956163],[-85.67411422065656,42.95611276242711]]}},{"type":"Feature","properties":{"routeId":"28","color":"#B41D8D","dir":"Eastbound","trips":118,"dests":"Woodland"},"geometry":{"type":"LineString","coordinates":[[-85.77586345693494,42.900676214654226],[-85.7758631,42.9007259],[-85.7758514,42.900932],[-85.7758532,42.9010923],[-85.7758532,42.9012664],[-85.7758535,42.9014279],[-85.7758663,42.90173599999999],[-85.7758751,42.90227],[-85.7758812,42.9023763],[-85.7758806,42.9025714],[-85.7758795,42.9026969],[-85.7758762,42.903054],[-85.7758823,42.903219],[-85.7758861,42.9033471],[-85.7758807,42.9034329],[-85.7758775,42.9037205],[-85.7758777,42.9039152],[-85.7758777,42.903948500000006],[-85.7758809,42.90459320000001],[-85.775872,42.9046661],[-85.7758653,42.9047389],[-85.7758655,42.904871],[-85.7758656,42.9048954],[-85.7758658,42.9049853],[-85.7758659,42.9050174],[-85.77586660116377,42.90545054391483],[-85.77570505106003,42.90567663006658],[-85.7754449,42.9057233],[-85.7751006,42.9057847],[-85.7749798,42.9058063],[-85.7745369,42.9058842],[-85.7742018,42.9059465],[-85.7740453,42.9059723],[-85.7737805,42.9060296],[-85.7735348,42.9060926],[-85.7734667,42.9061103],[-85.773245,42.90617],[-85.7731438,42.9062009],[-85.77295,42.90626],[-85.7728648,42.9062887],[-85.7727109,42.9063406],[-85.7723891,42.9064491],[-85.772348,42.906463],[-85.7722598,42.9064926],[-85.7722195,42.9065061],[-85.7718442,42.9066318],[-85.771763,42.906659],[-85.7713079,42.9068135],[-85.7711939,42.9068522],[-85.7710005,42.90691790000001],[-85.7708318,42.9069752],[-85.77047,42.90709799999999],[-85.7699667,42.9072654],[-85.7695252,42.9074122],[-85.7692082,42.9075177],[-85.7690274,42.907579],[-85.7687486,42.9076736],[-85.7686288,42.9077143],[-85.7680358,42.9079156],[-85.767896,42.907963],[-85.7678068,42.907993600000005],[-85.7675328,42.9080874],[-85.7671085,42.9082327],[-85.7669648,42.9082819],[-85.7668236,42.9083303],[-85.766696,42.908374],[-85.7662283,42.90853859999999],[-85.766098,42.9085844],[-85.7654627,42.90880800000001],[-85.7653107,42.9088604],[-85.7651081,42.9089302],[-85.7649753,42.90897600000001],[-85.7646753,42.9090794],[-85.764311,42.909205],[-85.7641892,42.9092449],[-85.7637798,42.9093791],[-85.7632326,42.909558600000004],[-85.763088,42.909606000000004],[-85.7630243,42.9096282],[-85.7629935,42.9096389],[-85.7625849,42.9097858],[-85.7618756,42.9100286],[-85.761545,42.9101438],[-85.7609899,42.9103336],[-85.7601867,42.9106081],[-85.759842,42.910726000000004],[-85.7591636,42.9109444],[-85.75829,42.911219],[-85.757404,42.911452],[-85.757122,42.91152300000001],[-85.7565204,42.9116727],[-85.756005,42.911801],[-85.754793,42.91210699999999],[-85.7545636,42.9121655],[-85.7541036,42.9122826],[-85.753694,42.912387],[-85.7534317,42.9124519],[-85.7530742,42.9125403],[-85.753043,42.912548],[-85.752654,42.912653],[-85.7526034,42.9126687],[-85.7523533,42.9127357],[-85.75216726159195,42.91277899872829],[-85.75201680435576,42.912804977170424],[-85.7518847,42.91282309999999],[-85.751475,42.91291],[-85.750874,42.913052],[-85.750066,42.913242000000004],[-85.749171,42.91339],[-85.748559,42.913447],[-85.74727285792854,42.91355426050941],[-85.7471113494259,42.91355600000001],[-85.747014,42.91355600000001],[-85.7468761,42.9135563],[-85.746529,42.91355699999999],[-85.7461325,42.91355839999999],[-85.7453555,42.913561200000004],[-85.7450155,42.9135624],[-85.7448463,42.91356300000001],[-85.7442482,42.9135652],[-85.744034,42.913566],[-85.7438711,42.9135691],[-85.7432518,42.9135825],[-85.7428407,42.9135908],[-85.7423446,42.9136009],[-85.7422465,42.9136029],[-85.7418626,42.91361070000001],[-85.7413389,42.9136214],[-85.7412072,42.9136241],[-85.7407114,42.9136341],[-85.7401518,42.9136455],[-85.7397324,42.913654],[-85.7391472,42.9136655],[-85.7384913,42.9136786],[-85.738372,42.913681],[-85.7379599,42.9136861],[-85.737556,42.913691],[-85.737501,42.9136922],[-85.7369129,42.9137054],[-85.7368631,42.9137065],[-85.7367349,42.9137095],[-85.7361733,42.9137223],[-85.7361007,42.9137237],[-85.7354918,42.9137373],[-85.7352496,42.9137427],[-85.73466,42.91375599999999],[-85.7346354,42.9137565],[-85.7345972,42.9137573],[-85.7336197,42.9137781],[-85.7329478,42.9137923],[-85.7326813,42.913798],[-85.732254,42.913807],[-85.7319446,42.9138136],[-85.731783,42.913816999999995],[-85.7313338,42.913827100000006],[-85.7308232,42.913838600000005],[-85.730362,42.913849],[-85.7302816,42.9138505],[-85.729735,42.913861],[-85.7293953,42.9138708],[-85.7292307,42.9138755],[-85.7289736,42.9138829],[-85.7285754,42.9138944],[-85.7278694,42.9139084],[-85.7276883,42.913912],[-85.7275937,42.9139139],[-85.7273592,42.9139187],[-85.7272437,42.913921],[-85.7269302,42.9139276],[-85.7267169,42.9139318],[-85.7266275,42.9139323],[-85.7263467,42.9139368],[-85.7262041,42.9139378],[-85.7259413,42.9139396],[-85.7257339,42.913941],[-85.72561,42.91394209999999],[-85.7254308,42.91394309999999],[-85.7249927,42.9139461],[-85.7248343,42.9139472],[-85.7246742,42.9139445],[-85.7240412,42.913934],[-85.7238331,42.9139305],[-85.723625,42.913927],[-85.7234802,42.9139235],[-85.7233587,42.913920499999996],[-85.7230932,42.9139141],[-85.7227423,42.913905500000006],[-85.722473,42.913899],[-85.7223091,42.91389469999999],[-85.7214,42.91387099999999],[-85.7207487,42.9138519],[-85.7204864,42.91384420000001],[-85.7203217,42.9138394],[-85.7200121,42.9138303],[-85.719932,42.913828],[-85.7197602,42.9138243],[-85.7194601,42.9138141],[-85.719237,42.9138075],[-85.7184147,42.913783],[-85.7177341,42.9137664],[-85.7176473,42.9137643],[-85.717152,42.913752],[-85.7170007,42.9137483],[-85.716259,42.91373],[-85.715743,42.9137161],[-85.7156336,42.913712100000005],[-85.715037,42.913697],[-85.714391,42.913687],[-85.713039,42.913659],[-85.7122703,42.913644500000004],[-85.7120856,42.9136415],[-85.7117211,42.9136352],[-85.711587,42.913633000000004],[-85.7114295,42.9136299],[-85.7110901,42.9136233],[-85.7109024,42.9136196],[-85.7105375,42.9136124],[-85.7104564,42.9136108],[-85.7102085,42.913606],[-85.7100281,42.9136024],[-85.709934,42.913600599999995],[-85.709688,42.9135958],[-85.7094579,42.9135913],[-85.7092923,42.9135892],[-85.708985,42.913582],[-85.7086239,42.913577],[-85.7084878,42.9135751],[-85.708048,42.913569],[-85.7071887,42.9135521],[-85.70682,42.91354479999999],[-85.7066186,42.9135408],[-85.7062311,42.9135346],[-85.7054029,42.913517],[-85.70526,42.913514],[-85.7051185,42.9135115],[-85.7047037,42.9135041],[-85.7043934,42.9135002],[-85.7040928,42.9134933],[-85.7036302,42.9134851],[-85.7032255,42.91347789999999],[-85.703004,42.913474],[-85.7025401,42.9134646],[-85.7018242,42.9134501],[-85.7017839,42.9134499],[-85.70162,42.9134491],[-85.701575,42.913445],[-85.7011214,42.9134397],[-85.7005588,42.9134332],[-85.7001986,42.913429],[-85.700024,42.913427],[-85.69944,42.9134263],[-85.6990169,42.9134184],[-85.6987123,42.913417300000006],[-85.698511,42.9134172],[-85.698324,42.9134158],[-85.6981882,42.9134153],[-85.6978328,42.913414],[-85.6975188,42.91341280000001],[-85.6973397,42.9134122],[-85.6971188,42.9134113],[-85.6970443,42.913411],[-85.6966445,42.9134074],[-85.6964358,42.9134087],[-85.6963579,42.9134055],[-85.6961832,42.9134077],[-85.6959521,42.9134069],[-85.6956176,42.9134056],[-85.695454,42.913405],[-85.6953242,42.913404],[-85.6946517,42.9133991],[-85.6944115,42.9133988],[-85.6941714,42.9133986],[-85.6939514,42.9133983],[-85.6936576,42.913398],[-85.693631,42.913398],[-85.6931287,42.9133939],[-85.6928874,42.9133919],[-85.6924829,42.9133886],[-85.692405,42.91338799999999],[-85.6921592,42.9133872],[-85.6920793,42.913386300000006],[-85.6918362,42.913383499999995],[-85.6914831,42.9133851],[-85.6912746,42.9133868],[-85.6911386,42.9133879],[-85.6902308,42.913378599999994],[-85.6897522,42.91337579999999],[-85.689616,42.913375],[-85.6894355,42.9133739],[-85.6887659,42.91337],[-85.688246,42.913367],[-85.6879762,42.9133662],[-85.687489,42.9133648],[-85.6874015,42.9133646],[-85.6872727,42.9133642],[-85.6871696,42.9133639],[-85.68687,42.913363],[-85.6864702,42.913360499999996],[-85.6861575,42.91335839999999],[-85.6858948,42.9133566],[-85.685659,42.913355],[-85.6854177,42.9133508],[-85.6848522,42.91334100000001],[-85.684446,42.91333399999999],[-85.6839211,42.9133306],[-85.68362,42.9133287],[-85.683214,42.9133261],[-85.6827032,42.91331590000001],[-85.6824839,42.9133114],[-85.681971,42.913301],[-85.6812308,42.913290800000006],[-85.680733,42.913284],[-85.6806499,42.9132832],[-85.6803219,42.9132802],[-85.680083,42.913278],[-85.679908,42.913278],[-85.6797501,42.9132783],[-85.6794155,42.9132788],[-85.6792335,42.913279],[-85.679203,42.9132783],[-85.6791071,42.913276],[-85.6779411,42.9132604],[-85.6779126,42.9132592],[-85.6773848,42.9132593],[-85.6773361,42.9132574],[-85.6767793,42.9132573],[-85.6765935,42.91325659999999],[-85.6762681,42.9132541],[-85.6756308,42.9132509],[-85.6721096,42.91316079999999],[-85.6719646,42.9131571],[-85.6718031,42.913153],[-85.6717707,42.9131522],[-85.671609,42.913148],[-85.6715471,42.9131464],[-85.6711682,42.9131501],[-85.670909,42.9131526],[-85.6706931,42.9131492],[-85.6703693,42.9131441],[-85.6699574,42.91313569999999],[-85.669795,42.91313499999999],[-85.6697534,42.9131344],[-85.6696735,42.9131332],[-85.6695503,42.9131313],[-85.6691256,42.91312489999999],[-85.6689565,42.9131224],[-85.6687709,42.9131196],[-85.6685454,42.913116200000005],[-85.6682711,42.9131121],[-85.667997,42.913108],[-85.6677993,42.9131034],[-85.667395,42.913094],[-85.667179,42.91308899999999],[-85.6670959,42.9130879],[-85.6668807,42.913085],[-85.6668223,42.9130842],[-85.6665276,42.9130802],[-85.6664776,42.9130796],[-85.6662069,42.9130759],[-85.66611786672152,42.91307470434926],[-85.66595963577954,42.913070007554644],[-85.6657665,42.9130546],[-85.6649682,42.9129907],[-85.664884,42.912984],[-85.6648047,42.912980299999994],[-85.664301,42.912957],[-85.663678,42.912941],[-85.6635604,42.9129391],[-85.6633777,42.9129362],[-85.6626332,42.9129243],[-85.6622961,42.9129189],[-85.6619702,42.91291369999999],[-85.6615258,42.9129066],[-85.6610913,42.9129021],[-85.6609887,42.912899800000005],[-85.6607223,42.9128938],[-85.660361,42.91288800000001],[-85.6602591,42.9128865],[-85.6597876,42.9128795],[-85.6594424,42.9128744],[-85.6589225,42.912866699999995],[-85.6587358,42.912864],[-85.6584475,42.91285969999999],[-85.6583645,42.9128585],[-85.6581625,42.9128555],[-85.6581013,42.9128543],[-85.6579326,42.91285210000001],[-85.6575365,42.9128463],[-85.6570797,42.912839500000004],[-85.65691,42.912837],[-85.656764,42.912836399999996],[-85.6564491,42.9128351],[-85.6562331,42.912839],[-85.6561773,42.912839500000004],[-85.6556854,42.9128318],[-85.6555726,42.9128313],[-85.6552257,42.9128298],[-85.6551478,42.9128295],[-85.6542386,42.9128257],[-85.6538866,42.912824199999996],[-85.65383,42.912824],[-85.6530341,42.912822],[-85.6529665,42.91282180000001],[-85.6522339,42.9128178],[-85.6520736,42.9128196],[-85.6517472,42.9128188],[-85.651314,42.9128177],[-85.651288,42.9128176],[-85.651227,42.91281649999999],[-85.6510402,42.9128131],[-85.6506666,42.9128114],[-85.6497158,42.9128082],[-85.6496868,42.9128077],[-85.6492922,42.9128063],[-85.648407,42.9128029],[-85.6482192,42.9128022],[-85.6474747,42.9127995],[-85.6472619,42.9127987],[-85.647083,42.912798],[-85.6469185,42.912798],[-85.6467798,42.912798],[-85.6465517,42.912798],[-85.646523,42.912798],[-85.6463329,42.9127962],[-85.646137,42.9127944],[-85.6460987,42.912794],[-85.6458712,42.9127919],[-85.6458043,42.9127913],[-85.6455998,42.9127894],[-85.6454078,42.912787599999994],[-85.6452256,42.91278590000001],[-85.6447798,42.9127818],[-85.6446888,42.91278100000001],[-85.6445379,42.91277960000001],[-85.6440135,42.91277469999999],[-85.6435855,42.9127672],[-85.6433362,42.91276839999999],[-85.6432645,42.9127677],[-85.6428612,42.912764],[-85.6426742,42.9127623],[-85.6422131,42.9127579],[-85.6421348,42.9127571],[-85.641891,42.912755],[-85.6408315,42.912745799999996],[-85.6394278,42.9127355],[-85.639229,42.912732],[-85.6390574,42.9127305],[-85.6384998,42.91272560000001],[-85.6380155,42.9127255],[-85.6379097,42.9127202],[-85.6373815,42.91271480000001],[-85.6365826,42.9127067],[-85.635928,42.9127],[-85.6356219,42.9126982],[-85.6352204,42.9126959],[-85.6350919,42.9126952],[-85.6348559,42.9126939],[-85.6346319,42.9126926],[-85.634355,42.912691],[-85.6331798,42.9126806],[-85.6323493,42.9126732],[-85.6317896,42.9126682],[-85.6315635,42.9126662],[-85.631171,42.9126628],[-85.6302497,42.9126546],[-85.6297669,42.912650299999996],[-85.6292786,42.9126456],[-85.62900679963458,42.9126429852522],[-85.62887305128704,42.91252873016781],[-85.62876699539078,42.912453394537735],[-85.6286609394945,42.91237805890767],[-85.62855488359821,42.912302723277605],[-85.62844882770194,42.91222738764753],[-85.62834277180566,42.91215205201747],[-85.62823671590938,42.912076716387396],[-85.62820470011768,42.911972519686664],[-85.62817989572214,42.91186551196055],[-85.62815509132659,42.91175850423442],[-85.62813028693105,42.91165149650829],[-85.62810548253552,42.91154448878217],[-85.62806112684127,42.91150622120664],[-85.62798010159958,42.911596879604524],[-85.62789907635788,42.911687538002404],[-85.62781805111617,42.91177819640029],[-85.6277742383547,42.91187105839437],[-85.6278006,42.9119586],[-85.6278974,42.9122524],[-85.62793640906746,42.912353557053834],[-85.62761618662276,42.91263523364057],[-85.6261098,42.9126343],[-85.6253692,42.9126339],[-85.6251521,42.9126338],[-85.6239104,42.9126333],[-85.6236039,42.9126331],[-85.623286,42.912633],[-85.6221921,42.912633],[-85.620574,42.912633],[-85.619555,42.912633],[-85.618524,42.912632],[-85.6180692,42.912634],[-85.6174697,42.9126366],[-85.61686,42.9126393],[-85.616696,42.91264],[-85.6164844,42.9126389],[-85.616062,42.91263669999999],[-85.6159839,42.9126363],[-85.615935,42.91263599999999],[-85.6157775,42.9126359],[-85.6135649,42.9126347],[-85.6132679,42.9126345],[-85.610397,42.912633],[-85.6096657,42.9126343],[-85.6095655,42.9126345],[-85.6093769,42.9126349],[-85.6089752,42.9126356],[-85.6088117,42.9126359],[-85.6082953,42.9126368],[-85.608156,42.912637],[-85.6080239,42.9126364],[-85.6074024,42.9126335],[-85.6073073,42.9126331],[-85.6070847,42.9126321],[-85.6063181,42.9126285],[-85.606244,42.912629],[-85.6061999,42.9126289],[-85.6057859,42.9126279],[-85.605393,42.912627],[-85.6051399,42.9126258],[-85.6047917,42.9126265],[-85.6044536,42.9126226],[-85.6040973,42.9126209],[-85.6039309,42.9126174],[-85.6035064,42.91261819999999],[-85.6027789,42.9126148],[-85.6026263,42.9126141],[-85.6023728,42.91261299999999],[-85.6021625,42.91261200000001],[-85.6021268,42.9126118],[-85.601737,42.91261],[-85.6016918,42.9126098],[-85.6013856,42.9126082],[-85.6010518,42.9126065],[-85.6004429,42.9126035],[-85.5998845,42.9126007],[-85.59954,42.912599],[-85.5993556,42.912598],[-85.5991811,42.9125971],[-85.5990591,42.9125964],[-85.5986,42.912594],[-85.5985033,42.9125933],[-85.598397,42.9125926],[-85.5978488,42.9125888],[-85.5976629,42.9125875],[-85.5971699,42.912584],[-85.5969099,42.9125821],[-85.5965905,42.9125798],[-85.5961695,42.9125768],[-85.5960574,42.91257569999999],[-85.5959417,42.9125746],[-85.5951173,42.9125685],[-85.5949705,42.9125679],[-85.5944088,42.9125604],[-85.5939928,42.9125557],[-85.5933195,42.912548],[-85.5932678,42.9125474],[-85.5931222,42.9125459],[-85.5928421,42.9125415],[-85.5927877,42.91254119999999],[-85.5926897,42.9125407],[-85.5925418,42.912539],[-85.59246805388841,42.912538166610425],[-85.59233153165735,42.91277014471741],[-85.59219885480934,42.912817298918846],[-85.59206617796133,42.91286445312029],[-85.59193350111332,42.912911607321725],[-85.59181392268576,42.91297275396922],[-85.59170700332717,42.91304742372361],[-85.5916000839686,42.913122093478],[-85.59149316461003,42.9131967632324],[-85.59138624525146,42.91327143298679],[-85.59127932589288,42.91334610274118],[-85.59117240653431,42.91342077249557],[-85.59105969000493,42.913485048126624],[-85.59091242560336,42.91348738063804],[-85.5907651612018,42.913489713149445],[-85.59061789680023,42.91349204566085],[-85.59047063239866,42.91349437817226],[-85.59032336799709,42.913496710683674],[-85.59017610359552,42.91349904319508],[-85.59002883919395,42.91350137570649],[-85.58988157479239,42.913503708217895],[-85.58973431035939,42.91350579305751],[-85.58958704536852,42.913503480843154],[-85.58943978037766,42.9135011686288],[-85.58929251538679,42.91349885641444],[-85.58914525039592,42.913496544200086],[-85.58899798540506,42.91349423198573],[-85.58885072041419,42.91349191977138],[-85.58870345542331,42.913489607557025],[-85.58855619043244,42.91348729534267]]}},{"type":"Feature","properties":{"routeId":"44","color":"#C4DF9B","dir":"Eastbound","trips":116,"dests":"Woodland"},"geometry":{"type":"LineString","coordinates":[[-85.78172013910714,42.88134329800668],[-85.78176327821427,42.881447096013375],[-85.7818064173214,42.88155089402006],[-85.78184955642854,42.88165469202675],[-85.78189269553567,42.881758490033434],[-85.78193583464282,42.88186228804012],[-85.78228365724104,42.88196462771257],[-85.7822852,42.8821397],[-85.782277,42.8830332],[-85.782266,42.8833004],[-85.7822686,42.8835335],[-85.7822707,42.8837255],[-85.7822675,42.884188],[-85.78226630533293,42.884289148479596],[-85.78193997468358,42.88438031997495],[-85.78186348599206,42.88447309427419],[-85.78178699730054,42.88456586857344],[-85.78171050860902,42.88465864287268],[-85.7816340199175,42.88475141717192],[-85.78155753122597,42.884844191471174],[-85.78148104253445,42.884936965770414],[-85.78140455384293,42.885029740069655],[-85.78127642576122,42.88517717813716],[-85.7810062,42.8851665],[-85.7800546,42.885125],[-85.7779421,42.8850298],[-85.7778031,42.8850232],[-85.7769262,42.8849874],[-85.7759103,42.8849473],[-85.774845,42.8849052],[-85.77480986169937,42.88490332625121],[-85.77463318733822,42.88488895902253],[-85.7741568,42.8848186],[-85.7739779,42.884788],[-85.7738199,42.8847597],[-85.7736874,42.8847353],[-85.7735356,42.884705600000004],[-85.7734053,42.884678],[-85.77331160656092,42.88465470286311],[-85.77327558677723,42.884426379583935],[-85.77323447192293,42.88432213629742],[-85.77319335706862,42.88421789301091],[-85.77315224221432,42.884113649724405],[-85.77311112736001,42.884009406437904],[-85.77307001250571,42.88390516315139],[-85.7730288976514,42.88380091986488],[-85.77298778279709,42.883696676578374],[-85.77294666794279,42.88359243329187],[-85.77294974219082,42.883488814251265],[-85.77299624724735,42.88338580874438],[-85.77304275230387,42.88328280323749],[-85.7730892573604,42.88317979773061],[-85.77313576241691,42.88307679222372],[-85.77318226747344,42.88297378671684],[-85.77322877252996,42.88287078120995],[-85.77327527758649,42.88276777570307],[-85.77332178264301,42.882664770196186],[-85.77336828769954,42.88256176468929],[-85.77341479275607,42.88245875918241],[-85.77346129781259,42.882355753675526],[-85.77344973464223,42.88225385311927],[-85.77339607917949,42.882152753515754],[-85.77334242371676,42.88205165391224],[-85.773288768254,42.88195055430872],[-85.77323511279127,42.881849454705204],[-85.77318145732853,42.8817483551017],[-85.7731278018658,42.88164725549818],[-85.77307414640305,42.881546155894654],[-85.77302049094031,42.88144505629115],[-85.77296683547758,42.88134395668763],[-85.77291318001484,42.88124285708412],[-85.7728595245521,42.8811417574806],[-85.77281050275197,42.881129699251765],[-85.77276751178158,42.881233530636145],[-85.77272452081117,42.88133736202052],[-85.7723795249129,42.88144216022344],[-85.7723817,42.8818112],[-85.7723854,42.8824485],[-85.7723816,42.8828178],[-85.7723766,42.883295],[-85.772354,42.8835621],[-85.7723273,42.8836331],[-85.7722057,42.8838597],[-85.7721611,42.8839289],[-85.7721033,42.8840136],[-85.77207153155555,42.88406132470395],[-85.7717226098248,42.88404604552919],[-85.7716103590931,42.884116337082105],[-85.77149810836138,42.884186628635014],[-85.77138585762968,42.88425692018794],[-85.77127360689798,42.88432721174085],[-85.77116135616627,42.88439750329377],[-85.77104910543456,42.88446779484668],[-85.77093685470284,42.8845380863996],[-85.77082460397114,42.88460837795252],[-85.7706921033582,42.88476920916516],[-85.7704845,42.8847564],[-85.7703817,42.8847545],[-85.7697445,42.8847425],[-85.76805,42.8847107],[-85.7667595,42.8846864],[-85.7657328,42.8846653],[-85.7649784,42.8846498],[-85.7642792,42.8846355],[-85.764232,42.884634500000004],[-85.7638946,42.8846276],[-85.7632774,42.8846149],[-85.7631865,42.884613],[-85.7626186,42.884601399999994],[-85.7624676,42.8845983],[-85.7623059,42.8845976],[-85.7618839,42.8845959],[-85.7617334,42.8845953],[-85.7614467,42.88459410000001],[-85.760575,42.8846151],[-85.758197,42.884604],[-85.756966,42.884613],[-85.7561387,42.8846155],[-85.754623,42.88462],[-85.75437374616288,42.88462149852006],[-85.75424548891141,42.88439300468783],[-85.75411914308236,42.88433719936604],[-85.75399279725332,42.88428139404425],[-85.75386645142427,42.884225588722465],[-85.75374010559523,42.88416978340067],[-85.7536137597662,42.88411397807889],[-85.75348741393715,42.88405817275709],[-85.75336106810809,42.88400236743531],[-85.75323472227906,42.88394656211352],[-85.75310837645002,42.88389075679173],[-85.75298203062097,42.88383495146994],[-85.75287199954516,42.88375318783038],[-85.7528714,42.8836477],[-85.7528698,42.8835767],[-85.7528648,42.88334789999999],[-85.7528508,42.8827148],[-85.752848,42.882588],[-85.752844,42.882290999999995],[-85.75271294549066,42.88205418875587],[-85.75264155360175,42.88195923371466],[-85.75257016171284,42.88186427867345],[-85.75249876982394,42.881769323632234],[-85.75242737793504,42.881674368591035],[-85.75235598604614,42.88157941354982],[-85.75228459415723,42.88148445850861],[-85.75221320226834,42.881389503467396],[-85.75214181037943,42.88129454842618],[-85.75207041849053,42.88119959338498],[-85.75209114028522,42.88109273686524],[-85.75211444675597,42.88098554639439],[-85.75213775322672,42.88087835592354],[-85.75216105969749,42.880771165452686],[-85.75218436616824,42.88066397498185],[-85.75220767263899,42.88055678451099],[-85.75223097910975,42.880449594040144],[-85.7522542855805,42.880342403569294],[-85.75227759205127,42.88023521309845],[-85.75227376240407,42.88014179027129],[-85.75212958105591,42.88011957557392],[-85.75198539970773,42.88009736087655],[-85.75184121835957,42.88007514617918],[-85.75169703701141,42.880052931481806],[-85.75155285566325,42.880030716784425],[-85.75140867431509,42.88000850208706],[-85.75126449296692,42.879986287389684],[-85.75112031161876,42.87996407269232],[-85.75099048450798,42.87997515484588],[-85.75089014008509,42.880054626607134],[-85.7507897956622,42.88013409836837],[-85.7506894512393,42.88021357012963],[-85.7505891068164,42.880293041890866],[-85.75048876239352,42.880372513652105],[-85.75045723060508,42.88066136425862],[-85.750252,42.880698],[-85.7501135,42.8807344],[-85.750058,42.880748999999994],[-85.74988,42.880811],[-85.749749,42.880867],[-85.749105,42.881201],[-85.748834,42.881326],[-85.74861,42.881405],[-85.748385,42.881461],[-85.748138,42.881495],[-85.748053,42.8814973],[-85.747883,42.881505],[-85.747179,42.881515],[-85.746815,42.881537],[-85.7467507,42.8815439],[-85.746707,42.8815501],[-85.746645,42.881559],[-85.746359,42.881604],[-85.7462888,42.881616699999995],[-85.74611,42.881649],[-85.7460503,42.8816569],[-85.745876,42.88168],[-85.745658,42.881695],[-85.745403,42.881698],[-85.7447262,42.8816936],[-85.7445262,42.88169229999999],[-85.7443678,42.88169130000001],[-85.7437096,42.881687],[-85.7434291,42.8816852],[-85.7434019,42.881685000000004],[-85.743252,42.881684],[-85.74305230046136,42.88187043877861],[-85.74291314270633,42.881906028320905],[-85.7427739849513,42.881941617863184],[-85.74263482719628,42.88197720740548],[-85.74249566944125,42.88201279694776],[-85.74235651168622,42.88204838649005],[-85.74221735393121,42.88208397603234],[-85.7420866865743,42.88212684216776],[-85.74201809971548,42.882222913643965],[-85.74194951285666,42.88231898512018],[-85.74188092599783,42.88241505659638],[-85.741812339139,42.88251112807259],[-85.74174375228017,42.8826071995488],[-85.74167516542134,42.882703271025015],[-85.74160657856252,42.88279934250122],[-85.74153799170371,42.88289541397742],[-85.74146940484488,42.88299148545364],[-85.74140081798605,42.883087556929844],[-85.74133223112722,42.88318362840606],[-85.74126364426839,42.883279699882266],[-85.74119505740956,42.88337577135848],[-85.7410995013895,42.88345261988444],[-85.7409715090611,42.8835063486131],[-85.7408435167327,42.88356007734177],[-85.7407155244043,42.88361380607043],[-85.7405875320759,42.883667534799095],[-85.7404595397475,42.88372126352776],[-85.7403315474191,42.88377499225641],[-85.7402035550907,42.88382872098508],[-85.74007556276231,42.88388244971374],[-85.73994757043391,42.883936178442404],[-85.7398195781055,42.88398990717107],[-85.73969158577711,42.88404363589973],[-85.73956359344871,42.884097364628396],[-85.73942784552494,42.884138396863534],[-85.73928841248416,42.884173396284666],[-85.73914897944337,42.8842083957058],[-85.73900954640257,42.88424339512693],[-85.73887011336178,42.88427839454805],[-85.73873068032101,42.88431339396918],[-85.73861158836647,42.88455416755131],[-85.7383968,42.8845657],[-85.738123,42.8845804],[-85.7379507,42.8845864],[-85.7376751,42.8845961],[-85.7375257,42.8845968],[-85.7367788,42.8846003],[-85.7363015,42.8846025],[-85.7361317,42.8846033],[-85.7359765,42.8846125],[-85.734314,42.8846149],[-85.7337851,42.8846154],[-85.7334102,42.8846256],[-85.7330289,42.8846327],[-85.7329396,42.8846348],[-85.7328373,42.884636],[-85.7325045,42.8846382],[-85.7320329,42.8846336],[-85.7319605,42.8846319],[-85.7318544,42.8846319],[-85.7317323,42.884634500000004],[-85.7316118,42.8846383],[-85.7309262,42.8846393],[-85.7301018,42.884647400000006],[-85.7300071,42.8846483],[-85.7298567,42.8846498],[-85.7295746,42.8846536],[-85.7294146,42.8846557],[-85.7292884,42.8846559],[-85.7290416,42.8846568],[-85.7290053,42.8846573],[-85.7282775,42.8846604],[-85.7271895,42.8846654],[-85.7257957,42.8846761],[-85.7251005,42.884679799999994],[-85.7243754,42.884680499999995],[-85.724344,42.884680499999995],[-85.7241399,42.8846799],[-85.7239586,42.8846775],[-85.7231557,42.88466450000001],[-85.7229832,42.8846588],[-85.7226606,42.88465329999999],[-85.7224741,42.8846507],[-85.7222509,42.8846455],[-85.7214345,42.8846301],[-85.7212979,42.8846262],[-85.7206568,42.884613599999994],[-85.719466,42.8845877],[-85.7192909,42.8845852],[-85.7178831,42.884548],[-85.7172976,42.884535899999996],[-85.7162244,42.8845215],[-85.7154146,42.8845061],[-85.715011,42.884508000000004],[-85.7146075,42.8845261],[-85.7140274,42.884520200000004],[-85.7139949,42.8845199],[-85.7132323,42.8845056],[-85.7123882,42.8844966],[-85.7118775,42.8844839],[-85.7108131,42.8844668],[-85.7102039,42.8844573],[-85.7100227,42.8844553],[-85.7090522,42.8844381],[-85.70875,42.8844311],[-85.7084643,42.8844278],[-85.7081321,42.8844201],[-85.7076909,42.88441220000001],[-85.7075527,42.8844104],[-85.706938,42.8844013],[-85.706566,42.884395],[-85.7060388,42.8843867],[-85.7054882,42.88438],[-85.7053002,42.884373],[-85.7051442,42.8843705],[-85.7040437,42.884357],[-85.7035574,42.8843501],[-85.7032454,42.8843399],[-85.7029823,42.8843327],[-85.7028478,42.8843258],[-85.7024488,42.8843182],[-85.7017775,42.8842973],[-85.7009361,42.8842981],[-85.7004518,42.8842936],[-85.69947,42.8842921],[-85.6994231,42.8842919],[-85.699325,42.88428879999999],[-85.6984927,42.8842875],[-85.69751,42.8842777],[-85.696228,42.884232000000004],[-85.6950605,42.8842248],[-85.6946272,42.8842248],[-85.6937963,42.8842189],[-85.6933135,42.8842151],[-85.6925775,42.88420730000001],[-85.6919221,42.88420870000001],[-85.69151,42.8842114],[-85.6911704,42.8842136],[-85.6905623,42.8842185],[-85.6895426,42.8842243],[-85.6894131,42.88422119999999],[-85.6888515,42.8842176],[-85.6884808,42.8842143],[-85.6880856,42.8842112],[-85.6873466,42.8842048],[-85.6869862,42.8842023],[-85.6866131,42.8841997],[-85.6864669,42.8841977],[-85.6862043,42.8841974],[-85.6854844,42.8841937],[-85.6853186,42.8841901],[-85.6850255,42.8841882],[-85.6847375,42.8841814],[-85.684596,42.8841776],[-85.6844328,42.8841733],[-85.684314,42.8841696],[-85.6836807,42.8841627],[-85.6833195,42.8841566],[-85.6828312,42.8841575],[-85.6821323,42.8841392],[-85.6818359,42.8841314],[-85.6810919,42.88411180000001],[-85.6810022,42.8841092],[-85.6808901,42.8841091],[-85.68061,42.8841086],[-85.6804724,42.8841086],[-85.6795403,42.8841073],[-85.6787803,42.8841063],[-85.6782858,42.8841057],[-85.6781765,42.8841134],[-85.6780673,42.8841054],[-85.6768983,42.884104],[-85.6762504,42.8840929],[-85.675525,42.8840805],[-85.6750664,42.8840733],[-85.674669,42.8840643],[-85.6744256,42.8840553],[-85.6741731,42.8840451],[-85.6741028,42.8840391],[-85.6739092,42.88402260000001],[-85.6737375,42.8840052],[-85.6736412,42.8839955],[-85.6733516,42.883991],[-85.6731205,42.8839843],[-85.672723,42.883982],[-85.6716138,42.88397969999999],[-85.6712143,42.8839816],[-85.6706433,42.8839843],[-85.6699074,42.8839778],[-85.6697803,42.8839767],[-85.6696828,42.8839747],[-85.6685056,42.8839653],[-85.6680139,42.8839615],[-85.6675405,42.8839578],[-85.667033,42.8839538],[-85.666406,42.8839552],[-85.6661686,42.88395570000001],[-85.6659179,42.8839537],[-85.6658248,42.8839529],[-85.6656844,42.8839506],[-85.6653965,42.8839481],[-85.66485399618114,42.88394337891005],[-85.66470687112655,42.88394237952654],[-85.6636426,42.8839396],[-85.6630273,42.8839367],[-85.6619247,42.8839315],[-85.6599341,42.8839238],[-85.6597717,42.8839232],[-85.6593983,42.8839217],[-85.655753,42.8838491],[-85.6555155,42.8838446],[-85.654364,42.8838283],[-85.6535922,42.8838205],[-85.65192,42.8838036],[-85.6511009,42.8837937],[-85.650926,42.8837916],[-85.6504873,42.883786300000004],[-85.6504401,42.8837857],[-85.650216,42.883783],[-85.6500543,42.883781],[-85.6495751,42.88377520000001],[-85.6491796,42.8837704],[-85.6489205,42.8837673],[-85.6481892,42.8837608],[-85.6480259,42.8837594],[-85.6477623,42.8837571],[-85.6470727,42.8837503],[-85.6464429,42.8837451],[-85.645847,42.8837401],[-85.6456322,42.8837383],[-85.6454097,42.8837371],[-85.6448765,42.8837343],[-85.6442993,42.8837313],[-85.6430338,42.8837246],[-85.641877,42.8837185],[-85.6397251,42.8837101],[-85.6388092,42.8837065],[-85.6373542,42.8836988],[-85.6359236,42.8836885],[-85.6357297,42.8836871],[-85.6347857,42.88367900000001],[-85.6332456,42.8836658],[-85.6326576,42.8836608],[-85.6323506,42.8836587],[-85.6320376,42.8836565],[-85.6317941,42.8836548],[-85.6316915,42.8836541],[-85.6314714,42.8836526],[-85.6308662,42.88364829999999],[-85.6293693,42.8836378],[-85.6290612,42.8836357],[-85.6286129,42.8836326],[-85.6279031,42.8836276],[-85.6272108,42.883619],[-85.6261827,42.8836063],[-85.6260419,42.8836032],[-85.6258736,42.8836041],[-85.6257759,42.8836046],[-85.6252792,42.8836076],[-85.6248147,42.8836104],[-85.6244013,42.883613],[-85.623842,42.8836163],[-85.6235701,42.8836171],[-85.6234337,42.8836175],[-85.6232512,42.8836181],[-85.6227132,42.8836189],[-85.6213945,42.88362599999999],[-85.6212574,42.8836272],[-85.6208296,42.883629500000005],[-85.6203722,42.883632],[-85.6190926,42.8836391],[-85.6179407,42.8836455],[-85.6171693,42.8836498],[-85.6171316,42.88365],[-85.6169639,42.8836509],[-85.616817,42.88365039999999],[-85.6163285,42.88364940000001],[-85.6156844,42.88364800000001],[-85.615569,42.8836477],[-85.6152588,42.883647],[-85.6148726,42.8836461],[-85.6146928,42.8836457],[-85.6145043,42.8836479],[-85.6124264,42.8836437],[-85.6123881,42.8836437],[-85.6121025,42.8836435],[-85.6109963,42.883635],[-85.6107328,42.883632999999996],[-85.6105403,42.8836333],[-85.6095853,42.8836349],[-85.6093046,42.8836354],[-85.6086931,42.8836364],[-85.6084227,42.88363679999999],[-85.6072551,42.8836437],[-85.6066438,42.883647],[-85.6065133,42.88364800000001],[-85.6063364,42.8836453],[-85.6062153,42.8836439],[-85.6044727,42.8836178],[-85.6040997,42.88361350000001],[-85.6039183,42.8836132],[-85.6031353,42.8836118],[-85.6030614,42.8836117],[-85.6023847,42.8836105],[-85.601672,42.88360749999999],[-85.6016048,42.8836067],[-85.6013866,42.8836042],[-85.5997505,42.8835858],[-85.5995117,42.8835838],[-85.5994277,42.883582100000005],[-85.59834500580884,42.88357277332103],[-85.59822406548058,42.88333081027796],[-85.59810021978376,42.88327203964974],[-85.59797637408693,42.88321326902152],[-85.59785252839009,42.883154498393296],[-85.59772868269326,42.88309572776508],[-85.59760483699644,42.88303695713686],[-85.59748099129962,42.88297818650864],[-85.59735714560279,42.88291941588042],[-85.59723329990595,42.8828606452522],[-85.59715803788063,42.8827720437021],[-85.59710196698984,42.882671658579106],[-85.59704589609902,42.88257127345613],[-85.59698982520821,42.882470888333145],[-85.5969337543174,42.88237050321016],[-85.5968776834266,42.88227011808718],[-85.59682161253578,42.882169732964186],[-85.59676554164498,42.88206934784121],[-85.59643492339762,42.8819767643719],[-85.596398,42.881271000000005],[-85.5963764,42.880909],[-85.596366,42.88074],[-85.5963,42.879195],[-85.596287,42.879001],[-85.5962653,42.8785343],[-85.5962567,42.8783524],[-85.5962478,42.8781636],[-85.5962403,42.8780034],[-85.5962063,42.8772779],[-85.596171,42.87652299999999],[-85.59617082865697,42.8764847333892],[-85.59647873368995,42.87637779907825],[-85.59650888852977,42.876271540271894],[-85.59653904336959,42.87616528146554],[-85.59656919820942,42.876059022659184],[-85.59633015932927,42.87585965823642],[-85.596421,42.875716999999995],[-85.596492,42.87562599999999],[-85.59675,42.875373],[-85.59682519050034,42.87531031493357],[-85.59717211455002,42.87539809899786],[-85.59729824922705,42.87534203483162],[-85.5974243839041,42.87528597066537],[-85.59755051858114,42.875229906499115],[-85.59767665325819,42.87517384233286],[-85.59780278793522,42.87511777816661],[-85.59792892261227,42.87506171400036],[-85.59805505728932,42.87500564983411],[-85.59818119196635,42.874949585667856],[-85.59830750742401,42.87498204642754],[-85.59843387051127,42.87503783052075],[-85.59856023359855,42.87509361461396],[-85.5986865966858,42.875149398707165],[-85.59900093892838,42.87503082769672],[-85.5990318,42.8750489],[-85.5992707,42.875197400000005],[-85.5994561,42.8753091],[-85.6001343,42.875712],[-85.6002231,42.8757649],[-85.6011088,42.8762953],[-85.6011786,42.87634080000001],[-85.6020543,42.8769115],[-85.6022423,42.8770358],[-85.6026984,42.8773375],[-85.6033109,42.8777606],[-85.6044614,42.8785531],[-85.6050597,42.8789537],[-85.6051432,42.8790096],[-85.6054312,42.8792023],[-85.6056109,42.8793419],[-85.6057893,42.8795365],[-85.6058915,42.87964680000001],[-85.60595651561154,42.87970166780377],[-85.60606134264889,42.87984564848318],[-85.6061595,42.88006769999999],[-85.6062222,42.8804461],[-85.6062238,42.8804752],[-85.6062335,42.8806567],[-85.6062779,42.88148809999999],[-85.6062878,42.8816738],[-85.606304,42.8819769],[-85.6063305,42.8821953],[-85.60635468152869,42.88247418770399],[-85.6062815,42.8826006],[-85.606288,42.8827577],[-85.6062976,42.8829848],[-85.606331,42.8835593],[-85.6063364,42.8836453],[-85.6063445,42.8837644],[-85.6063486,42.8838689],[-85.606376,42.8845924],[-85.6063808,42.8847191],[-85.6063892,42.8849408],[-85.6063943,42.8850748],[-85.6063967,42.8851404],[-85.6063981,42.8851762],[-85.6064073,42.8853345],[-85.6064345,42.8858027],[-85.6064375,42.8858637],[-85.6064457,42.8860297],[-85.6065282,42.8861722],[-85.6065356,42.8864597],[-85.6065469,42.8868159],[-85.6065681,42.8872977],[-85.6065872,42.8877301],[-85.6066284,42.8884691],[-85.6066545,42.888937500000004],[-85.6066719,42.8892496],[-85.6067171,42.890060999999996],[-85.6067234,42.8901736],[-85.6067269,42.8903446],[-85.6067382,42.8908911],[-85.6067719,42.891374400000004],[-85.6068332,42.8923741],[-85.6069069,42.8937941],[-85.6069103,42.8938589],[-85.6069172,42.8939921],[-85.6069572,42.8946981],[-85.6069732,42.8949251],[-85.6069932,42.8953451],[-85.6070042,42.8955721],[-85.6070114,42.89571540000001],[-85.6070182,42.8958521],[-85.6070248,42.8959592],[-85.6070408,42.8962204],[-85.6070642,42.8966031],[-85.6070922,42.8970571],[-85.6071092,42.897412100000004],[-85.6071252,42.8977251],[-85.6071266,42.8977462],[-85.6071817,42.8985871],[-85.6071852,42.8986411],[-85.6072786,42.9000091],[-85.6072845,42.9000948],[-85.607294,42.9001744],[-85.6074071,42.90177709999999],[-85.6074291,42.9020891],[-85.6074483,42.9024057],[-85.607464,42.9026423],[-85.6075157,42.90342189999999],[-85.6075416,42.9038177],[-85.6075703,42.904255500000005],[-85.6075782,42.9043758],[-85.6075889,42.9045764],[-85.6076062,42.9047884],[-85.60762421266583,42.905035515534465],[-85.60748180889226,42.9051242474097],[-85.60733695616679,42.90514394746444],[-85.60719210344132,42.90516364751918],[-85.60704341455285,42.90540750075499],[-85.6061612,42.9053993],[-85.6060542,42.9054001],[-85.6050831,42.9053896],[-85.6046394,42.9053855],[-85.60209,42.9053622],[-85.6013172,42.9053551],[-85.6003299,42.9053468],[-85.5998502,42.9053428],[-85.5975848,42.9053237],[-85.5967962,42.9053171],[-85.5963229,42.90531099999999],[-85.5960942,42.9053081],[-85.5956837,42.9053032],[-85.5955922,42.9053021],[-85.5945152,42.9052941],[-85.5935352,42.9052841],[-85.5922455,42.9052752],[-85.5919265,42.905273],[-85.591686,42.905271299999995],[-85.5909222,42.9052661],[-85.5904857,42.9052623],[-85.5894475,42.9052533],[-85.58889624085069,42.90524847891098],[-85.58877008704967,42.905516101355374],[-85.58864727721826,42.905576041033996],[-85.58852446738686,42.90563598071263],[-85.58840165755545,42.90569592039126],[-85.58827884772406,42.905755860069895],[-85.58815603789266,42.905815799748524],[-85.58803322806125,42.90587573942716],[-85.58799310327909,42.905970974125246],[-85.5880065,42.9061361],[-85.5880079,42.9061633],[-85.5880488,42.9069615],[-85.5880592,42.9071215],[-85.5881057,42.9078344],[-85.5881219,42.9080834],[-85.5881308,42.9082198],[-85.588167,42.908775],[-85.5881742,42.9088851],[-85.5881945,42.909175],[-85.5882532,42.9100142],[-85.58826534302187,42.91018796717319],[-85.58850488375859,42.910445827859725],[-85.5892434,42.9104571],[-85.5905668,42.9104704],[-85.59077533932847,42.910473313917024],[-85.5908917376377,42.910759653833274],[-85.59101394301133,42.91082026082748],[-85.59113614838495,42.91088086782168],[-85.59125835375855,42.91094147481588],[-85.59138055913218,42.91100208181009],[-85.59150276450578,42.91106268880429],[-85.59162496987939,42.9111232957985],[-85.59174717525302,42.9111839027927],[-85.59184333496484,42.9112783153197],[-85.5918486,42.9113581],[-85.5918719,42.911711],[-85.5918855,42.9119183],[-85.5918938,42.9120441],[-85.591917,42.91239560000001],[-85.591926,42.912532],[-85.591836703557,42.9126879287471],[-85.59173169192334,42.91276405479344],[-85.59162668028969,42.912840180839794],[-85.59152166865604,42.912916306886146],[-85.59141665702239,42.9129924329325],[-85.59131164538873,42.91306855897885],[-85.59120663375508,42.913144685025195],[-85.59110162212144,42.913220811071554],[-85.59099661048779,42.9132969371179],[-85.59089159885413,42.91337306316425],[-85.59078658722048,42.9134491892106],[-85.59065532814125,42.913478505913716],[-85.5905080329577,42.9134792240429],[-85.59036073777413,42.913479942172096],[-85.59021344259057,42.91348066030128],[-85.590066147407,42.913481378430475],[-85.58991885222345,42.91348209655967],[-85.58977155703987,42.913482814688855],[-85.58962426185632,42.91348353281805],[-85.58947696667275,42.91348425094724],[-85.58932967148918,42.91348496907643],[-85.58918237630562,42.913485687205615],[-85.58903508112206,42.913486405334815],[-85.58888778593848,42.913487123464],[-85.58874049075493,42.91348784159319]]}},{"type":"Feature","properties":{"routeId":"44","color":"#C4DF9B","dir":"Westbound","trips":113,"dests":"Walmart-Grandville"},"geometry":{"type":"LineString","coordinates":[[-85.58722285215353,42.91305490969858],[-85.58735070430704,42.91310881939716],[-85.58747855646057,42.913162729095724],[-85.58760640861408,42.9132166387943],[-85.5877342607676,42.91327054849288],[-85.58786211292112,42.91332445819146],[-85.58798996507464,42.91337836789004],[-85.58811781722817,42.913432277588605],[-85.58824566938168,42.913486187287184],[-85.5883735215352,42.91354009698576],[-85.58850156492836,42.91359344285407],[-85.58864879807483,42.913590211732],[-85.58879603122129,42.913586980609914],[-85.58894326436776,42.91358374948784],[-85.58909049751423,42.91358051836576],[-85.58923773066068,42.91357728724368],[-85.58938496380716,42.91357405612161],[-85.58953219695363,42.913570824999525],[-85.58967943010009,42.91356759387745],[-85.58982666324655,42.91356436275537],[-85.58997389639302,42.91356113163329],[-85.59012112953948,42.913557900511215],[-85.59026836268596,42.913554669389136],[-85.59041559583243,42.91355143826706],[-85.59056282897888,42.913548207144984],[-85.59069846932118,42.9135185893038],[-85.59082032943458,42.91345760588234],[-85.59094218954797,42.91339662246091],[-85.59106404966137,42.91333563903945],[-85.59118590977475,42.913274655618004],[-85.59130776988815,42.913213672196555],[-85.59142963000153,42.913152688775114],[-85.59155149011492,42.913091705353665],[-85.59167335022832,42.913030721932216],[-85.59179521034172,42.912969738510775],[-85.59191707045511,42.912908755089326],[-85.592006305885,42.91283591168635],[-85.591926,42.912532],[-85.591917,42.91239560000001],[-85.5918938,42.9120441],[-85.5918855,42.9119183],[-85.5918719,42.911711],[-85.5918486,42.9113581],[-85.59184609305917,42.91132011061035],[-85.59178908208895,42.91124205248429],[-85.59167941725244,42.9111695776971],[-85.59156975241592,42.91109710290993],[-85.59146008757942,42.911024628122746],[-85.59135042274292,42.910952153335565],[-85.5912407579064,42.91087967854838],[-85.59113109306989,42.9108072037612],[-85.59102142823339,42.91073472897402],[-85.59091176339689,42.91066225418683],[-85.59080209856037,42.91058977939966],[-85.59069243372386,42.91051730461247],[-85.59056161389115,42.91047034788027],[-85.5892434,42.9104571],[-85.58865806926501,42.91044816596472],[-85.58858040945222,42.91023525499218],[-85.58826195536267,42.9101394896221],[-85.5882532,42.9100142],[-85.5881945,42.909175],[-85.5881742,42.9088851],[-85.588167,42.908775],[-85.5881308,42.9082198],[-85.5881219,42.9080834],[-85.5881057,42.9078344],[-85.5880592,42.9071215],[-85.5880488,42.9069615],[-85.5880079,42.9061633],[-85.5880065,42.9061361],[-85.58799015280533,42.90593460704991],[-85.58829119007646,42.9058136873632],[-85.58830332752486,42.90570549854784],[-85.58842121061042,42.905660181850884],[-85.58856211947705,42.90562855536066],[-85.58870302834367,42.90559692887043],[-85.5888439372103,42.905565302380204],[-85.58898484607693,42.90553367588998],[-85.58912575494355,42.90550204939975],[-85.58927018474749,42.90525174927269],[-85.5894475,42.9052533],[-85.5904857,42.9052623],[-85.5909222,42.9052661],[-85.591686,42.905271299999995],[-85.5919265,42.905273],[-85.5922455,42.9052752],[-85.5935352,42.9052841],[-85.5945152,42.9052941],[-85.5955922,42.9053021],[-85.5956837,42.9053032],[-85.5960942,42.9053081],[-85.5963229,42.90531099999999],[-85.5967962,42.9053171],[-85.5975848,42.9053237],[-85.5998502,42.9053428],[-85.6003299,42.9053468],[-85.6013172,42.9053551],[-85.60209,42.9053622],[-85.6046394,42.9053855],[-85.6050831,42.9053896],[-85.6060542,42.9054001],[-85.6061612,42.9053993],[-85.60705635703609,42.905407621063745],[-85.60713912987673,42.90534489282148],[-85.60717794026132,42.90524017078561],[-85.6072167506459,42.90513544874975],[-85.60725556103048,42.90503072671389],[-85.60729437141508,42.90492600467803],[-85.60760780433397,42.90481040983741],[-85.6076062,42.9047884],[-85.6075889,42.9045764],[-85.6075782,42.9043758],[-85.6075703,42.904255500000005],[-85.6075416,42.9038177],[-85.6075157,42.90342189999999],[-85.607464,42.9026423],[-85.6074483,42.9024057],[-85.6074291,42.9020891],[-85.6074071,42.90177709999999],[-85.607294,42.9001744],[-85.6072845,42.9000948],[-85.6072786,42.9000091],[-85.6071852,42.8986411],[-85.6071817,42.8985871],[-85.6071266,42.8977462],[-85.6071252,42.8977251],[-85.6071092,42.897412100000004],[-85.6070922,42.8970571],[-85.6070642,42.8966031],[-85.6070408,42.8962204],[-85.6070248,42.8959592],[-85.6070182,42.8958521],[-85.6070114,42.89571540000001],[-85.6070042,42.8955721],[-85.6069932,42.8953451],[-85.6069732,42.8949251],[-85.6069572,42.8946981],[-85.6069172,42.8939921],[-85.6069103,42.8938589],[-85.6069069,42.8937941],[-85.6068332,42.8923741],[-85.6067719,42.891374400000004],[-85.6067382,42.8908911],[-85.6067269,42.8903446],[-85.6067234,42.8901736],[-85.6067171,42.890060999999996],[-85.6066719,42.8892496],[-85.6066545,42.888937500000004],[-85.6066284,42.8884691],[-85.6065872,42.8877301],[-85.6065681,42.8872977],[-85.6065469,42.8868159],[-85.6065356,42.8864597],[-85.6065282,42.8861722],[-85.6064457,42.8860297],[-85.6064375,42.8858637],[-85.6064345,42.8858027],[-85.6064073,42.8853345],[-85.6063981,42.8851762],[-85.6063967,42.8851404],[-85.6063943,42.8850748],[-85.6063892,42.8849408],[-85.6063808,42.8847191],[-85.606376,42.8845924],[-85.6063486,42.8838689],[-85.6063445,42.8837644],[-85.6063364,42.8836453],[-85.606331,42.8835593],[-85.6062976,42.8829848],[-85.606288,42.8827577],[-85.6062815,42.8826006],[-85.6063577,42.882509],[-85.60635765900471,42.88250852719779],[-85.6063305,42.8821953],[-85.606304,42.8819769],[-85.6062878,42.8816738],[-85.6062779,42.88148809999999],[-85.6062335,42.8806567],[-85.6062238,42.8804752],[-85.6062222,42.8804461],[-85.6061595,42.88006769999999],[-85.60604501286961,42.87980870726368],[-85.6059164585863,42.87966786298446],[-85.6058915,42.87964680000001],[-85.6057893,42.8795365],[-85.6056109,42.8793419],[-85.6054312,42.8792023],[-85.6051432,42.8790096],[-85.6050597,42.8789537],[-85.6044614,42.8785531],[-85.6033109,42.8777606],[-85.6026984,42.8773375],[-85.6022423,42.8770358],[-85.6020543,42.8769115],[-85.6011786,42.87634080000001],[-85.6011088,42.8762953],[-85.6002231,42.8757649],[-85.6001343,42.875712],[-85.5994561,42.8753091],[-85.5992707,42.875197400000005],[-85.5990318,42.8750489],[-85.5988665,42.87495210000001],[-85.5987449,42.87489699999999],[-85.598483,42.8747982],[-85.5983818,42.8747664],[-85.5982779,42.87474580000001],[-85.5981522,42.8747241],[-85.59798442273305,42.874712318386216],[-85.59781067868053,42.87491352565223],[-85.59766506256061,42.87489716561887],[-85.59751944644069,42.87488080558552],[-85.59737383032076,42.87486444555216],[-85.5972798961665,42.87492490689608],[-85.5971874,42.8749952],[-85.5971567,42.8750248],[-85.5969881,42.8751745],[-85.59675,42.875373],[-85.596492,42.87562599999999],[-85.596421,42.875716999999995],[-85.596279,42.87593999999999],[-85.596239,42.87603],[-85.596181,42.876224],[-85.5961767,42.8762603],[-85.59617,42.876317],[-85.5961707,42.876456],[-85.596171,42.87652299999999],[-85.5962063,42.8772779],[-85.5962403,42.8780034],[-85.5962478,42.8781636],[-85.5962567,42.8783524],[-85.5962653,42.8785343],[-85.596287,42.879001],[-85.5963,42.879195],[-85.596366,42.88074],[-85.5963764,42.880909],[-85.596398,42.881271000000005],[-85.596454,42.8823414],[-85.5964731,42.88264],[-85.5964903035469,42.882909696008035],[-85.59681686231018,42.88299984093072],[-85.59687604950176,42.88309924958964],[-85.59693523669334,42.88319865824857],[-85.59699442388491,42.88329806690749],[-85.59705361107649,42.88339747556642],[-85.59711279826807,42.88349688422534],[-85.59721695542946,42.88356306854192],[-85.5975567,42.883566],[-85.5982088,42.8835716],[-85.59824291900998,42.88357189391222],[-85.59838751380676,42.883708259932185],[-85.5994221,42.88371560000001],[-85.5995109,42.8837157],[-85.5997431,42.8837179],[-85.6004983,42.8837233],[-85.6013888,42.8837297],[-85.6016036,42.8837312],[-85.6021719,42.8837353],[-85.602466,42.8837359],[-85.6031279,42.8837415],[-85.6038728,42.8837478],[-85.6042868,42.8837514],[-85.6053048,42.8837578],[-85.6062207,42.8837636],[-85.6063445,42.8837644],[-85.6065234,42.8837656],[-85.6066549,42.883766],[-85.6081951,42.883775],[-85.6084705,42.88377590000001],[-85.6086197,42.8837764],[-85.6099546,42.883780400000006],[-85.6106882,42.8837827],[-85.611204,42.8837844],[-85.6113394,42.883784],[-85.6117165,42.883783],[-85.6118235,42.883783],[-85.6124241,42.883783],[-85.6132865,42.883783],[-85.6136947,42.883783],[-85.6138115,42.883783],[-85.6139192,42.883783],[-85.6143827,42.883783],[-85.6145281,42.883783],[-85.6146917,42.883783],[-85.6151308,42.8837829],[-85.6160936,42.8837834],[-85.6162898,42.8837835],[-85.6168216,42.8837837],[-85.6169645,42.88378279999999],[-85.6171008,42.8837823],[-85.6178612,42.8837792],[-85.6183166,42.8837773],[-85.6184715,42.8837802],[-85.6192636,42.8837734],[-85.6201178,42.88376989999999],[-85.62121,42.8837635],[-85.6217016,42.8837606],[-85.6224153,42.8837557],[-85.6226214,42.8837543],[-85.623013,42.8837517],[-85.6233603,42.8837496],[-85.6246505,42.883741699999995],[-85.6252142,42.8837382],[-85.6257806,42.8837347],[-85.6258831,42.8837341],[-85.6260425,42.8837331],[-85.6261808,42.883736],[-85.6276976,42.8837524],[-85.6284287,42.8837612],[-85.6288251,42.883766],[-85.6291366,42.8837697],[-85.6303319,42.8837813],[-85.630663,42.8837826],[-85.6316781,42.8837864],[-85.6321231,42.8837929],[-85.6323099,42.8837956],[-85.6323559,42.8837963],[-85.6325757,42.8837995],[-85.6330248,42.883806],[-85.6343552,42.8838118],[-85.6345064,42.8838134],[-85.6357285,42.8838267],[-85.6359237,42.8838288],[-85.63815,42.8838384],[-85.6385039,42.8838399],[-85.6395149,42.8838442],[-85.6411842,42.8838514],[-85.6415347,42.88385290000001],[-85.6429544,42.883859],[-85.6430922,42.8838596],[-85.6439864,42.8838634],[-85.6454155,42.8838695],[-85.6456386,42.8838705],[-85.6458629,42.8838733],[-85.6462069,42.8838775],[-85.6463884,42.88387829999999],[-85.6468032,42.8838848],[-85.6468773,42.8838857],[-85.6474188,42.8838923],[-85.6474984,42.883893300000004],[-85.6477832,42.883896799999995],[-85.6478507,42.8838976],[-85.6489281,42.8839108],[-85.6502742,42.883926],[-85.6503003,42.8839263],[-85.6507253,42.8839311],[-85.6514965,42.8839399],[-85.6519176,42.88394449999999],[-85.6524274,42.8839504],[-85.6526584,42.8839533],[-85.6529468,42.8839568],[-85.6533196,42.8839612],[-85.6533929,42.8839621],[-85.6538893,42.8839676],[-85.6541377,42.883970299999994],[-85.6542136,42.8839711],[-85.6555056,42.883985300000006],[-85.6578385,42.8840455],[-85.6584954,42.8840584],[-85.6587958,42.8840643],[-85.6592045,42.8840656],[-85.6595907,42.8840669],[-85.6603502,42.8840694],[-85.6611449,42.8840712],[-85.6612588,42.88406930000001],[-85.661952,42.88405780000001],[-85.6625877,42.8840472],[-85.6631005,42.8840387],[-85.6632067,42.8840369],[-85.6638254,42.8840335],[-85.6639857,42.8840378],[-85.66466446436077,42.884056206870554],[-85.66481108413713,42.884059536407904],[-85.6652729,42.8840666],[-85.6655403,42.88407070000001],[-85.6658057,42.8840748],[-85.6659306,42.8840767],[-85.6660787,42.8840802],[-85.6663124,42.8840858],[-85.6668087,42.8840976],[-85.6674018,42.8841019],[-85.6677837,42.8841064],[-85.6696751,42.8841099],[-85.669787,42.8841099],[-85.6699143,42.8841123],[-85.6702162,42.8841131],[-85.670783,42.8841146],[-85.6727677,42.88411979999999],[-85.6731754,42.8841237],[-85.6735455,42.8841394],[-85.6736929,42.8841479],[-85.6737344,42.8841503],[-85.6739183,42.884161],[-85.6741705,42.88418459999999],[-85.6743985,42.8841964],[-85.6746747,42.8842043],[-85.6751146,42.8842141],[-85.6755384,42.884222],[-85.676379,42.884228],[-85.676909,42.8842318],[-85.6776264,42.8842344],[-85.6778268,42.8842352],[-85.6780736,42.8842361],[-85.6786402,42.8842461],[-85.679106,42.8842543],[-85.6802361,42.8842741],[-85.680425,42.8842774],[-85.6805518,42.8842795],[-85.6808175,42.8842819],[-85.6809508,42.8842831],[-85.6812039,42.88429399999999],[-85.6816304,42.8842988],[-85.6816649,42.8842997],[-85.6821035,42.8843008],[-85.6828347,42.8842983],[-85.6831815,42.8843005],[-85.6834065,42.884302],[-85.6837454,42.884304],[-85.684058,42.884303100000004],[-85.6843203,42.8843005],[-85.6844397,42.8843034],[-85.6845986,42.8843072],[-85.6847344,42.8843054],[-85.6851054,42.8843054],[-85.6853143,42.8843091],[-85.6857315,42.8843084],[-85.6861604,42.884303],[-85.6865955,42.8843039],[-85.6880855,42.8843331],[-85.6888493,42.88434110000001],[-85.6894155,42.8843475],[-85.6895479,42.884348],[-85.6905695,42.8843407],[-85.6911699,42.884339000000004],[-85.6919869,42.8843344],[-85.6925767,42.8843314],[-85.6933117,42.8843368],[-85.6937993,42.8843363],[-85.6945866,42.8843462],[-85.695038,42.8843485],[-85.6962345,42.88435330000001],[-85.6975082,42.8844018],[-85.7001603,42.8844151],[-85.7009325,42.8844176],[-85.7017754,42.8844231],[-85.7019489,42.8844243],[-85.7028389,42.8844477],[-85.7029781,42.8844521],[-85.7032371,42.8844622],[-85.7040043,42.8844776],[-85.704226,42.8844787],[-85.7044971,42.88448],[-85.7051417,42.8844907],[-85.7052956,42.884494],[-85.7054795,42.884496500000004],[-85.7060302,42.8845107],[-85.7067652,42.8845236],[-85.7074729,42.8845309],[-85.7076887,42.8845382],[-85.7081267,42.884544],[-85.7090425,42.8845562],[-85.709836,42.8845733],[-85.7100305,42.8845767],[-85.7110111,42.8845938],[-85.7118679,42.884613599999994],[-85.7123638,42.8846158],[-85.7132321,42.8846333],[-85.7140722,42.8846394],[-85.7143365,42.8846449],[-85.714839,42.88463029999999],[-85.7151064,42.8846225],[-85.7161776,42.8846403],[-85.7166167,42.884652300000006],[-85.7172938,42.8846707],[-85.7179185,42.8846887],[-85.7192434,42.8847074],[-85.720089,42.88472229999999],[-85.7206525,42.8847336],[-85.7214324,42.8847508],[-85.7218421,42.8847592],[-85.72193,42.8847614],[-85.7221414,42.8847668],[-85.7222469,42.8847695],[-85.7224693,42.88476899999999],[-85.7226703,42.884775],[-85.7227725,42.8847776],[-85.7229845,42.8847831],[-85.7231722,42.884787],[-85.7234913,42.88479339999999],[-85.7239308,42.8848027],[-85.7239599,42.8848033],[-85.7241485,42.8848079],[-85.7243415,42.884808400000004],[-85.725099,42.8848031],[-85.7266433,42.8847915],[-85.7271907,42.884789],[-85.7279448,42.884787],[-85.728277,42.8847859],[-85.729231,42.8847772],[-85.7301112,42.8847705],[-85.7301432,42.8847705],[-85.730262,42.8847703],[-85.7307461,42.88476969999999],[-85.7307973,42.8847696],[-85.7308809,42.8847695],[-85.7310672,42.8847692],[-85.7311,42.88476899999999],[-85.7314664,42.8847663],[-85.7315473,42.8847657],[-85.7317202,42.8847644],[-85.7324945,42.88476],[-85.7327962,42.88475819999999],[-85.7328945,42.88475720000001],[-85.7334065,42.8847489],[-85.7335576,42.8847462],[-85.7337103,42.8847463],[-85.7342253,42.8847472],[-85.7347813,42.8847451],[-85.7349098,42.8847449],[-85.7359744,42.8847437],[-85.7361297,42.8847435],[-85.736296,42.88474360000001],[-85.7370669,42.8847441],[-85.7375721,42.8847444],[-85.7378411,42.88474459999999],[-85.7384159,42.88474500000001],[-85.7385147,42.8847456],[-85.7385654,42.8847451],[-85.73859532770828,42.88474512124542],[-85.73871298662316,42.88454872326113],[-85.739166,42.8845244],[-85.73932908925521,42.8845158448205],[-85.7394288551039,42.88426693398655],[-85.73954633575792,42.88420144880915],[-85.73966381641195,42.88413596363175],[-85.73978129706597,42.884070478454355],[-85.73989877772,42.88400499327695],[-85.74001625837403,42.88393950809955],[-85.74013373902805,42.88387402292216],[-85.74025514686993,42.88381259415659],[-85.74037738416187,42.883752022134125],[-85.74049962145382,42.88369145011167],[-85.74062185874577,42.88363087808921],[-85.74074409603772,42.883570306066744],[-85.74086633332966,42.88350973404428],[-85.74098857062161,42.88344916202182],[-85.74111080791357,42.88338858999936],[-85.74123304520552,42.8833280179769],[-85.74135528249745,42.88326744595444],[-85.7414775197894,42.88320687393198],[-85.74159975708135,42.88314630190951],[-85.74172199437331,42.88308572988706],[-85.74182751546893,42.883014440575835],[-85.74189198832596,42.88291683392437],[-85.74195646118301,42.88281922727289],[-85.74202093404003,42.88272162062141],[-85.74208540689706,42.88262401396994],[-85.7421498797541,42.88252640731846],[-85.74221435261113,42.88242880066698],[-85.74227882546816,42.882331194015514],[-85.7423432983252,42.882233587364034],[-85.74240777118223,42.882135980712555],[-85.74247224403925,42.88203837406108],[-85.74253671689628,42.8819407674096],[-85.74260118975333,42.88184316075813],[-85.74269145962029,42.88177447658091],[-85.7428386069373,42.881769560901986],[-85.743252,42.881684],[-85.7434019,42.881685000000004],[-85.7434291,42.8816852],[-85.7437096,42.881687],[-85.7443678,42.88169130000001],[-85.7445262,42.88169229999999],[-85.7447262,42.8816936],[-85.745403,42.881698],[-85.745658,42.881695],[-85.745876,42.88168],[-85.7460503,42.8816569],[-85.74611,42.881649],[-85.7462888,42.881616699999995],[-85.746359,42.881604],[-85.746645,42.881559],[-85.746707,42.8815501],[-85.7467507,42.8815439],[-85.746815,42.881537],[-85.747179,42.881515],[-85.747883,42.881505],[-85.748053,42.8814973],[-85.748138,42.881495],[-85.748385,42.881461],[-85.74861,42.881405],[-85.748834,42.881326],[-85.749105,42.881201],[-85.749749,42.880867],[-85.74988,42.880811],[-85.74996569154995,42.88078115238148],[-85.75023319712517,42.88094728060697],[-85.75037448441945,42.880916584835006],[-85.75051577171374,42.880885889063045],[-85.750657059008,42.880855193291076],[-85.75079834630229,42.880824497519114],[-85.75093963359657,42.88079380174715],[-85.75106675523675,42.88073898618518],[-85.75119382192463,42.8806840770562],[-85.75132088861253,42.88062916792723],[-85.7514479553004,42.880574258798255],[-85.7515750219883,42.880519349669285],[-85.7517020886762,42.8804644405403],[-85.75182915536408,42.88040953141133],[-85.75195622205196,42.88035462228236],[-85.75208328873985,42.880299713153384],[-85.75211342002412,42.88024135314447],[-85.75199412587835,42.88017767362173],[-85.7518748317326,42.880113994099],[-85.75175553758682,42.88005031457626],[-85.75163624344106,42.87998663505353],[-85.75151694929528,42.879922955530795],[-85.75139765514952,42.87985927600805],[-85.75127836100376,42.87979559648532],[-85.75121185404282,42.8798721886197],[-85.75123658317294,42.879979205807274],[-85.75126131230304,42.88008622299486],[-85.75128604143316,42.880193240182436],[-85.75131077056326,42.88030025737002],[-85.75133549969338,42.88040727455759],[-85.7513602288235,42.88051429174518],[-85.7513849579536,42.88062130893275],[-85.75140968708372,42.88072832612033],[-85.75143441621383,42.880835343307915],[-85.75145914534393,42.88094236049549],[-85.75153011397,42.881032358581336],[-85.7516313422085,42.88111121918801],[-85.75173257044699,42.881190079794685],[-85.7518337986855,42.88126894040136],[-85.75193502692399,42.88134780100803],[-85.7520362551625,42.88142666161471],[-85.75213748340099,42.88150552222139],[-85.75223871163949,42.881584382828066],[-85.752339939878,42.88166324343474],[-85.75244116811648,42.881742104041415],[-85.75254239635498,42.88182096464809],[-85.75264362459349,42.88189982525476],[-85.75274485283198,42.88197868586144],[-85.752844,42.882290999999995],[-85.752848,42.882588],[-85.7528508,42.8827148],[-85.7528648,42.88334789999999],[-85.7528698,42.8835767],[-85.7528714,42.8836477],[-85.75287323973802,42.883971395333745],[-85.75320948046277,42.88406541714894],[-85.75328115687859,42.884160255693686],[-85.7533528332944,42.88425509423845],[-85.75342450971021,42.884349932783195],[-85.75349618612603,42.88444477132795],[-85.75356786254184,42.884539609872704],[-85.75363953895767,42.88463444841745],[-85.75377972809352,42.88462523843892],[-85.754124,42.884623000000005],[-85.754623,42.88462],[-85.7561387,42.8846155],[-85.756966,42.884613],[-85.758197,42.884604],[-85.760575,42.8846151],[-85.7614467,42.88459410000001],[-85.7617334,42.8845953],[-85.7618839,42.8845959],[-85.7623059,42.8845976],[-85.7624676,42.8845983],[-85.7626186,42.884601399999994],[-85.7631865,42.884613],[-85.7632774,42.8846149],[-85.7638946,42.8846276],[-85.764232,42.884634500000004],[-85.7642792,42.8846355],[-85.7649784,42.8846498],[-85.7657328,42.8846653],[-85.7667595,42.8846864],[-85.76805,42.8847107],[-85.7697445,42.8847425],[-85.7703817,42.8847545],[-85.7704845,42.8847564],[-85.7707033,42.8847699],[-85.77085874070922,42.884777070212955],[-85.77097502786836,42.884710438010785],[-85.7710913150275,42.884643805808615],[-85.77120760218665,42.884577173606445],[-85.7713238893458,42.884510541404275],[-85.77144017650495,42.884443909202105],[-85.77179175782278,42.88447571089255],[-85.771855,42.8843936],[-85.7719229,42.8843009],[-85.7720151,42.8841461],[-85.7721033,42.8840136],[-85.7721611,42.8839289],[-85.7722057,42.8838597],[-85.7723273,42.8836331],[-85.77234681445245,42.88358120763581],[-85.77269354304985,42.883545540057874],[-85.77277703013371,42.88345610313247],[-85.77286051721755,42.883366666207046],[-85.7729440043014,42.88327722928163],[-85.77302749138525,42.883187792356225],[-85.77311097846909,42.88309835543081],[-85.77319446555295,42.8830089185054],[-85.77327795263679,42.88291948157998],[-85.77336143972063,42.88283004465457],[-85.77343017729645,42.88273776167425],[-85.77341687089982,42.88262964754555],[-85.7734035645032,42.88252153341684],[-85.77339025810657,42.88241341928814],[-85.77337695170993,42.882305305159434],[-85.77336364531331,42.882197191030734],[-85.77335033891669,42.88208907690203],[-85.77333703252006,42.88198096277332],[-85.77332372612344,42.88187284864462],[-85.77331041972681,42.88176473451591],[-85.77329711333019,42.88165662038721],[-85.77328380693356,42.881548506258504],[-85.7731635938327,42.88148575251459],[-85.77304505206676,42.88155019067252],[-85.77292651030083,42.88161462883044],[-85.7728079685349,42.881679066988376],[-85.77268942676896,42.8817435051463],[-85.77257088500305,42.88180794330423],[-85.7724523432371,42.88187238146215],[-85.77233380147118,42.88193681962009],[-85.77238303857563,42.882041760607464],[-85.7723854,42.8824485],[-85.7723816,42.8828178],[-85.7723766,42.883295],[-85.77236291288172,42.88345676235809],[-85.77216173977632,42.883473391487065],[-85.77201454733992,42.88346927438782],[-85.7718673549035,42.88346515728858],[-85.77172016246709,42.88346104018934],[-85.77157297003069,42.8834569230901],[-85.77142577759429,42.883452805990856],[-85.77127858515789,42.88344868889162],[-85.77113139272147,42.88344457179238],[-85.77098420028507,42.883440454693144],[-85.77083700784867,42.883436337593906],[-85.77068981541225,42.88343222049466],[-85.77059227406082,42.88335513556994],[-85.7703686488551,42.883227786363946],[-85.770224,42.883445],[-85.7703618,42.8835084],[-85.770703,42.8836768],[-85.7716176,42.8841447],[-85.77174222518364,42.88420846172186],[-85.7720151,42.8841461],[-85.772209,42.8842485],[-85.7722618,42.88427519999999],[-85.7723318,42.88431039999999],[-85.772438,42.8843574],[-85.7725681,42.8844124],[-85.7727197,42.8844714],[-85.7728055,42.8845007],[-85.772941,42.8845459],[-85.7731411,42.8846095],[-85.7732754,42.8846457],[-85.7734053,42.884678],[-85.7735356,42.884705600000004],[-85.7736874,42.8847353],[-85.7738199,42.8847597],[-85.7739779,42.884788],[-85.7741568,42.8848186],[-85.7745653117961,42.88487893428759],[-85.77471848385758,42.884898453530674],[-85.774845,42.8849052],[-85.7759103,42.8849473],[-85.7769262,42.8849874],[-85.7778031,42.8850232],[-85.7779421,42.8850298],[-85.7800546,42.885125],[-85.7810062,42.8851665],[-85.78132,42.8851789],[-85.78161719834114,42.88519228138382],[-85.78174558058593,42.885053770401655],[-85.78179577615747,42.8849517101533],[-85.78184597172901,42.88484964990494],[-85.78189616730056,42.884747589656584],[-85.78194636287212,42.88464552940823],[-85.78226328133552,42.88454518025953],[-85.7822675,42.884188],[-85.7822707,42.8837255],[-85.7822686,42.8835335],[-85.782266,42.8833004],[-85.782277,42.8830332],[-85.7822852,42.8821397],[-85.78227525653048,42.8810113150792]]}},{"type":"Feature","properties":{"routeId":"12","color":"#913F98","dir":"Westbound","trips":110,"dests":"Meijer-Standale"},"geometry":{"type":"LineString","coordinates":[[-85.6743201998735,42.95656015464357],[-85.6743788,42.9564497],[-85.6744332,42.9563515],[-85.674536,42.956165999999996],[-85.67488772661358,42.95603894753769],[-85.6755338,42.9560387],[-85.6758031,42.9560417],[-85.6763362,42.9560463],[-85.677669,42.956058999999996],[-85.6778328,42.95606209999999],[-85.6778959,42.956063199999996],[-85.6780688,42.9560651],[-85.6785556,42.956067700000006],[-85.6795324,42.9560744],[-85.6797679,42.956076],[-85.680058,42.9560822],[-85.6806201,42.9560941],[-85.6808614,42.9560992],[-85.6810771,42.9561045],[-85.6832403,42.9561293],[-85.68371749342334,42.956151871846735],[-85.68395184588104,42.9564534870712],[-85.683697,42.956681],[-85.6835289,42.9568359],[-85.6832595,42.9570892],[-85.683114,42.957224999999994],[-85.682816,42.957482],[-85.682699,42.95761],[-85.682631,42.957708],[-85.6825576,42.957823],[-85.6823482,42.95815089999999],[-85.681986,42.9587183],[-85.681937,42.958795],[-85.6818133,42.9589799],[-85.681701,42.9591477],[-85.6816474,42.9592278],[-85.6815555,42.9593619],[-85.68141125922737,42.95957223705175],[-85.68140764114507,42.959688361326],[-85.68144988155152,42.95979235989893],[-85.68149212195797,42.95989635847185],[-85.68153436236443,42.96000035704478],[-85.68157660277089,42.96010435561771],[-85.68165438685251,42.960158220632415],[-85.6818729,42.9601598],[-85.6822225,42.9601629],[-85.6823825,42.9601664],[-85.6824701,42.9601684],[-85.6826026,42.96017140000001],[-85.6828594,42.9601754],[-85.683091,42.960182],[-85.6832867,42.9601807],[-85.6834216,42.9601777],[-85.6835531,42.9601705],[-85.6836879,42.96016019999999],[-85.683799,42.9601392],[-85.684314,42.960027100000005],[-85.6848462,42.9599125],[-85.684921,42.959896],[-85.6850449,42.9598689],[-85.6851363,42.9598489],[-85.6852134,42.959832299999995],[-85.6855548,42.9597573],[-85.686074,42.9596443],[-85.6861681,42.9596232],[-85.686282,42.959598],[-85.6872816,42.9593858],[-85.687366,42.959366],[-85.6874845,42.9593389],[-85.6881234,42.9592052],[-85.6881766,42.959193899999995],[-85.688718,42.959079],[-85.6890904,42.9589923],[-85.689182,42.958971],[-85.690127,42.958774],[-85.690413,42.958715],[-85.6909472,42.9585947],[-85.691026,42.958577],[-85.6911433,42.9585502],[-85.6916798,42.9584278],[-85.69190519250124,42.958376347841345],[-85.69228370588225,42.95849465344967],[-85.6923035,42.9590871],[-85.6923046,42.9591641],[-85.6923055,42.9592308],[-85.6923087,42.95996259999999],[-85.692309,42.960019],[-85.6923127,42.9601112],[-85.6923241,42.960497],[-85.692337,42.9608744],[-85.692339,42.960932],[-85.6923431,42.9610176],[-85.6923476,42.9614169],[-85.6923539,42.9617725],[-85.692355,42.961834999999994],[-85.6923579,42.9619215],[-85.6923665,42.9622848],[-85.6923766,42.9626674],[-85.6923781,42.9627382],[-85.6923782,42.9628307],[-85.6923784,42.9631293],[-85.6923785,42.9632347],[-85.6923787,42.9633731],[-85.69237888090055,42.96357588951687],[-85.69238047481396,42.96368402683133],[-85.692383,42.963744],[-85.6923943,42.96402],[-85.6923974,42.9640946],[-85.6924138,42.9644829],[-85.6924175,42.9645801],[-85.6924187,42.9646508],[-85.6924235,42.9650301],[-85.6924291,42.96538460000001],[-85.6924303,42.9654914],[-85.6924369,42.9655504],[-85.6924512,42.9661952],[-85.6924554,42.966350899999995],[-85.6924532,42.9664622],[-85.6924649,42.96682],[-85.6924778,42.9672044],[-85.69248,42.96727],[-85.6924807,42.967355],[-85.6924859,42.96772769999999],[-85.6924968,42.9681042],[-85.6924972,42.9681689],[-85.6924946,42.9682466],[-85.6925026,42.9689878],[-85.692503,42.969059],[-85.6925046,42.9691514],[-85.6925097,42.9695294],[-85.6925153,42.969903300000006],[-85.692516,42.96997],[-85.6925189,42.9700618],[-85.6925327,42.9705713],[-85.69253431107919,42.970630861837805],[-85.69260147106432,42.97087758670431],[-85.6933855,42.9708984],[-85.6936396,42.9709051],[-85.693747,42.970908],[-85.6938216,42.9709103],[-85.6938683,42.970911799999996],[-85.6947468,42.970939],[-85.695001,42.970944],[-85.6953667,42.9709546],[-85.6954434,42.9709568],[-85.6955237,42.97095879999999],[-85.6964127,42.9709809],[-85.6965195,42.970984],[-85.6966293,42.9709866],[-85.6971263,42.9709986],[-85.6972356,42.9709971],[-85.6973469,42.9709889],[-85.697479,42.970968],[-85.697604,42.9709498],[-85.6976597,42.97093509999999],[-85.697745,42.970909000000006],[-85.6987222,42.970578],[-85.6988178,42.9705464],[-85.6989173,42.97051280000001],[-85.699427,42.970353],[-85.69947744545615,42.97034156569661],[-85.69970714035132,42.970535496856115],[-85.69985435213313,42.97053177435531],[-85.70000156391492,42.97052805185451],[-85.70014877569673,42.9705243293537],[-85.70042941567378,42.97033388279576],[-85.700574,42.97039],[-85.701403,42.970738],[-85.7014639,42.9707653],[-85.701774,42.970904],[-85.702074,42.971043],[-85.702205,42.97110800000001],[-85.70234,42.971155],[-85.702407,42.971172],[-85.702644,42.971186],[-85.70289,42.971185],[-85.7034507,42.971213],[-85.704073,42.971244],[-85.704222,42.971252],[-85.7048057,42.9712687],[-85.705616,42.971292],[-85.706689,42.97133],[-85.7071511,42.97134],[-85.70727,42.971343],[-85.7073595,42.9713474],[-85.709056,42.971356],[-85.71152,42.971379],[-85.712204,42.971381],[-85.712401,42.9713832],[-85.712735,42.971387],[-85.71488,42.971399],[-85.7149582,42.971402],[-85.7152368,42.9714127],[-85.715349,42.971417],[-85.715532,42.971439000000004],[-85.715643,42.971457],[-85.715751,42.9714903],[-85.7158071,42.97151220000001],[-85.7158476,42.971528],[-85.715971,42.971591999999994],[-85.716296,42.971856],[-85.71652,42.972015],[-85.716586,42.97205],[-85.716759,42.972117],[-85.71686,42.97214],[-85.7169682,42.972153399999996],[-85.71699901347695,42.972153315463714],[-85.71714658571716,42.97215024251893],[-85.7172239,42.9721437],[-85.71732,42.97213],[-85.7173659,42.9721191],[-85.7175365,42.9720786],[-85.7176723,42.9720208],[-85.7177897,42.9719418],[-85.71790412357574,42.971839521020385],[-85.71790891528329,42.97172166381826],[-85.71804765647288,42.971685201600025],[-85.71819193217146,42.97144647032952],[-85.7183285,42.9714485],[-85.7185508,42.97145329999999],[-85.7189917,42.9714624],[-85.7190305,42.9714621],[-85.7195615,42.9714717],[-85.7197712,42.9714755],[-85.7200208,42.97148],[-85.7203468,42.97148429999999],[-85.7206719,42.9714881],[-85.721376,42.971494],[-85.7219198,42.9715023],[-85.722074,42.9715034],[-85.72238,42.9715071],[-85.723366,42.97151920000001],[-85.7242352,42.9715394],[-85.7247783,42.9715511],[-85.725058,42.971558],[-85.7254202,42.9715663],[-85.725571,42.9715689],[-85.726962,42.97158400000001],[-85.7271207,42.9715865],[-85.7277224,42.9715975],[-85.7277679,42.9715983],[-85.730165,42.971642],[-85.731466,42.971667],[-85.7323918,42.9716834],[-85.732708,42.971689],[-85.732982,42.971694799999995],[-85.7331884,42.9716991],[-85.7338678,42.9717134],[-85.7338965,42.971714],[-85.7339699,42.9717158],[-85.7346582,42.9717329],[-85.73539,42.971751],[-85.7359042,42.9717644],[-85.736194,42.9717719],[-85.7363307,42.9717754],[-85.7365567,42.9717813],[-85.7370583,42.9717859],[-85.737183,42.971787],[-85.7372882,42.9717878],[-85.7374931,42.9717895],[-85.7379912,42.971797],[-85.7387883,42.9718068],[-85.738882,42.971808],[-85.7396742,42.9718231],[-85.7401431,42.97183209999999],[-85.7405018,42.9718389],[-85.7406912,42.971842200000005],[-85.7408237,42.9718445],[-85.740973,42.971847],[-85.7420334,42.97187],[-85.7427364,42.9718811],[-85.7441348,42.9719071],[-85.7448865,42.97192100000001],[-85.7455039,42.97193250000001],[-85.746767,42.9719557],[-85.7468914,42.971958],[-85.747046,42.9719594],[-85.7484198,42.9719717],[-85.7494155,42.9719851],[-85.7496234,42.9719877],[-85.75277,42.9720285],[-85.7534035,42.9720357],[-85.753822,42.972041],[-85.7546613,42.9720519],[-85.7565953,42.972076],[-85.7590789,42.9721063],[-85.7597986,42.9721149],[-85.7600254,42.972118200000004],[-85.7602769,42.97212059999999],[-85.7603967,42.972121699999995],[-85.7609735,42.9721282],[-85.7617754,42.9721392],[-85.7618224,42.97213909999999],[-85.7618696,42.972139],[-85.7619501,42.97213909999999],[-85.7628235,42.972149200000004],[-85.763114,42.9721522],[-85.763478,42.972158],[-85.7638029,42.972164],[-85.7639745,42.9721658],[-85.7648217,42.972173],[-85.7649356,42.9721742],[-85.7653739,42.9721783],[-85.7656078,42.97218089999999],[-85.7656875,42.9721819],[-85.7658618,42.9721841],[-85.7662858,42.9721887],[-85.766409,42.97219],[-85.7666058,42.9721916],[-85.7671772,42.9721964],[-85.767618,42.9722],[-85.7683392,42.9722074],[-85.7687404,42.9722115],[-85.768892,42.972212999999996],[-85.76926,42.97221580000001],[-85.7702198,42.9722222],[-85.7708356,42.97222800000001],[-85.771353,42.972232],[-85.7718679,42.97223950000001],[-85.7721229,42.9722432],[-85.7725983,42.9722487],[-85.7729614,42.9722521],[-85.7730106,42.97225240000001],[-85.7731227,42.9722525],[-85.7731498,42.97225310000001],[-85.7732998,42.972254],[-85.7734984,42.9722551],[-85.7737344,42.9722565],[-85.7738488,42.97225900000001],[-85.7739611,42.9722591],[-85.7742979,42.972264],[-85.7743841,42.9722653],[-85.774569,42.9722666],[-85.7747342,42.9722678],[-85.7747836,42.972268400000004],[-85.7748331,42.9722689],[-85.7752927,42.9722742],[-85.7754263,42.9722758],[-85.7755245,42.9722769],[-85.77589244077325,42.9722811748928],[-85.77631436784988,42.972205042641434],[-85.7763135,42.9720939],[-85.7763118,42.9718866],[-85.7763094,42.97158400000001],[-85.7763051,42.9713466],[-85.7762997,42.9710496],[-85.7762999,42.9709689],[-85.7762882,42.970596],[-85.7762785,42.9702182],[-85.7762766,42.9699404],[-85.7762701,42.9693293],[-85.7762693,42.9692497],[-85.7762674,42.969074],[-85.77626471176958,42.96881845518857],[-85.77663258470957,42.968718263791786],[-85.77669466892435,42.96861981961811],[-85.77675675313913,42.968521375444425]]}},{"type":"Feature","properties":{"routeId":"1","color":"#913F98","dir":"Northbound","trips":108,"dests":"Central Station"},"geometry":{"type":"LineString","coordinates":[[-85.7194956496698,42.85825389051113],[-85.7194943,42.858308],[-85.7194926,42.8584073],[-85.7194866,42.8587606],[-85.7194831,42.8589639],[-85.71948014094812,42.85911023856594],[-85.71966388971335,42.85921569657075],[-85.7197573187044,42.85929962278417],[-85.71985074769546,42.85938354899759],[-85.71994417668651,42.85946747521102],[-85.72003760567758,42.85955140142444],[-85.72013103466863,42.85963532763786],[-85.72022446365969,42.85971925385129],[-85.72031789265075,42.859803180064716],[-85.720428585924,42.85983816361203],[-85.7208239,42.859913],[-85.7209162,42.8599305],[-85.7213067,42.8599769],[-85.721752,42.8599847],[-85.7218459,42.8599845],[-85.72187656667225,42.85998472793439],[-85.72200985598917,42.860044569758344],[-85.72212556698729,42.8601117445571],[-85.7222412779854,42.86017891935586],[-85.72235698898352,42.860246094154604],[-85.72247269998164,42.86031326895336],[-85.72258841097975,42.86038044375212],[-85.72270412197786,42.86044761855088],[-85.72281983297597,42.86051479334964],[-85.72293554397407,42.860581968148395],[-85.72303081063632,42.86068849484348],[-85.7230353,42.860818],[-85.7230469,42.8612493],[-85.7230566,42.8616129],[-85.7230619,42.8618179],[-85.7230657,42.8620003],[-85.72306953720062,42.86218665762955],[-85.7227344157293,42.86229407627458],[-85.72269280359095,42.86239821232904],[-85.72265119145256,42.8625023483835],[-85.72260957931418,42.86260648443796],[-85.72251341792486,42.8626418903087],[-85.72236986070635,42.86261757906159],[-85.72222630348783,42.86259326781449],[-85.72208274626932,42.86256895656738],[-85.72193918905081,42.86254464532027],[-85.72179563183231,42.86252033407315],[-85.7216520746138,42.86249602282604],[-85.72150851739528,42.86247171157894],[-85.72136496017677,42.86244740033183],[-85.72122140295826,42.86242308908472],[-85.72108611259578,42.862383845633026],[-85.72096045535024,42.86232720213562],[-85.72083479810469,42.86227055863821],[-85.72070914085914,42.862213915140806],[-85.7205834836136,42.86215727164339],[-85.72045782636805,42.86210062814599],[-85.72033216912249,42.86204398464857],[-85.72020651187695,42.86198734115117],[-85.72008085463139,42.86193069765377],[-85.71995519738586,42.86187405415635],[-85.71982959409938,42.86181734987714],[-85.71970884437053,42.86175517834363],[-85.71958809464168,42.86169300681011],[-85.71926374659364,42.861775444581646],[-85.7191052,42.861654200000004],[-85.718961,42.861544],[-85.7185389,42.8612381],[-85.7183527,42.8611241],[-85.7181518,42.861028700000006],[-85.7179675,42.8609532],[-85.7178795,42.8609237],[-85.717797,42.86089840000001],[-85.7177052,42.8608732],[-85.7175835,42.8608425],[-85.7174611,42.8608164],[-85.7173668,42.8608011],[-85.7172558,42.860784],[-85.7171501,42.86077190000001],[-85.7170424,42.8607634],[-85.7168758,42.8607578],[-85.715181,42.8607369],[-85.7143344,42.860724499999996],[-85.7140317,42.8607194],[-85.713891,42.860718],[-85.7135949,42.8607147],[-85.71344,42.860713],[-85.7133229,42.8607121],[-85.7128289,42.8607084],[-85.7124481,42.8607056],[-85.712237,42.860704],[-85.7121183,42.8607027],[-85.7117829,42.860700099999995],[-85.7104678,42.8606899],[-85.7096664,42.860681],[-85.708784,42.8606728],[-85.7080513,42.8606658],[-85.7076177,42.8606605],[-85.706119,42.8606439],[-85.7051512,42.86063180000001],[-85.704821,42.860626],[-85.7044878,42.8606229],[-85.7041963,42.8606202],[-85.7036147,42.86061469999999],[-85.703439,42.860613],[-85.7032299,42.8606135],[-85.7023438,42.8606191],[-85.7020778,42.86062660000001],[-85.7019058,42.8606319],[-85.7015799,42.860649900000006],[-85.7010547,42.8606859],[-85.7006393,42.8607055],[-85.7001516,42.8607098],[-85.7000628,42.8607101],[-85.699601,42.8607098],[-85.6989175,42.8606982],[-85.6977468,42.8606946],[-85.697549,42.860694],[-85.696903,42.860686],[-85.696538,42.86069],[-85.696192,42.860732],[-85.69592,42.860778],[-85.695685,42.86084],[-85.695564,42.86088],[-85.6952976,42.8609849],[-85.6951707,42.8610348],[-85.6940047,42.8614938],[-85.6938265,42.8615639],[-85.6933756,42.8617445],[-85.6929467,42.8619163],[-85.692583,42.862067],[-85.6922589,42.8621971],[-85.6921699,42.8622328],[-85.691997,42.8623022],[-85.690874,42.862753],[-85.6908006,42.8627858],[-85.690702,42.86283000000001],[-85.6905581,42.8629065],[-85.690425,42.862983],[-85.6902633,42.8630867],[-85.6901477,42.863175299999995],[-85.6900531,42.8632559],[-85.689863,42.863426],[-85.6892482,42.8640153],[-85.688877,42.864371],[-85.6881472,42.8650753],[-85.6879255,42.8652705],[-85.6878191,42.8653572],[-85.6877611,42.8654026],[-85.68771940293378,42.86543504031753],[-85.68739164070355,42.86535175974662],[-85.68726851376172,42.86541134501777],[-85.6871453868199,42.8654709302889],[-85.68702225987808,42.86553051556004],[-85.68689913293623,42.86559010083117],[-85.68677600599442,42.865649686102316],[-85.6866445267891,42.8656934057702],[-85.68649909065553,42.865710613452855],[-85.68635365452195,42.86572782113551],[-85.68620821838837,42.865745028818154],[-85.6860627822548,42.86576223650082],[-85.68591734612122,42.86577944418347],[-85.68577190998764,42.86579665186612],[-85.68562647385406,42.86581385954877],[-85.68548103772048,42.865831067231426],[-85.6853356015869,42.865848274914086],[-85.68519016545333,42.86586548259674],[-85.68497949047905,42.86606896000795],[-85.6848506,42.8660458],[-85.684789,42.866037000000006],[-85.6847246,42.86603110000001],[-85.6846408,42.86602619999999],[-85.6841166,42.8660179],[-85.68401624188061,42.86601855794222],[-85.68386592859729,42.86601905703446],[-85.6836646,42.8660159],[-85.6827309,42.86600979999999],[-85.68224985960651,42.866007354623996],[-85.68226189278914,42.86581969620993],[-85.68232531455823,42.865721716239804],[-85.6823887363273,42.86562373626968],[-85.68245215809638,42.86552575629956],[-85.68251557986547,42.86542777632944],[-85.68257900163455,42.86532979635931],[-85.68266338694498,42.8652801824285],[-85.68279213535622,42.86533292083597],[-85.68292088376747,42.86538565924343],[-85.68304963217871,42.865438397650905],[-85.68317838058995,42.86549113605837],[-85.6833071290012,42.86554387446584],[-85.68343587741244,42.865596612873304],[-85.68341117537709,42.865645384742336],[-85.68327772985936,42.8656913457026],[-85.68314428434161,42.86573730666287],[-85.68301083882385,42.86578326762314],[-85.68287521004517,42.866010742798835],[-85.6827309,42.86600979999999],[-85.681767,42.8660049],[-85.6814939,42.865999],[-85.68085,42.865993800000005],[-85.6800044,42.865986],[-85.6791405,42.86597710000001],[-85.6777966,42.8659567],[-85.6774751,42.8659531],[-85.677124,42.8659637],[-85.6768778,42.8659654],[-85.6759757,42.8659472],[-85.6759302,42.8659489],[-85.6758592,42.8659574],[-85.67574127045005,42.865994884979834],[-85.67555213928989,42.86601250098225],[-85.6755161,42.8660116],[-85.6750421,42.8660024],[-85.674472,42.8659937],[-85.6741091,42.8659868],[-85.6739102,42.8659843],[-85.6734761,42.865973],[-85.6734502,42.86597179999999],[-85.672614,42.865958],[-85.6715021,42.8659466],[-85.6704494,42.86592310000001],[-85.670366,42.8659229],[-85.6693572,42.8659106],[-85.6692087,42.8659083],[-85.6689834,42.865905],[-85.668263,42.8658919],[-85.6679938,42.8658857],[-85.6674421,42.865873],[-85.6671482,42.8658718],[-85.666958,42.865871],[-85.6668117,42.8658683],[-85.6664736,42.865862],[-85.666136,42.8658557],[-85.6658866,42.865851],[-85.6658361,42.8658501],[-85.6653086,42.8658402],[-85.6651104,42.8658365],[-85.6650622,42.865836],[-85.6648747645403,42.86583401014744],[-85.66474368042716,42.866081397443494],[-85.6646163644985,42.86613599208384],[-85.66448904856983,42.86619058672419],[-85.66436173264115,42.86624518136455],[-85.66423441671249,42.866299776004894],[-85.66411013599162,42.8663820792895],[-85.6641143,42.8664867],[-85.6641213,42.8666223],[-85.6641265,42.8667377],[-85.6641279,42.8667675],[-85.6641447,42.867137],[-85.6641742,42.86778880000001],[-85.6641766,42.8678416],[-85.6641838,42.8679999],[-85.6641962,42.868271799999995],[-85.6642252,42.8689106],[-85.6642377,42.86918719999999],[-85.6642491,42.8694386],[-85.6642534,42.8695329],[-85.6642643,42.8700039],[-85.6642664,42.8700955],[-85.6642755,42.8704868],[-85.6642779,42.8705894],[-85.6642936,42.871175],[-85.664294,42.8712833],[-85.6643064,42.8714704],[-85.6643072,42.8715387],[-85.6643135,42.87211030000001],[-85.664317,42.87223680000001],[-85.6643213,42.872385],[-85.6643244,42.8724948],[-85.6643292,42.8726596],[-85.6643317,42.872746],[-85.664342,42.873106],[-85.6643439,42.8731638],[-85.6643553,42.8735187],[-85.6643632,42.8737579],[-85.664367,42.8738611],[-85.6643874,42.87441539999999],[-85.6643965,42.8746607],[-85.6643998,42.8747505],[-85.6644102,42.8752015],[-85.664416,42.87545600000001],[-85.6644301,42.875899],[-85.6644319,42.8759554],[-85.6644362,42.8760427],[-85.6644497,42.8763138],[-85.6644498,42.87635],[-85.664452,42.8765458],[-85.6644514,42.8767438],[-85.664476,42.877216],[-85.6645005,42.8776353],[-85.664513,42.878129],[-85.664531,42.87859329999999],[-85.664548,42.879034],[-85.6645515,42.8791125],[-85.6645617,42.8793446],[-85.664576,42.879636299999994],[-85.6645769,42.8796599],[-85.6645872,42.8799166],[-85.664589,42.8799644],[-85.6645943,42.880085],[-85.6646031,42.88028310000001],[-85.664612,42.8804854],[-85.664617,42.880665699999994],[-85.6646385,42.881442099999994],[-85.6646423,42.8815782],[-85.6646464,42.8816663],[-85.6646526,42.8818081],[-85.6646917,42.8827121],[-85.6647021,42.8829361],[-85.6647227,42.8833587],[-85.6647257,42.8833951],[-85.6647324,42.88352979999999],[-85.6647334,42.8835505],[-85.6647474,42.8838311],[-85.664753,42.8839425],[-85.6647564,42.8840587],[-85.6647574,42.884134800000005],[-85.6647626,42.8845455],[-85.6647665,42.8848508],[-85.6647683,42.8849904],[-85.6647736,42.885038400000006],[-85.664799,42.885601199999996],[-85.6648068,42.8857732],[-85.6648122,42.88589360000001],[-85.6648226,42.88606879999999],[-85.6648295,42.8862934],[-85.6648397,42.8866302],[-85.6648447,42.8867938],[-85.664855,42.8871124],[-85.6648789,42.8877229],[-85.6648853,42.8878604],[-85.6648981,42.8881331],[-85.6648991,42.8881554],[-85.6649131,42.88858940000001],[-85.664926,42.8888322],[-85.6649315,42.8890177],[-85.6649383,42.8892512],[-85.6649466,42.88953550000001],[-85.6649505,42.8896404],[-85.6649611,42.8899227],[-85.6649803,42.890447099999996],[-85.6649898,42.890826],[-85.6650023,42.89111830000001],[-85.6650117,42.8913377],[-85.6650288,42.8917356],[-85.6650372,42.8919095],[-85.6650539,42.8922549],[-85.66506,42.8926442],[-85.66508,42.8929797],[-85.6650897,42.89314149999999],[-85.6650907,42.8931745],[-85.6650967,42.8933675],[-85.6651029,42.8935671],[-85.6651051,42.8936257],[-85.6651133,42.8938429],[-85.6651155,42.8939009],[-85.6651192,42.8940004],[-85.6651225,42.8940872],[-85.665126,42.8941722],[-85.6651301,42.8942875],[-85.665137,42.8944719],[-85.6651443,42.8946586],[-85.6651557,42.894951],[-85.665166,42.8952146],[-85.6651732,42.8953984],[-85.6651761,42.89547139999999],[-85.6651946,42.8957061],[-85.6652131,42.8960069],[-85.6652229,42.896155],[-85.66523,42.89633739999999],[-85.6652339,42.8964183],[-85.6652466,42.8966812],[-85.6652552,42.8968593],[-85.6652713,42.8971937],[-85.6652805,42.897385],[-85.6652895,42.8975713],[-85.6652927,42.8976377],[-85.665304,42.8978618],[-85.665323,42.8982398],[-85.6653358,42.8984938],[-85.6653419,42.898615400000004],[-85.6653474,42.898733199999995],[-85.6653839,42.8995123],[-85.6653858,42.8995757],[-85.6653921,42.8997813],[-85.6653976,42.8999583],[-85.6654015,42.9000865],[-85.6654056,42.9002203],[-85.6654083,42.9003073],[-85.6654105,42.9003793],[-85.6654143,42.9005035],[-85.6654164,42.9005542],[-85.6654233,42.9007205],[-85.6654315,42.9009384],[-85.6654391,42.9011388],[-85.6654513,42.9014622],[-85.6654526,42.90149589999999],[-85.665478,42.9019509],[-85.6654933,42.9022251],[-85.6655059,42.9025811],[-85.6655156,42.9028585],[-85.6655193,42.9029641],[-85.6655308,42.9032919],[-85.6655355,42.9034277],[-85.6655423,42.9036215],[-85.6655442,42.9036696],[-85.6655593,42.9040453],[-85.6655756,42.9043428],[-85.6655842,42.90449180000001],[-85.6656065,42.9048809],[-85.6656163,42.905052],[-85.6656202,42.9051781],[-85.6656308,42.9055174],[-85.6656372,42.9057243],[-85.6656407,42.9058372],[-85.665654,42.9060136],[-85.6656741,42.9062688],[-85.6656807,42.906351],[-85.6656896,42.906484000000006],[-85.6656971,42.9065828],[-85.6656987,42.9067463],[-85.6657132,42.9069882],[-85.6657203,42.9071271],[-85.6657345,42.9074042],[-85.6657483,42.9076734],[-85.6657573,42.90815080000001],[-85.665758,42.908179700000005],[-85.6657791,42.9085715],[-85.6657874,42.9087768],[-85.6657931,42.908919],[-85.6658058,42.9091254],[-85.6658181,42.90938609999999],[-85.6658231,42.9094796],[-85.6658409,42.9098176],[-85.665863,42.9102356],[-85.6658695,42.9103589],[-85.6658705,42.91043849999999],[-85.665876,42.9105784],[-85.6658942,42.9109094],[-85.6659013,42.9110385],[-85.6659036,42.911098],[-85.6659127,42.9113354],[-85.6659163,42.9114008],[-85.6659218,42.9114952],[-85.6659359,42.911712],[-85.6659509,42.9119493],[-85.665954,42.9119992],[-85.6659663,42.9122232],[-85.6659737,42.9124201],[-85.6659918,42.912899],[-85.6659984,42.9130731],[-85.6660026,42.9132036],[-85.6660114,42.9134733],[-85.6660169,42.913643],[-85.6660199,42.913748000000005],[-85.666023,42.913853],[-85.6660266,42.913919],[-85.666046,42.914271],[-85.6660601,42.9144307],[-85.6660765,42.9148311],[-85.666084,42.91512899999999],[-85.6660921,42.9152856],[-85.6661397,42.916002999999996],[-85.6661502,42.9162693],[-85.6661603,42.91648279999999],[-85.6661717,42.916728],[-85.6661798,42.916867],[-85.6662299,42.91785],[-85.6662342,42.9179419],[-85.66624,42.9180558],[-85.6662457,42.9181682],[-85.6662514,42.9182804],[-85.666254,42.9183744],[-85.6662658,42.9186351],[-85.6662746,42.9189206],[-85.666282,42.919159],[-85.666288,42.919281],[-85.6662933,42.919387],[-85.6663073,42.9196696],[-85.6663118,42.9197612],[-85.6663222,42.9199706],[-85.6663333,42.9201398],[-85.6663384,42.9202494],[-85.6663439,42.9203292],[-85.666349,42.92041],[-85.6663569,42.9206549],[-85.666362,42.920785],[-85.6663647,42.9208508],[-85.6663747,42.92109880000001],[-85.6663874,42.9214121],[-85.6663948,42.9215945],[-85.666397,42.921649],[-85.6664004,42.9217443],[-85.666409,42.92199],[-85.666421,42.922261],[-85.6664234,42.9223298],[-85.6664615,42.9229971],[-85.6664635,42.9230498],[-85.6664657,42.923142],[-85.6664739,42.923399399999994],[-85.6664806,42.9235138],[-85.6664855,42.9235722],[-85.6664995,42.9238951],[-85.6665019,42.9239545],[-85.666505,42.9240088],[-85.6665086,42.9242252],[-85.6665242,42.9245593],[-85.666528,42.9245996],[-85.6665417,42.9248049],[-85.666546,42.9248589],[-85.6665481,42.9249182],[-85.6665522,42.9251959],[-85.6665595,42.9253288],[-85.66657,42.925542],[-85.6665764,42.9256367],[-85.6665827,42.925731],[-85.6665949,42.92600319999999],[-85.6666078,42.9265323],[-85.666611,42.926603],[-85.6666329,42.92709990000001],[-85.66663767125961,42.927208475249216],[-85.66627864895679,42.927310230829384],[-85.66620710725465,42.92740512460677],[-85.66610282814436,42.92751726611754],[-85.6660453,42.92751489999999],[-85.6654866,42.9274918],[-85.66537,42.927487],[-85.6652809,42.9274858],[-85.6642448,42.9274725],[-85.664131,42.927471000000004],[-85.6640362,42.9274694],[-85.6634412,42.927459],[-85.6629913,42.9274512],[-85.662865,42.927449],[-85.6627232,42.9274475],[-85.6621965,42.9274418],[-85.662119,42.927441],[-85.661638,42.927438],[-85.660403,42.92742],[-85.6598937,42.9274147],[-85.65981160236011,42.92741383249372],[-85.65968192177453,42.92765769375147],[-85.65955589214695,42.92771388608978],[-85.65942986251936,42.92777007842808],[-85.65930383289175,42.92782627076639],[-85.65917780326416,42.927882463104694],[-85.65905177363658,42.927938655443],[-85.65892574400898,42.92799484778131],[-85.65879971438137,42.92805104011961],[-85.65867368475378,42.92810723245792],[-85.6585476551262,42.928163424796224],[-85.65844894995072,42.92823395135569],[-85.65841817473546,42.92834011350884],[-85.65838739952018,42.92844627566199],[-85.6583566243049,42.928552437815135],[-85.65804304556964,42.928672286641095],[-85.65807,42.9289748],[-85.658077,42.929161],[-85.658119,42.929635],[-85.658133,42.9298255],[-85.658144,42.929975],[-85.6582337,42.931021300000005],[-85.6582379,42.93107],[-85.6582426,42.9311372],[-85.6582973,42.9319231],[-85.6583315,42.9324721],[-85.6583441,42.9326744],[-85.658349,42.932753],[-85.6583549,42.9328279],[-85.658403,42.933444],[-85.6584081,42.9334849],[-85.6584468,42.9339635],[-85.658503,42.93466],[-85.658567,42.935511],[-85.658568,42.935558],[-85.6586039,42.9360173],[-85.6586068,42.9360551],[-85.6586106,42.9361061],[-85.6586331,42.9364082],[-85.6586407,42.9364883],[-85.6586425,42.9365339],[-85.6586453,42.9365719],[-85.6586552,42.9367051],[-85.6586711,42.9369185],[-85.6587068,42.937377],[-85.6587416,42.9375895],[-85.6587419,42.9378281],[-85.6587768,42.938276],[-85.6588226,42.9388645],[-85.658858,42.939319],[-85.6588729,42.93948650000001],[-85.6588933,42.9397162],[-85.6588904,42.9397801],[-85.658903,42.9398969],[-85.658939,42.94023],[-85.6589488,42.9406264],[-85.6589503,42.940687],[-85.6589543,42.9407296],[-85.6589652,42.9408814],[-85.6589834,42.94114770000001],[-85.6589919,42.9412725],[-85.6590001,42.9413824],[-85.6590022,42.9414102],[-85.6590083,42.9416838],[-85.6590155,42.941826],[-85.6590183,42.942344000000006],[-85.65902,42.942662],[-85.6590279,42.9435701],[-85.659032,42.94448],[-85.6590345,42.9446249],[-85.659039,42.944892],[-85.659037,42.9450337],[-85.659032,42.945391],[-85.6590355,42.945545800000005],[-85.659042,42.945837],[-85.6590458,42.9464401],[-85.65904,42.946829],[-85.6590422,42.946922],[-85.6590511,42.947297600000006],[-85.6590578,42.947578],[-85.6590555,42.9476278],[-85.6590535,42.9476709],[-85.6590546,42.9478556],[-85.659056,42.9480753],[-85.6590562,42.948112699999996],[-85.6590574,42.9483102],[-85.65905787152332,42.94838257882846],[-85.65920402673969,42.94856181538445],[-85.6594004,42.9485655],[-85.6595105,42.9485675],[-85.6597569,42.9485871],[-85.660294,42.94859879999999],[-85.6603915,42.9486],[-85.6605175,42.948603000000006],[-85.661079,42.9486139],[-85.6615319,42.9486227],[-85.6616271,42.9486234],[-85.6617425,42.9486266],[-85.6619942,42.9486304],[-85.6621423,42.9486353],[-85.6622285,42.9486373],[-85.6623313,42.94863960000001],[-85.662736,42.948647599999994],[-85.6628695,42.9486501],[-85.6633638,42.948659],[-85.6634359,42.9486604],[-85.6638106,42.9486678],[-85.6639755,42.9486592],[-85.6643222,42.9486666],[-85.66461,42.948672699999996],[-85.6657546,42.9486985],[-85.6660573,42.948706],[-85.666204,42.9487096],[-85.6666498,42.9487218],[-85.66699886544929,42.94872786859264],[-85.66705506493537,42.948868929975184],[-85.66710123553686,42.94897201717196],[-85.66714740613835,42.949075104368724],[-85.66719357673986,42.94917819156549],[-85.66751078585918,42.94928001276688],[-85.6675113,42.9493398],[-85.6675121,42.9494278],[-85.667514,42.949631],[-85.6675168,42.9498012],[-85.667523,42.950169],[-85.6675388,42.9505388],[-85.6675615,42.9513213],[-85.667561,42.951642],[-85.6675791,42.9524067],[-85.6675972,42.952992],[-85.6675998,42.9530755],[-85.6676,42.953192],[-85.6676116,42.9536719],[-85.6676234,42.95416],[-85.6676284,42.95438939999999],[-85.667631153271,42.95468385117063],[-85.66761400511633,42.95480881812009],[-85.6675745,42.954860599999996],[-85.6675741,42.9550008],[-85.6675737,42.9551413],[-85.66764985179182,42.95543592568951],[-85.66766308523474,42.95555195386825],[-85.6676661,42.955784400000006],[-85.6676682,42.9558602],[-85.6676697,42.9559533],[-85.6676728,42.956067700000006],[-85.6676836,42.9564862],[-85.6676487,42.9566418],[-85.6676529,42.95692249999999],[-85.6676564,42.957008],[-85.6676823,42.9575912],[-85.6676844,42.9577466],[-85.6676852,42.9578378],[-85.6676868,42.9582062],[-85.6677011,42.9585197],[-85.6677087,42.9586159],[-85.6677126,42.9587545],[-85.6677201,42.9590788],[-85.667748,42.9595235],[-85.667763,42.9595832],[-85.6677661,42.959683],[-85.6677817,42.9601855],[-85.6677904,42.9604657],[-85.667803,42.96087],[-85.6678048,42.9609256],[-85.667807,42.96099100000001],[-85.6678109,42.961086800000004],[-85.6678144,42.9611739],[-85.6678255,42.9614504],[-85.6678331,42.961639500000004],[-85.6678502,42.9620663],[-85.6678535,42.96214719999999],[-85.667865,42.962281],[-85.6678659,42.9623527],[-85.66786971337082,42.96265561853213],[-85.66818470841378,42.962744127854286],[-85.6682668696214,42.96283422922666],[-85.668349030829,42.96292433059903],[-85.66843119203662,42.9630144319714],[-85.66851335324425,42.963104533343774],[-85.66861512916839,42.96322131272761],[-85.6690832,42.9632234],[-85.6691879,42.9632239],[-85.6692282,42.9632241],[-85.6693664,42.9632258],[-85.6697538,42.9632307],[-85.6701797,42.963235],[-85.6702836,42.963236],[-85.6703911,42.9632382],[-85.6706618,42.963243899999995],[-85.6708114,42.963247],[-85.67084,42.9632472],[-85.6711061,42.9632489],[-85.6714393,42.9632511],[-85.6715252,42.9632509],[-85.6715555136082,42.96325082976187],[-85.67164632019337,42.963113117696544],[-85.67173646592644,42.96302726326047],[-85.67182661165951,42.962941408824406],[-85.67191675739257,42.96285555438834],[-85.67200690312562,42.96276969995227],[-85.67209704885869,42.9626838455162],[-85.67218719459174,42.96259799108014],[-85.67227734032481,42.96251213664407],[-85.67236748605788,42.962426282208],[-85.67247516207712,42.96235263242567],[-85.67258633922913,42.96228142014563],[-85.67269751638115,42.96221020786561],[-85.67280869353316,42.96213899558557],[-85.67291987068516,42.962067783305535],[-85.67303104783717,42.96199657102551],[-85.67314222498918,42.961925358745475],[-85.67325340214117,42.96185414646544],[-85.67336457929318,42.961782934185415],[-85.6735031324426,42.96167594044747],[-85.6734806,42.9612223],[-85.6734804,42.9611828],[-85.6734795,42.9609822],[-85.673479,42.960878],[-85.6734730180438,42.96070499910741]]}},{"type":"Feature","properties":{"routeId":"11","color":"#0066B3","dir":"Northbound","trips":103,"dests":"Meijer-Plainfield"},"geometry":{"type":"LineString","coordinates":[[-85.67556927217848,42.959972726940954],[-85.6754116,42.9602103],[-85.675383,42.9602535],[-85.6753448,42.96031109999999],[-85.6749457,42.960929],[-85.6748755,42.961037700000006],[-85.6747094,42.9612948],[-85.6746936,42.9613192],[-85.6745907,42.9614786],[-85.6745211,42.9615863],[-85.6744184,42.9617454],[-85.6743866,42.9617947],[-85.6743559,42.9618422],[-85.6741193,42.9622084],[-85.674044,42.9623224],[-85.673901,42.96253819999999],[-85.6737351,42.9627885],[-85.673658,42.962907],[-85.6734954,42.963162000000004],[-85.67347328424263,42.96320060886455],[-85.67341067458476,42.96330279508373],[-85.6733699,42.96336269999999],[-85.6731007,42.9637716],[-85.6730677,42.9638191],[-85.6730008,42.9639153],[-85.6728741,42.9640913],[-85.6727667,42.9642129],[-85.672714,42.9642624],[-85.6723732,42.9645791],[-85.6723131,42.9646349],[-85.672269,42.9646848],[-85.6721969,42.964793],[-85.6721846,42.96482],[-85.6721376,42.964923199999994],[-85.6721401,42.9650196],[-85.6721479,42.96531939999999],[-85.6721591,42.9662312],[-85.67216,42.96638],[-85.6721631,42.96646870000001],[-85.6721757,42.9667358],[-85.6721954,42.9671488],[-85.6721987,42.9672195],[-85.6722042,42.967324],[-85.6722202,42.9677878],[-85.6722132,42.9680704],[-85.6721595,42.968525],[-85.672153,42.9685965],[-85.6721996,42.9687058],[-85.6721956,42.9687902],[-85.6721908,42.9688908],[-85.6721883,42.9689424],[-85.6721396,42.9690329],[-85.6721626,42.9695536],[-85.6721748,42.9698283],[-85.672186,42.9700814],[-85.67218715587654,42.970107566155555],[-85.67201376594866,42.970386154262144],[-85.6715088,42.9703987],[-85.6708722,42.9704146],[-85.6702278,42.9704273],[-85.6700952,42.9704297],[-85.6699872,42.9704316],[-85.6691906,42.9704468],[-85.6690185,42.9704501],[-85.6688924,42.9704479],[-85.66833440291035,42.97045420027048],[-85.66819195501148,42.970459589074174],[-85.6681531,42.9704614],[-85.667882,42.9704705],[-85.667561,42.9704788],[-85.6673234,42.9704844],[-85.6666534,42.9704954],[-85.6665617,42.9704969],[-85.6664514,42.9704998],[-85.6659484,42.9705136],[-85.66586,42.970516],[-85.6651863,42.97053090000001],[-85.6649459,42.9705261],[-85.6648305,42.970518000000006],[-85.6647051,42.9704993],[-85.6645355,42.9704658],[-85.6643568,42.970424],[-85.664191,42.97038700000001],[-85.664034,42.97036],[-85.6639133,42.9703535],[-85.663775,42.970346],[-85.6636816,42.97034059999999],[-85.663415,42.970325],[-85.6631597,42.9703196],[-85.663086,42.970318],[-85.6630528,42.9703171],[-85.6628672,42.9703122],[-85.6628084,42.9703106],[-85.6627616,42.9703092],[-85.66219589337659,42.97029425860562],[-85.6619234446657,42.970562030600945],[-85.6619249,42.97072920000001],[-85.6619253,42.9709601],[-85.6619273,42.9711474],[-85.6619279,42.9712302],[-85.6619289,42.9713622],[-85.6619281,42.9720402],[-85.661928,42.972105],[-85.6619297,42.9722051],[-85.661943,42.973012399999995],[-85.6619503,42.9733767],[-85.6619546,42.97359960000001],[-85.661956,42.973672],[-85.6619577,42.973744200000006],[-85.661975,42.974462],[-85.6619804,42.97514790000001],[-85.661981,42.9752225],[-85.6619822,42.9753069],[-85.6619874,42.975685],[-85.6619986,42.97648950000001],[-85.6620048,42.9773559],[-85.6620058,42.9774387],[-85.6620066,42.97751370000001],[-85.6620097,42.9778516],[-85.6620277,42.9793282],[-85.6620288,42.9793931],[-85.6620295,42.9794548],[-85.6620317,42.97975329999999],[-85.6620345,42.9797861],[-85.6620518,42.9809276],[-85.6620536,42.9810074],[-85.6620537,42.981085],[-85.6620606,42.9818573],[-85.6620622,42.9819193],[-85.6620702,42.9826982],[-85.6620712,42.9827889],[-85.6620753,42.9831542],[-85.6620811,42.983708899999996],[-85.6620818,42.98378519999999],[-85.6620812,42.9841803],[-85.66208085463511,42.98439877783143],[-85.66237557379975,42.98457478389234],[-85.6626045,42.9845772],[-85.6631524,42.984583],[-85.6645253,42.9845934],[-85.6660452,42.9846074],[-85.6661289,42.9846089],[-85.6664244,42.9846134],[-85.66649136997447,42.984614644551556],[-85.66661980577223,42.984705493009486],[-85.66672795093471,42.98477919769534],[-85.66683609609723,42.984852902381185],[-85.66694424125971,42.98492660706703],[-85.66714633441569,42.98508487178822],[-85.6670321,42.9853108],[-85.6669345,42.9854953],[-85.6668687,42.9856297],[-85.6668325,42.9857037],[-85.6667595,42.985853],[-85.666658,42.9860435],[-85.6666412,42.9860749],[-85.6665699,42.9861857],[-85.666448,42.9863504],[-85.6663293,42.9865043],[-85.6662747,42.9865729],[-85.666189,42.9866838],[-85.666011,42.9869137],[-85.6658447,42.9871285],[-85.6658111,42.9871723],[-85.6656468,42.9873865],[-85.6649681,42.9882592],[-85.6649185,42.9883246],[-85.6647145,42.988594],[-85.66446,42.9889109],[-85.6641201,42.9893638],[-85.6640706,42.9894284],[-85.6640099,42.9895059],[-85.6638088,42.989766800000005],[-85.6634572,42.9902117],[-85.6632219,42.990511500000004],[-85.6631672,42.9905877],[-85.6630196,42.9907785],[-85.6629904,42.9908167],[-85.6628304,42.9910259],[-85.662745,42.9911377],[-85.6625055,42.9914407],[-85.6624703,42.9914852],[-85.6622456,42.991769500000004],[-85.6621879,42.9918409],[-85.6621217,42.9919276],[-85.6619261,42.9921795],[-85.6616353,42.992554],[-85.6615276,42.9926917],[-85.6607066,42.9937497],[-85.6602899,42.9942845],[-85.6601249,42.9944962],[-85.6600457,42.994597],[-85.6594889,42.99530579999999],[-85.6594265,42.9953883],[-85.6590186,42.9959038],[-85.6588377,42.996143],[-85.6583197,42.9968182],[-85.6579772,42.9972546],[-85.6573632,42.9980403],[-85.6568961,42.9986421],[-85.6566714,42.9989316],[-85.6565941,42.9990337],[-85.6565306,42.9991184],[-85.6563023,42.9994086],[-85.655952,42.9998621],[-85.6556687,43.0002255],[-85.6554482,43.0005069],[-85.6553373,43.0006519],[-85.6551383,43.0009081],[-85.6545443,43.0016755],[-85.654046,43.0023209],[-85.6539119,43.0024947],[-85.6538324,43.0025978],[-85.6537786,43.0026695],[-85.6537293,43.00273429999999],[-85.65369,43.0027848],[-85.653546,43.0029695],[-85.6535133,43.0030115],[-85.6534805,43.0030535],[-85.6531218,43.0035137],[-85.653016,43.003652200000005],[-85.65287,43.0038418],[-85.6527536,43.0039917],[-85.652629,43.0041546],[-85.652551,43.00425580000001],[-85.6523543,43.0045111],[-85.6522453,43.0046491],[-85.6516796,43.0053823],[-85.6510737,43.0061677],[-85.6509963,43.0062728],[-85.6509174,43.0063839],[-85.6503743,43.00719269999999],[-85.6502735,43.007339],[-85.6501863,43.0074664],[-85.6501219,43.00755900000001],[-85.6499892,43.0077516],[-85.6499497,43.0078157],[-85.6499099,43.0078738],[-85.6497529,43.0081028],[-85.6494219,43.0085855],[-85.6489828,43.0092318],[-85.6487394,43.0095916],[-85.648537,43.0098909],[-85.6483014,43.0102331],[-85.6479826,43.0107046],[-85.6479417,43.0107651],[-85.6473442,43.0116436],[-85.6467741,43.012486],[-85.6467539,43.0125158],[-85.6462658,43.0132362],[-85.6462279,43.0132921],[-85.6461635,43.0134079],[-85.6461099,43.0134973],[-85.6460564,43.01358549999999],[-85.6457913,43.0140223],[-85.645621,43.014303],[-85.6454648,43.01457169999999],[-85.6454378,43.01461810000001],[-85.645339,43.014788],[-85.64493728242026,43.015449652484286],[-85.64459194870753,43.01545150500934],[-85.64450244703156,43.01553772466772],[-85.6444129453556,43.015623944326116],[-85.64432344367964,43.015710163984494],[-85.64423394200368,43.015796383642886],[-85.64414280428662,43.0158815978232],[-85.64404380032025,43.0159619775643],[-85.64394479635386,43.016042357305395],[-85.64384579238748,43.016122737046494],[-85.6437467884211,43.0162031167876],[-85.64364778445471,43.01628349652869],[-85.64354902906683,43.016364041777514],[-85.64345054570347,43.016444768144815],[-85.64335206234013,43.01652549451212],[-85.64325357897677,43.01660622087942],[-85.64315509561342,43.016686947246725],[-85.64305661225006,43.01676767361403],[-85.6429564540138,43.01684725454997],[-85.64285457576116,43.01692565918132],[-85.64275269750851,43.017004063812664],[-85.64265081925588,43.017082468444],[-85.64254894100323,43.01716087307535],[-85.64260615288212,43.017429644496424],[-85.642482,43.01748599999999],[-85.6415845,43.0178053],[-85.6408004,43.0180287],[-85.6402875,43.0181749],[-85.6399132,43.0182807],[-85.6397206,43.0183348],[-85.6392348,43.0184732],[-85.6389834,43.0185448],[-85.6388988,43.01856909999999],[-85.6386319,43.0186457],[-85.6383771,43.0187188],[-85.6380377,43.018816199999996],[-85.6378962,43.0188556],[-85.6377784,43.0188871],[-85.6370568,43.0190848],[-85.6367893,43.0191881],[-85.6366553,43.01923610000001],[-85.6363392,43.01935699999999],[-85.6360208,43.019490499999996],[-85.6359027,43.0195422],[-85.6355359,43.0197301],[-85.6351964,43.0199353],[-85.6349058,43.0201306],[-85.6347494,43.0202444],[-85.6346574,43.0203168],[-85.6345146,43.0204414],[-85.6342804,43.0206512],[-85.6341561,43.0207916],[-85.6340171,43.0209485],[-85.633918,43.021068],[-85.6338907,43.0211009],[-85.6337555,43.0212749],[-85.6335692,43.0215466],[-85.6334353,43.0217755],[-85.6333763,43.0218764],[-85.6332495,43.02208840000001],[-85.633179,43.0222593],[-85.6331615,43.0223016],[-85.6330967,43.0224585],[-85.633075,43.022511],[-85.6330649,43.02254630000001],[-85.633007,43.022748],[-85.6329977,43.0228016],[-85.6329808,43.0228989],[-85.632942,43.0231248],[-85.6329292,43.02319649999999],[-85.632911,43.023334],[-85.6328854,43.0235281],[-85.6328286,43.0239389],[-85.6328064,43.0241],[-85.6327714,43.024345100000005],[-85.6327597,43.0244271],[-85.6327338,43.0245938],[-85.6327176,43.0246909],[-85.6327072,43.0247644],[-85.632661,43.0251014],[-85.6326453,43.0252343],[-85.632632,43.025337],[-85.6326161,43.0254329],[-85.6326023,43.0255164],[-85.6325523,43.0258174],[-85.6325291,43.0259232],[-85.6324577,43.0262232],[-85.6324393,43.0262943],[-85.6323523,43.0265637],[-85.6323299,43.026633],[-85.6322766,43.0267955],[-85.6322146,43.02695],[-85.6321874,43.0270213],[-85.6321717,43.0270582],[-85.6320414,43.0273447],[-85.6319201,43.027581],[-85.6318558,43.027694999999994],[-85.6317665,43.0278525],[-85.6317538,43.027875],[-85.6316694,43.0280071],[-85.631564,43.028155000000005],[-85.6313661,43.028456],[-85.6312821,43.028573],[-85.6312009,43.028706],[-85.6311643,43.0287513],[-85.6309065,43.029062],[-85.6307354,43.0292682],[-85.6307025,43.0293063],[-85.6304149,43.029619999999994],[-85.6301817,43.0298874],[-85.6301053,43.0299669],[-85.6299308,43.0301383],[-85.6298037,43.030249700000006],[-85.6296487,43.0303765],[-85.6294086,43.030554],[-85.6292285,43.0306694],[-85.62920691513594,43.03068212973079],[-85.62897466181235,43.03064085154113],[-85.62894205081766,43.03074671560031],[-85.62890943982298,43.030852579659474],[-85.62887682882828,43.030958443718646],[-85.62884421783359,43.03106430777781]]}},{"type":"Feature","properties":{"routeId":"13","color":"#FAA61A","dir":"Southbound","trips":101,"dests":"Downtown/RCS"},"geometry":{"type":"LineString","coordinates":[[-85.6563527108551,43.01807424193524],[-85.656302,43.0180718],[-85.6562085,43.0180641],[-85.65576983582339,43.018020113555124],[-85.65563660370273,43.01782012800021],[-85.655951,43.016664000000006],[-85.656284,43.015732],[-85.656396,43.015473],[-85.6566984,43.0148198],[-85.6568849,43.0144169],[-85.65718308923944,43.01377277952053],[-85.65692634338599,43.013598526539],[-85.65679711189892,43.013487955909696],[-85.6556262,43.0134801],[-85.6544659,43.0134668],[-85.6526501,43.0134474],[-85.6508794,43.0134325],[-85.6496467,43.0134188],[-85.6495338,43.0134181],[-85.6492132,43.0134161],[-85.648134,43.0134097],[-85.6465182,43.0134075],[-85.6463104,43.0134075],[-85.6461635,43.0134079],[-85.6460351,43.0134081],[-85.643454,43.0134124],[-85.6430741,43.0134121],[-85.6417808,43.0134074],[-85.6416802,43.0134061],[-85.6405449,43.0133917],[-85.6402359,43.0133901],[-85.64004865891404,43.01338918870334],[-85.63976003108425,43.01314555766209],[-85.6397671,43.0125773],[-85.6397682,43.0124909],[-85.6397768,43.01184460000001],[-85.6397793,43.011660199999994],[-85.6397803,43.0115847],[-85.6397813,43.0115066],[-85.6397901,43.010780999999994],[-85.6397912,43.0107073],[-85.6397958,43.01046600000001],[-85.6398017,43.009948],[-85.6397985,43.0098965],[-85.6397981,43.0098152],[-85.6397978,43.0097236],[-85.6398002,43.0090731],[-85.6398095,43.0083674],[-85.639813,43.008125],[-85.6398196,43.0076579],[-85.6398254,43.0072641],[-85.6398308,43.0069461],[-85.6398373,43.0063047],[-85.639827,43.0062246],[-85.6398387,43.006146599999994],[-85.6398413,43.0060519],[-85.6398471,43.005849700000006],[-85.6398623,43.00531509999999],[-85.639862,43.0049952],[-85.6398672,43.0044479],[-85.6398671,43.0043909],[-85.6398728,43.0038946],[-85.6398736,43.0038156],[-85.6398742,43.003746],[-85.6398799,43.0030839],[-85.6398858,43.0022729],[-85.6398938,43.001449],[-85.6399002,43.00062500000001],[-85.6398974,42.9998096],[-85.6399006,42.9994596],[-85.6399023,42.9992738],[-85.6399041,42.9990756],[-85.6399043,42.9990385],[-85.6399046,42.9989691],[-85.6399044,42.9989102],[-85.6399043,42.9988529],[-85.6399042,42.9985565],[-85.6399041,42.9982072],[-85.6399041,42.9981474],[-85.639904,42.9981223],[-85.6399008,42.9970252],[-85.6398995,42.9965929],[-85.6398998,42.996516099999994],[-85.6399009,42.99474579999999],[-85.6398968,42.9940035],[-85.6398981,42.99193540000001],[-85.6398985,42.9918175],[-85.6398978,42.9917332],[-85.6398926,42.9908177],[-85.6398919,42.9897395],[-85.639886,42.9880803],[-85.6398828,42.9872992],[-85.6398784,42.9862882],[-85.6398783,42.9860683],[-85.6398783,42.9859469],[-85.6398837,42.9855529],[-85.6398865,42.9853483],[-85.6398886,42.9851917],[-85.6398907,42.9850351],[-85.6398907,42.984949],[-85.6398908,42.9848596],[-85.6398909,42.9848033],[-85.6398909,42.9847571],[-85.639891,42.9846174],[-85.639891,42.9845258],[-85.6398876,42.9844342],[-85.6398847,42.98433270000001],[-85.6398833,42.984167],[-85.6398827,42.9840961],[-85.6398806,42.9838428],[-85.639878,42.9835401],[-85.6398765,42.98335759999999],[-85.639875,42.9831756],[-85.6398735,42.9830778],[-85.6398536,42.982115300000004],[-85.6398454,42.981706900000006],[-85.639837,42.9808516],[-85.6398368,42.9808263],[-85.6398318,42.98035999999999],[-85.639829,42.9801042],[-85.6398271,42.9799266],[-85.6398255,42.9797759],[-85.6398241,42.9796517],[-85.6398228,42.9795269],[-85.639818,42.979081],[-85.6398175,42.9789286],[-85.6398173,42.9788719],[-85.6398165,42.9786078],[-85.639816,42.978463],[-85.6398141,42.977787],[-85.6398151,42.9776369],[-85.639814,42.977339],[-85.6398122,42.9772946],[-85.6398086,42.977244299999995],[-85.6397928,42.9768096],[-85.6397938,42.9764507],[-85.639794,42.976363000000006],[-85.6397926,42.97626790000001],[-85.6397898,42.9760852],[-85.6397893,42.9760533],[-85.6397844,42.975731],[-85.6397719,42.9749028],[-85.6397646,42.9744169],[-85.6397617,42.97422089999999],[-85.6397681,42.9736647],[-85.6397635,42.97319219999999],[-85.6397598,42.9730401],[-85.6397609,42.9729435],[-85.6397607,42.972787],[-85.6397604,42.9725396],[-85.63976,42.972288],[-85.639764,42.9719417],[-85.6397692,42.9714837],[-85.6397704,42.9713782],[-85.6397721,42.9712215],[-85.6397625,42.9710048],[-85.6397556,42.9708491],[-85.639754,42.97073019999999],[-85.6397469,42.9705994],[-85.6397405,42.9704688],[-85.6397333,42.9703485],[-85.63973110800838,42.97029928824445],[-85.64006339740871,42.97018949466091],[-85.64015745837753,42.96998239388343],[-85.6404365,42.969984],[-85.6406721,42.9699854],[-85.6408847,42.9699858],[-85.6410867,42.9699901],[-85.6411502,42.9699903],[-85.6416325,42.9699919],[-85.6416733,42.969992],[-85.6417819,42.9699925],[-85.6418228,42.9699919],[-85.6420349,42.9699942],[-85.6423051,42.969995],[-85.6423701,42.9699954],[-85.6424923,42.9699971],[-85.6428533,42.9699994],[-85.6431153,42.9700011],[-85.6433094,42.9700023],[-85.6438512,42.9700057],[-85.6439156,42.970006100000006],[-85.6442259,42.9700081],[-85.644574,42.9700103],[-85.644684,42.970011],[-85.6448089,42.9700119],[-85.6452712,42.970015],[-85.645334,42.9700154],[-85.6453926,42.9700159],[-85.6455648,42.970017],[-85.6457369,42.9700181],[-85.6460612,42.9700199],[-85.6462324,42.9700209],[-85.6462645,42.9700211],[-85.647163,42.970034],[-85.6479103,42.9700389],[-85.6483442,42.9700418],[-85.6485882,42.97004340000001],[-85.6487739,42.9700447],[-85.6490003,42.9700462],[-85.6493365,42.9700484],[-85.6494978,42.9700495],[-85.649582,42.97005000000001],[-85.6497059,42.970052],[-85.6503855,42.9700641],[-85.650813,42.97007],[-85.6512434,42.9700777],[-85.6517203,42.9700863],[-85.6519823,42.970091800000006],[-85.652043,42.970092],[-85.6524723,42.9700976],[-85.6527676,42.9701014],[-85.653201,42.970107],[-85.6535858,42.9701139],[-85.6544461,42.9701293],[-85.654543,42.970131],[-85.6551763,42.9701574],[-85.655497,42.9701615],[-85.6558705,42.9701664],[-85.6563365,42.9701745],[-85.656653,42.9701769],[-85.6568695,42.9701822],[-85.656981,42.9701837],[-85.6571219,42.9701863],[-85.6572698,42.9701869],[-85.6575212,42.97018800000001],[-85.6578736,42.9701896],[-85.6580417,42.9701909],[-85.658311,42.970194],[-85.6587365,42.970201],[-85.6588568,42.970203],[-85.6589051,42.9702038],[-85.65946,42.970213],[-85.6597592,42.9702214],[-85.6602157,42.9702342],[-85.660351,42.970238],[-85.6604455,42.9702412],[-85.6612467,42.970268],[-85.6618347,42.97028449999999],[-85.661921,42.970287],[-85.6620498,42.9702904],[-85.6627616,42.9703092],[-85.6628084,42.9703106],[-85.6628672,42.9703122],[-85.6630528,42.9703171],[-85.663086,42.970318],[-85.6631597,42.9703196],[-85.663415,42.970325],[-85.6636816,42.97034059999999],[-85.663775,42.970346],[-85.6639133,42.9703535],[-85.664034,42.97036],[-85.664191,42.97038700000001],[-85.6643568,42.970424],[-85.6645355,42.9704658],[-85.6647051,42.9704993],[-85.6648305,42.970518000000006],[-85.6649459,42.9705261],[-85.6651863,42.97053090000001],[-85.66586,42.970516],[-85.6659484,42.9705136],[-85.6664514,42.9704998],[-85.6665617,42.9704969],[-85.6666534,42.9704954],[-85.6673234,42.9704844],[-85.667561,42.9704788],[-85.667882,42.9704705],[-85.6681531,42.9704614],[-85.66825889261519,42.97045646929552],[-85.66840998576605,42.970453346874564],[-85.6688924,42.9704479],[-85.6690185,42.9704501],[-85.6691906,42.9704468],[-85.6699872,42.9704316],[-85.6700952,42.9704297],[-85.6702278,42.9704273],[-85.6708722,42.9704146],[-85.6715088,42.9703987],[-85.6719279166465,42.97038828716406],[-85.67219311252327,42.97024240974543],[-85.672186,42.9700814],[-85.6721748,42.9698283],[-85.6721626,42.9695536],[-85.6721396,42.9690329],[-85.6721883,42.9689424],[-85.6721908,42.9688908],[-85.6721956,42.9687902],[-85.6721996,42.9687058],[-85.672153,42.9685965],[-85.6721595,42.968525],[-85.6722132,42.9680704],[-85.6722202,42.9677878],[-85.6722042,42.967324],[-85.6721987,42.9672195],[-85.6721954,42.9671488],[-85.6721757,42.9667358],[-85.6721631,42.96646870000001],[-85.67216,42.96638],[-85.6721591,42.9662312],[-85.6721479,42.96531939999999],[-85.6721401,42.9650196],[-85.6721376,42.964923199999994],[-85.6721846,42.96482],[-85.6721969,42.964793],[-85.672269,42.9646848],[-85.6723131,42.9646349],[-85.6723732,42.9645791],[-85.672714,42.9642624],[-85.6727667,42.9642129],[-85.6728741,42.9640913],[-85.6730008,42.9639153],[-85.6730677,42.9638191],[-85.6731007,42.9637716],[-85.6733699,42.96336269999999],[-85.67340419640865,42.96331231264473],[-85.67346661509406,42.96321225161545],[-85.6734954,42.963162000000004],[-85.673658,42.962907],[-85.6737351,42.9627885],[-85.673901,42.96253819999999],[-85.67384812527733,42.96240045345859],[-85.67381384169889,42.96229487681986],[-85.6735279,42.9621739],[-85.6735236,42.9620885],[-85.673516,42.961935000000004],[-85.6734806,42.9612223],[-85.6734804,42.9611828],[-85.6734795,42.9609822],[-85.673479,42.960878],[-85.67347235879659,42.96068593337848]]}},{"type":"Feature","properties":{"routeId":"15","color":"#F49AC1","dir":"Eastbound","trips":98,"dests":"Knapps Corner"},"geometry":{"type":"LineString","coordinates":[[-85.67236637471903,42.960975672207326],[-85.672383,42.961637],[-85.672396,42.962202],[-85.67240926550683,42.96271079986763],[-85.6723380770807,42.96281023773742],[-85.67221050732613,42.962864509591846],[-85.67208293757157,42.96291878144627],[-85.671955367817,42.962973053300686],[-85.67182874880388,42.96325019666235],[-85.6715252,42.9632509],[-85.6714393,42.9632511],[-85.6711061,42.9632489],[-85.67084,42.9632472],[-85.6708114,42.963247],[-85.6706618,42.963243899999995],[-85.6703911,42.9632382],[-85.6702836,42.963236],[-85.6701797,42.963235],[-85.6697538,42.9632307],[-85.6693664,42.9632258],[-85.6692282,42.9632241],[-85.6691879,42.9632239],[-85.6690832,42.9632234],[-85.668545,42.963221],[-85.6680068,42.96321850000001],[-85.6678837514661,42.963218786381375],[-85.66773664361097,42.96321902808964],[-85.6669515,42.9632218],[-85.6668557,42.96322],[-85.6667287,42.9632192],[-85.6665901,42.9632162],[-85.6660057,42.9632037],[-85.6655152,42.9631945],[-85.6654196,42.9631931],[-85.6651173,42.9631873],[-85.6649995,42.9631851],[-85.6649082,42.9631837],[-85.6643414,42.9631696],[-85.6642126,42.9631656],[-85.6640912,42.9631632],[-85.6637602,42.963158],[-85.6637284,42.9631561],[-85.663636,42.9631504],[-85.6634175,42.9631321],[-85.6633692,42.9631281],[-85.6631341,42.96311669999999],[-85.6630531,42.9631144],[-85.662651,42.9631049],[-85.6625047,42.9631023],[-85.66201402878943,42.96308990931286],[-85.66177582831531,42.96327845615398],[-85.661778,42.9634924],[-85.6617792,42.963602800000004],[-85.661784,42.96406040000001],[-85.661786,42.964251],[-85.6617891,42.9644251],[-85.6617896,42.9644551],[-85.6617952,42.96477],[-85.66179899714473,42.964986696146084],[-85.66151610997333,42.96505863333302],[-85.66138013401996,42.965321703531416],[-85.6611629,42.965318],[-85.660987,42.965315],[-85.6603216,42.96529639999999],[-85.660202,42.965293],[-85.660097,42.9652908],[-85.6591428,42.9652737],[-85.6585882,42.9652599],[-85.6582736,42.9652534],[-85.6578199,42.9652441],[-85.65747527619098,42.96523700480393],[-85.65734809746225,42.96529703941201],[-85.65725871801595,42.96538332791327],[-85.65716933856967,42.96546961641453],[-85.6570799591234,42.9655559049158],[-85.65699057967711,42.96564219341706],[-85.65689782104931,42.96573744026655],[-85.6568989,42.9658089],[-85.6568998,42.965864800000006],[-85.6569003,42.9658949],[-85.6569085,42.9664379],[-85.656911,42.966604],[-85.6569241,42.9669271],[-85.65694,42.967321],[-85.656943,42.967394],[-85.6569446,42.9674827],[-85.6569623,42.9684681],[-85.6569688,42.9688314],[-85.65697,42.968898],[-85.6569708,42.96899199999999],[-85.6569763,42.9696295],[-85.6569788,42.9698371],[-85.6569793,42.9698797],[-85.65698,42.969934300000006],[-85.6569802,42.9700788],[-85.656981,42.9701837],[-85.656985,42.970284],[-85.6569926,42.9705018],[-85.6569956,42.9705876],[-85.6569986,42.9706749],[-85.6570057,42.9708787],[-85.6570114,42.971043],[-85.6570164,42.9711674],[-85.6570172,42.9716024],[-85.6570164,42.9719825],[-85.6570194,42.9723119],[-85.6570203,42.9724216],[-85.6570211,42.9725173],[-85.6570261,42.9731258],[-85.6570267,42.9732021],[-85.6570274,42.9732851],[-85.6570294,42.9735357],[-85.6570338,42.973949],[-85.6570274,42.9743501],[-85.6570478,42.975927],[-85.657049,42.9761707],[-85.6570551,42.9769064],[-85.6570567,42.97697279999999],[-85.6570598,42.9773804],[-85.657047,42.978248],[-85.6570727,42.9790276],[-85.6570733,42.9791088],[-85.6570783,42.9795553],[-85.6570834,42.980013299999996],[-85.6570965,42.9809299],[-85.6571011,42.9814665],[-85.6571043,42.9818387],[-85.657112,42.9827326],[-85.65712,42.983637],[-85.6571249,42.984086],[-85.65712823955273,42.98439749678035],[-85.65681588561448,42.984535534167314],[-85.6567896,42.9845354],[-85.6566635,42.9845349],[-85.6565042,42.984534],[-85.6558983,42.984531],[-85.6547671,42.9845241],[-85.6546595,42.9845234],[-85.6545518,42.9845231],[-85.6539841,42.984521199999996],[-85.6528814,42.9845175],[-85.6518039,42.9845093],[-85.6516059,42.9845093],[-85.6505852,42.9845045],[-85.6497005,42.9844982],[-85.6495672,42.9844977],[-85.6494626,42.9844973],[-85.648782,42.9844949],[-85.6486643,42.9844951],[-85.6484223,42.9844946],[-85.6480783,42.9844906],[-85.6479919,42.98449020000001],[-85.6474343,42.9844878],[-85.6464257,42.9844758],[-85.6461297,42.98447689999999],[-85.6460309,42.9844762],[-85.6459271,42.984475],[-85.6454052,42.98447199999999],[-85.6449057,42.9844691],[-85.6448006,42.9844688],[-85.6446963,42.9844679],[-85.6443436,42.9844649],[-85.6435975,42.9844586],[-85.6434906,42.9844577],[-85.6431625,42.9844544],[-85.6422737,42.9844492],[-85.6421772,42.9844485],[-85.6420797,42.98444799999999],[-85.6415498,42.984445],[-85.6415181,42.9844448],[-85.6411084,42.9844401],[-85.6409905,42.9844388],[-85.6407575,42.9844374],[-85.6405489,42.9844361],[-85.640434,42.9844354],[-85.6402638,42.984434400000005],[-85.6401268,42.9844336],[-85.640039,42.9844331],[-85.6398876,42.9844342],[-85.6397354,42.9844324],[-85.6396521,42.9844328],[-85.6395937,42.9844329],[-85.6394264,42.9844333],[-85.6393591,42.9844335],[-85.639274,42.984433700000004],[-85.6391579,42.984434],[-85.6390748,42.9844342],[-85.6382473,42.9844366],[-85.6379901,42.9844373],[-85.6376657,42.9844376],[-85.6373175,42.984439300000005],[-85.6370349,42.9844395],[-85.6367454,42.9844409],[-85.6353475,42.9844441],[-85.6349417,42.9844427],[-85.63376,42.984437],[-85.6331253,42.984436499999994],[-85.632529,42.984436],[-85.631299,42.984440000000006],[-85.6310591,42.9844408],[-85.6308153,42.9844416],[-85.6307128,42.9844402],[-85.6301769,42.9844437],[-85.6300512,42.9844442],[-85.6299435,42.9844442],[-85.6294253,42.9844445],[-85.6291837,42.9844441],[-85.6289182,42.9844438],[-85.628862,42.9844437],[-85.6286852,42.9844438],[-85.6277252,42.9844453],[-85.6276956,42.9844453],[-85.6274957,42.9844446],[-85.627126,42.9844432],[-85.6266391,42.98444140000001],[-85.6262031,42.9844398],[-85.6259581,42.9844389],[-85.6258139,42.9844384],[-85.6257608,42.9844382],[-85.6256778,42.984437899999996],[-85.6252793,42.9844364],[-85.62516,42.984436],[-85.6250345,42.9844352],[-85.6243639,42.9844303],[-85.6239703,42.9844284],[-85.6237618,42.984427100000005],[-85.6234995,42.9844273],[-85.6220482,42.984426400000004],[-85.6211986,42.9844186],[-85.621065,42.9844174],[-85.6209547,42.9844169],[-85.6202688,42.984412],[-85.6201352,42.98441110000001],[-85.6198397,42.9844099],[-85.6196717,42.9844098],[-85.6193518,42.9844096],[-85.6192752,42.9844096],[-85.6178365,42.984409],[-85.6169287,42.9844066],[-85.616299,42.984405],[-85.616048,42.984405],[-85.6159525,42.9844047],[-85.6156809,42.9844038],[-85.615517,42.9844033],[-85.6152291,42.9844024],[-85.6147806,42.9844011],[-85.614243,42.9843994],[-85.614146,42.984399],[-85.6140229,42.9843984],[-85.6121529,42.9843934],[-85.6117384,42.98439],[-85.611324,42.9843865],[-85.6111737,42.98438530000001],[-85.6107521,42.984384],[-85.6105863,42.9843824],[-85.610495,42.984382],[-85.6103917,42.9843819],[-85.6103043,42.984381799999994],[-85.6090864,42.9843806],[-85.608629,42.98438010000001],[-85.608513,42.98438],[-85.6084281,42.984379700000005],[-85.6072592,42.984376],[-85.6066655,42.984375],[-85.6058538,42.9843757],[-85.6053822,42.9843754],[-85.6044684,42.9843706],[-85.6035464,42.9843677],[-85.6028003,42.984362],[-85.6016612,42.984357],[-85.60099878096639,42.98435380516963],[-85.60062837496314,42.984433929166116],[-85.6006282,42.9844537],[-85.6006247,42.9848018],[-85.6006181,42.9854477],[-85.6006035,42.98687970000001],[-85.6005995,42.98727070000001],[-85.6005936,42.9878475],[-85.600592,42.9880087],[-85.6005904,42.9881636],[-85.6005853,42.9886584],[-85.6005823,42.98895029999999],[-85.6005769,42.9894848],[-85.6005766,42.9895143],[-85.6005753,42.9896394],[-85.6005637,42.99077290000001],[-85.6005628,42.9910965],[-85.6005584,42.9912942],[-85.60055808256135,42.99132816593512],[-85.60023588176763,42.991412934759595],[-85.60013989069478,42.99149527556764],[-85.60004389962191,42.99157761637567],[-85.59994790854905,42.991659957183714],[-85.59984363693637,42.99169949182688],[-85.5993358,42.9917381],[-85.5990486,42.9917884],[-85.5987866,42.9918777],[-85.598486,42.992017],[-85.5982817,42.992149000000005],[-85.5979498,42.9923833],[-85.59788324473195,42.99243232108869],[-85.59798161845664,42.99265732517995],[-85.59789068951603,42.99274272982742],[-85.59782521040785,42.992836640763564],[-85.59779793793005,42.99294332178877],[-85.59777066545226,42.99305000281399],[-85.59774339297446,42.9931566838392],[-85.59771612049667,42.99326336486442],[-85.59768884801888,42.993370045889634],[-85.59766262878864,42.99347686573212],[-85.59763804242844,42.99358390078572],[-85.59761345606825,42.99369093583932],[-85.59758886970805,42.99379797089291],[-85.59756428334784,42.9939050059465],[-85.59778513131681,42.99410958100817],[-85.597672,42.9942642],[-85.59744696786059,42.99445264011046],[-85.59739453693282,42.99454415285331],[-85.59736498091932,42.99465050300788],[-85.5972052,42.9948374],[-85.5974504,42.9951551],[-85.5976053,42.9954371],[-85.5976555,42.9956097],[-85.5976448,42.9958082],[-85.5975656,42.996061700000006],[-85.5974625,42.9962365],[-85.59738,42.9964263],[-85.5973759,42.9964831],[-85.5973566,42.997178899999994],[-85.5973548,42.9973722],[-85.5973493,42.9979573],[-85.59737187955456,42.99854312265],[-85.59718211266433,42.998803378709084],[-85.5952067,42.9987966],[-85.59431848253608,42.99878857330235],[-85.59394569843468,42.99897314906778],[-85.5939466,42.9993711],[-85.5939462,42.9995758],[-85.5939461,42.9996592],[-85.59394543426095,42.999987492564486],[-85.59352737477322,43.00014365919142],[-85.5931477,43.0001432],[-85.5929385,43.000143],[-85.5927723327109,42.999885119862135],[-85.5927716,42.9996044],[-85.5927631,42.9995439],[-85.5927564,42.9995077],[-85.5927081,42.9992545],[-85.5926975,42.9989253],[-85.59270467568246,42.99880542389321]]}},{"type":"Feature","properties":{"routeId":"13","color":"#FAA61A","dir":"Northbound","trips":97,"dests":"Veteran's Home"},"geometry":{"type":"LineString","coordinates":[[-85.67347945760051,42.96097336394522],[-85.6734804,42.9611828],[-85.6734806,42.9612223],[-85.673516,42.961935000000004],[-85.6735236,42.9620885],[-85.6735279,42.9621739],[-85.67397778415437,42.96242232573067],[-85.673901,42.96253819999999],[-85.6737351,42.9627885],[-85.673658,42.962907],[-85.6734954,42.963162000000004],[-85.67348167290059,42.96318596425827],[-85.67342019220405,42.96328881205509],[-85.6733699,42.96336269999999],[-85.6731007,42.9637716],[-85.6730677,42.9638191],[-85.6730008,42.9639153],[-85.6728741,42.9640913],[-85.6727667,42.9642129],[-85.672714,42.9642624],[-85.6723732,42.9645791],[-85.6723131,42.9646349],[-85.672269,42.9646848],[-85.6721969,42.964793],[-85.6721846,42.96482],[-85.6721376,42.964923199999994],[-85.6721401,42.9650196],[-85.6721479,42.96531939999999],[-85.6721591,42.9662312],[-85.67216,42.96638],[-85.6721631,42.96646870000001],[-85.6721757,42.9667358],[-85.6721954,42.9671488],[-85.6721987,42.9672195],[-85.6722042,42.967324],[-85.6722202,42.9677878],[-85.6722132,42.9680704],[-85.6721595,42.968525],[-85.672153,42.9685965],[-85.6721996,42.9687058],[-85.6721956,42.9687902],[-85.6721908,42.9688908],[-85.6721883,42.9689424],[-85.6721396,42.9690329],[-85.6721626,42.9695536],[-85.6721748,42.9698283],[-85.67217698402483,42.96987765506129],[-85.67207973618612,42.96997271965308],[-85.67196094830003,42.970036911158495],[-85.67184216041393,42.97010110266391],[-85.67172337252782,42.97016529416932],[-85.67161220717725,42.970396130877575],[-85.6715088,42.9703987],[-85.6708722,42.9704146],[-85.6702278,42.9704273],[-85.6700952,42.9704297],[-85.6699872,42.9704316],[-85.6691906,42.9704468],[-85.6690185,42.9704501],[-85.6688924,42.9704479],[-85.66838819113005,42.97045359295488],[-85.66824587792414,42.97045707587468],[-85.6681531,42.9704614],[-85.667882,42.9704705],[-85.667561,42.9704788],[-85.6673234,42.9704844],[-85.6666534,42.9704954],[-85.6665617,42.9704969],[-85.6664514,42.9704998],[-85.6659484,42.9705136],[-85.66586,42.970516],[-85.6651863,42.97053090000001],[-85.6649459,42.9705261],[-85.6648305,42.970518000000006],[-85.6647051,42.9704993],[-85.6645355,42.9704658],[-85.6643568,42.970424],[-85.664191,42.97038700000001],[-85.664034,42.97036],[-85.6639133,42.9703535],[-85.663775,42.970346],[-85.6636816,42.97034059999999],[-85.663415,42.970325],[-85.6631597,42.9703196],[-85.663086,42.970318],[-85.6630528,42.9703171],[-85.6628672,42.9703122],[-85.6628084,42.9703106],[-85.6627616,42.9703092],[-85.6620498,42.9702904],[-85.661921,42.970287],[-85.6618347,42.97028449999999],[-85.6612467,42.970268],[-85.6604455,42.9702412],[-85.660351,42.970238],[-85.6602157,42.9702342],[-85.6597592,42.9702214],[-85.65946,42.970213],[-85.6589051,42.9702038],[-85.6588568,42.970203],[-85.6587365,42.970201],[-85.658311,42.970194],[-85.6580417,42.9701909],[-85.6578736,42.9701896],[-85.6575212,42.97018800000001],[-85.6572698,42.9701869],[-85.6571219,42.9701863],[-85.656981,42.9701837],[-85.6568695,42.9701822],[-85.656653,42.9701769],[-85.6563365,42.9701745],[-85.6558705,42.9701664],[-85.655497,42.9701615],[-85.6551763,42.9701574],[-85.654543,42.970131],[-85.6544461,42.9701293],[-85.6535858,42.9701139],[-85.653201,42.970107],[-85.6527676,42.9701014],[-85.6524723,42.9700976],[-85.652043,42.970092],[-85.6519823,42.970091800000006],[-85.6517398,42.97008660000001],[-85.6512434,42.9700777],[-85.650813,42.97007],[-85.6503855,42.9700641],[-85.6497059,42.970052],[-85.649582,42.97005000000001],[-85.6494978,42.9700495],[-85.6493365,42.9700484],[-85.6490003,42.9700462],[-85.6487739,42.9700447],[-85.6485882,42.97004340000001],[-85.6483442,42.9700418],[-85.6479103,42.9700389],[-85.647163,42.970034],[-85.6462645,42.9700211],[-85.6462324,42.9700209],[-85.6460612,42.9700199],[-85.6457369,42.9700181],[-85.6455648,42.970017],[-85.6453926,42.9700159],[-85.645334,42.9700154],[-85.6452712,42.970015],[-85.6448089,42.9700119],[-85.644684,42.970011],[-85.644574,42.9700103],[-85.6442259,42.9700081],[-85.6439156,42.970006100000006],[-85.6438512,42.9700057],[-85.6433094,42.9700023],[-85.6431153,42.9700011],[-85.6428533,42.9699994],[-85.6424923,42.9699971],[-85.6423701,42.9699954],[-85.6423051,42.969995],[-85.6420349,42.9699942],[-85.6418228,42.9699919],[-85.6417819,42.9699925],[-85.6416733,42.969992],[-85.6416325,42.9699919],[-85.6411502,42.9699903],[-85.6410867,42.9699901],[-85.6408847,42.9699858],[-85.6406721,42.9699854],[-85.6404365,42.969984],[-85.6401064,42.9699821],[-85.63999692813753,42.96998148710844],[-85.63972501639046,42.970162229545366],[-85.6397262,42.9701891],[-85.6397333,42.9703485],[-85.6397405,42.9704688],[-85.6397469,42.9705994],[-85.639754,42.97073019999999],[-85.6397556,42.9708491],[-85.6397625,42.9710048],[-85.6397721,42.9712215],[-85.6397704,42.9713782],[-85.6397692,42.9714837],[-85.639764,42.9719417],[-85.63976,42.972288],[-85.6397604,42.9725396],[-85.6397607,42.972787],[-85.6397609,42.9729435],[-85.6397598,42.9730401],[-85.6397635,42.97319219999999],[-85.6397681,42.9736647],[-85.6397617,42.97422089999999],[-85.6397646,42.9744169],[-85.6397719,42.9749028],[-85.6397844,42.975731],[-85.6397893,42.9760533],[-85.6397898,42.9760852],[-85.6397926,42.97626790000001],[-85.639794,42.976363000000006],[-85.6397938,42.9764507],[-85.6397928,42.9768096],[-85.6398086,42.977244299999995],[-85.6398122,42.9772946],[-85.639814,42.977339],[-85.6398151,42.9776369],[-85.6398141,42.977787],[-85.639816,42.978463],[-85.6398165,42.9786078],[-85.6398173,42.9788719],[-85.6398175,42.9789286],[-85.639818,42.979081],[-85.6398228,42.9795269],[-85.6398241,42.9796517],[-85.6398255,42.9797759],[-85.6398271,42.9799266],[-85.639829,42.9801042],[-85.6398318,42.98035999999999],[-85.6398368,42.9808263],[-85.639837,42.9808516],[-85.6398454,42.981706900000006],[-85.6398536,42.982115300000004],[-85.6398735,42.9830778],[-85.639875,42.9831756],[-85.6398765,42.98335759999999],[-85.639878,42.9835401],[-85.6398806,42.9838428],[-85.6398827,42.9840961],[-85.6398833,42.984167],[-85.6398847,42.98433270000001],[-85.6398876,42.9844342],[-85.639891,42.9845258],[-85.639891,42.9846174],[-85.6398909,42.9847571],[-85.6398909,42.9848033],[-85.6398908,42.9848596],[-85.6398907,42.984949],[-85.6398907,42.9850351],[-85.6398886,42.9851917],[-85.6398865,42.9853483],[-85.6398837,42.9855529],[-85.6398783,42.9859469],[-85.6398783,42.9860683],[-85.6398784,42.9862882],[-85.6398828,42.9872992],[-85.639886,42.9880803],[-85.6398919,42.9897395],[-85.6398926,42.9908177],[-85.6398978,42.9917332],[-85.6398985,42.9918175],[-85.6398981,42.99193540000001],[-85.6398968,42.9940035],[-85.6399009,42.99474579999999],[-85.6398998,42.996516099999994],[-85.6398995,42.9965929],[-85.6399008,42.9970252],[-85.639904,42.9981223],[-85.6399041,42.9981474],[-85.6399041,42.9982072],[-85.6399042,42.9985565],[-85.6399043,42.9988529],[-85.6399044,42.9989102],[-85.6399046,42.9989691],[-85.6399043,42.9990385],[-85.6399041,42.9990756],[-85.6399023,42.9992738],[-85.6399006,42.9994596],[-85.6398974,42.9998096],[-85.6399002,43.00062500000001],[-85.6398938,43.001449],[-85.6398858,43.0022729],[-85.6398799,43.0030839],[-85.6398742,43.003746],[-85.6398736,43.0038156],[-85.6398728,43.0038946],[-85.6398671,43.0043909],[-85.6398672,43.0044479],[-85.639862,43.0049952],[-85.6398623,43.00531509999999],[-85.6398471,43.005849700000006],[-85.6398413,43.0060519],[-85.6398387,43.006146599999994],[-85.639827,43.0062246],[-85.6398373,43.0063047],[-85.6398308,43.0069461],[-85.6398254,43.0072641],[-85.6398196,43.0076579],[-85.639813,43.008125],[-85.6398095,43.0083674],[-85.6398002,43.0090731],[-85.6397978,43.0097236],[-85.6397981,43.0098152],[-85.6397985,43.0098965],[-85.6398017,43.009948],[-85.6397958,43.01046600000001],[-85.6397912,43.0107073],[-85.6397901,43.010780999999994],[-85.6397813,43.0115066],[-85.6397803,43.0115847],[-85.6397793,43.011660199999994],[-85.6397768,43.01184460000001],[-85.6397682,43.0124909],[-85.6397671,43.0125773],[-85.63976354467644,43.01286310618669],[-85.64012787069234,43.012962992063656],[-85.64021121958764,43.013048285090086],[-85.64033397119961,43.013108289509326],[-85.6404545975173,43.01339123241433],[-85.6405449,43.0133917],[-85.6416802,43.0134061],[-85.6417808,43.0134074],[-85.6430741,43.0134121],[-85.643454,43.0134124],[-85.6460351,43.0134081],[-85.6461635,43.0134079],[-85.6463104,43.0134075],[-85.6465182,43.0134075],[-85.648134,43.0134097],[-85.6492132,43.0134161],[-85.6495338,43.0134181],[-85.6496467,43.0134188],[-85.6508794,43.0134325],[-85.6526501,43.0134474],[-85.6544659,43.0134668],[-85.6556262,43.0134801],[-85.6571614,43.013490399999995],[-85.6573133,43.0134914],[-85.6574497,43.0134929],[-85.6578453,43.0134971],[-85.6600774,43.0135209],[-85.66144,43.0135283],[-85.66305713237303,43.013542737119444],[-85.66313999953525,43.01365111501346],[-85.66320044761623,43.013750110708074],[-85.66326089569722,43.01384910640269],[-85.66332134377822,43.0139481020973],[-85.66345261169518,43.014119397417325],[-85.6633828,43.0142033],[-85.6632247,43.0144283],[-85.663131,43.0145848],[-85.6630103,43.0148186],[-85.6627052,43.0154732],[-85.6626777,43.0155286],[-85.6626279,43.015634],[-85.6614144,43.0182315],[-85.6613836,43.0182934],[-85.66134746965274,43.018372343912525],[-85.66111140865516,43.01838220639791],[-85.66096417507094,43.01837898612881],[-85.66078457760955,43.0184115330297],[-85.6607424,43.0183976],[-85.6607042,43.0183883],[-85.6605964,43.0183734],[-85.6599529,43.0182921],[-85.6596513,43.0182559],[-85.6593196,43.0182213],[-85.6592432,43.0182163],[-85.658815,43.0181984],[-85.6586402,43.0181881],[-85.6580686,43.018166599999994],[-85.65774265361863,43.01814598838753]]}},{"type":"Feature","properties":{"routeId":"12","color":"#913F98","dir":"Eastbound","trips":94,"dests":"Central Station"},"geometry":{"type":"LineString","coordinates":[[-85.77847841395975,42.9687927194473],[-85.77861382791947,42.968835438894594],[-85.77874924187921,42.968878158341894],[-85.77888465583894,42.96892087778918],[-85.77899654063081,42.96889599514643],[-85.7789305690147,42.96879893399005],[-85.7788645973986,42.968701872833655],[-85.77873489793728,42.96866525394677],[-85.77859098395547,42.96864211673147],[-85.77844706997364,42.96861897951618],[-85.77830315599181,42.968595842300886],[-85.77815924200998,42.968572705085585],[-85.77801532802816,42.96854956787029],[-85.77787049674616,42.96853009341479],[-85.77772485799859,42.96851384315179],[-85.77757921925104,42.96849759288879],[-85.77743358050348,42.96848134262578],[-85.77728794175593,42.96846509236278],[-85.77714230300838,42.968448842099775],[-85.7770061147284,42.968459321274075],[-85.7768897558843,42.968525885468466],[-85.77677339704019,42.96859244966286],[-85.77665703819609,42.96865901385725],[-85.77654067935198,42.96872557805164],[-85.77626471869023,42.96881911306893],[-85.7762674,42.969074],[-85.7762693,42.9692497],[-85.7762701,42.9693293],[-85.7762766,42.9699404],[-85.7762785,42.9702182],[-85.7762882,42.970596],[-85.7762999,42.9709689],[-85.7762997,42.9710496],[-85.7763051,42.9713466],[-85.7763094,42.97158400000001],[-85.7763118,42.9718866],[-85.77631226707659,42.97194355586815],[-85.77603551293025,42.972045146346304],[-85.7758846526964,42.9722810844076],[-85.7755245,42.9722769],[-85.7754263,42.9722758],[-85.7752927,42.9722742],[-85.7748331,42.9722689],[-85.7747836,42.972268400000004],[-85.7747342,42.9722678],[-85.774569,42.9722666],[-85.7743841,42.9722653],[-85.7742979,42.972264],[-85.7739611,42.9722591],[-85.7738488,42.97225900000001],[-85.7737344,42.9722565],[-85.7734984,42.9722551],[-85.7732998,42.972254],[-85.7731498,42.97225310000001],[-85.7731227,42.9722525],[-85.7730106,42.97225240000001],[-85.7729614,42.9722521],[-85.7725983,42.9722487],[-85.7721229,42.9722432],[-85.7718679,42.97223950000001],[-85.771353,42.972232],[-85.7708356,42.97222800000001],[-85.7702198,42.9722222],[-85.76926,42.97221580000001],[-85.768892,42.972212999999996],[-85.7687404,42.9722115],[-85.7683392,42.9722074],[-85.767618,42.9722],[-85.7671772,42.9721964],[-85.7666058,42.9721916],[-85.766409,42.97219],[-85.7662858,42.9721887],[-85.7658618,42.9721841],[-85.7656875,42.9721819],[-85.7656078,42.97218089999999],[-85.7653739,42.9721783],[-85.7649356,42.9721742],[-85.7648217,42.972173],[-85.7639745,42.9721658],[-85.7638029,42.972164],[-85.763478,42.972158],[-85.763114,42.9721522],[-85.7628235,42.972149200000004],[-85.7619501,42.97213909999999],[-85.7618696,42.972139],[-85.7618224,42.97213909999999],[-85.7617754,42.9721392],[-85.7609735,42.9721282],[-85.7603967,42.972121699999995],[-85.7602769,42.97212059999999],[-85.7600254,42.972118200000004],[-85.7597986,42.9721149],[-85.7590789,42.9721063],[-85.7565953,42.972076],[-85.7546613,42.9720519],[-85.753822,42.972041],[-85.7534035,42.9720357],[-85.75277,42.9720285],[-85.7496234,42.9719877],[-85.7494155,42.9719851],[-85.7484198,42.9719717],[-85.747046,42.9719594],[-85.7468914,42.971958],[-85.746767,42.9719557],[-85.7455039,42.97193250000001],[-85.7448865,42.97192100000001],[-85.7441348,42.9719071],[-85.7427364,42.9718811],[-85.7420334,42.97187],[-85.740973,42.971847],[-85.7408237,42.9718445],[-85.7406912,42.971842200000005],[-85.7405018,42.9718389],[-85.7401431,42.97183209999999],[-85.7396742,42.9718231],[-85.738882,42.971808],[-85.7387883,42.9718068],[-85.7379912,42.971797],[-85.7374931,42.9717895],[-85.7372882,42.9717878],[-85.737183,42.971787],[-85.7370583,42.9717859],[-85.7365567,42.9717813],[-85.7363307,42.9717754],[-85.736194,42.9717719],[-85.7359042,42.9717644],[-85.73539,42.971751],[-85.7346582,42.9717329],[-85.7339699,42.9717158],[-85.7338965,42.971714],[-85.7338678,42.9717134],[-85.7331884,42.9716991],[-85.732982,42.971694799999995],[-85.732708,42.971689],[-85.7323918,42.9716834],[-85.731466,42.971667],[-85.730165,42.971642],[-85.7277679,42.9715983],[-85.7277224,42.9715975],[-85.7271207,42.9715865],[-85.726962,42.97158400000001],[-85.725571,42.9715689],[-85.7254202,42.9715663],[-85.725058,42.971558],[-85.7247783,42.9715511],[-85.7242352,42.9715394],[-85.723366,42.97151920000001],[-85.72238,42.9715071],[-85.722074,42.9715034],[-85.7219198,42.9715023],[-85.721376,42.971494],[-85.7206719,42.9714881],[-85.7203468,42.97148429999999],[-85.7200208,42.97148],[-85.7197712,42.9714755],[-85.7195615,42.9714717],[-85.7190305,42.9714621],[-85.7189917,42.9714624],[-85.7185508,42.97145329999999],[-85.71850361347798,42.971452281127725],[-85.7183579983838,42.971678500966924],[-85.71821987686221,42.971716219389876],[-85.71808407297564,42.97175776344106],[-85.71795376195364,42.97180837434591],[-85.71785851283306,42.971880290767274],[-85.7177897,42.9719418],[-85.7176723,42.9720208],[-85.7175365,42.9720786],[-85.7173659,42.9721191],[-85.71732,42.97213],[-85.7172239,42.9721437],[-85.7171792862909,42.97214747531842],[-85.71701041746113,42.97215328417706],[-85.7169682,42.972153399999996],[-85.71686,42.97214],[-85.716759,42.972117],[-85.716586,42.97205],[-85.71652,42.972015],[-85.716296,42.971856],[-85.715971,42.971591999999994],[-85.7158476,42.971528],[-85.7158071,42.97151220000001],[-85.715751,42.9714903],[-85.715643,42.971457],[-85.715532,42.971439000000004],[-85.715349,42.971417],[-85.7152368,42.9714127],[-85.7149582,42.971402],[-85.71488,42.971399],[-85.712735,42.971387],[-85.712401,42.9713832],[-85.712204,42.971381],[-85.71152,42.971379],[-85.709056,42.971356],[-85.7073595,42.9713474],[-85.70727,42.971343],[-85.7071511,42.97134],[-85.706689,42.97133],[-85.705616,42.971292],[-85.7048057,42.9712687],[-85.704222,42.971252],[-85.704073,42.971244],[-85.7034507,42.971213],[-85.70289,42.971185],[-85.702644,42.971186],[-85.702407,42.971172],[-85.70234,42.971155],[-85.702205,42.97110800000001],[-85.702074,42.971043],[-85.701774,42.970904],[-85.7015473420793,42.97080262156207],[-85.70127385770445,42.97094662221471],[-85.701126873813,42.97094004701707],[-85.70097970352535,42.97093552023208],[-85.70083253323772,42.9709309934471],[-85.70068536295007,42.9709264666621],[-85.70053819266242,42.97092193987711],[-85.70039102237479,42.97091741309211],[-85.70024385203754,42.97091288718309],[-85.70009668164901,42.97090836218004],[-85.69994951126048,42.97090383717699],[-85.69980234087195,42.97089931217394],[-85.69965517048342,42.97089478717089],[-85.6995080000949,42.97089026216784],[-85.69936081443193,42.97088604995482],[-85.69921358342766,42.97088276624083],[-85.69906635242342,42.97087948252682],[-85.69891912141917,42.97087619881282],[-85.6987718904149,42.97087291509881],[-85.69862465941065,42.970869631384815],[-85.69837151313762,42.97069678566461],[-85.697745,42.970909000000006],[-85.6976597,42.97093509999999],[-85.697604,42.9709498],[-85.697479,42.970968],[-85.6973469,42.9709889],[-85.6972356,42.9709971],[-85.6971263,42.9709986],[-85.6966293,42.9709866],[-85.6965195,42.970984],[-85.6964127,42.9709809],[-85.6955237,42.97095879999999],[-85.6954434,42.9709568],[-85.6953667,42.9709546],[-85.695001,42.970944],[-85.6947468,42.970939],[-85.6938683,42.970911799999996],[-85.6938216,42.9709103],[-85.693747,42.970908],[-85.6936396,42.9709051],[-85.6933855,42.9708984],[-85.69302993897837,42.970888959921325],[-85.69293478953414,42.97078456711837],[-85.69285248280927,42.970694537912514],[-85.69253369223537,42.970607983090176],[-85.6925327,42.9705713],[-85.6925189,42.9700618],[-85.692516,42.96997],[-85.6925153,42.969903300000006],[-85.6925097,42.9695294],[-85.6925046,42.9691514],[-85.692503,42.969059],[-85.6925026,42.9689878],[-85.6924946,42.9682466],[-85.6924972,42.9681689],[-85.6924968,42.9681042],[-85.6924859,42.96772769999999],[-85.6924807,42.967355],[-85.69248,42.96727],[-85.6924778,42.9672044],[-85.6924649,42.96682],[-85.6924532,42.9664622],[-85.6924554,42.966350899999995],[-85.6924512,42.9661952],[-85.6924369,42.9655504],[-85.6924303,42.9654914],[-85.6924291,42.96538460000001],[-85.6924235,42.9650301],[-85.6924187,42.9646508],[-85.6924175,42.9645801],[-85.6924138,42.9644829],[-85.6923974,42.9640946],[-85.6923943,42.96402],[-85.692383,42.963744],[-85.69238123329556,42.963702040769554],[-85.69237889542381,42.96359217011],[-85.6923787,42.9633731],[-85.6923785,42.9632347],[-85.6923784,42.9631293],[-85.6923782,42.9628307],[-85.6923781,42.9627382],[-85.6923766,42.9626674],[-85.6923665,42.9622848],[-85.6923579,42.9619215],[-85.692355,42.961834999999994],[-85.6923539,42.9617725],[-85.6923476,42.9614169],[-85.6923431,42.9610176],[-85.692339,42.960932],[-85.692337,42.9608744],[-85.6923241,42.960497],[-85.6923127,42.9601112],[-85.692309,42.960019],[-85.6923087,42.95996259999999],[-85.6923055,42.9592308],[-85.6923046,42.9591641],[-85.6923035,42.9590871],[-85.69228393493579,42.95850150912132],[-85.69195876207249,42.958364982387046],[-85.691933,42.95837],[-85.6916798,42.9584278],[-85.6911433,42.9585502],[-85.691026,42.958577],[-85.6909472,42.9585947],[-85.690413,42.958715],[-85.690127,42.958774],[-85.689182,42.958971],[-85.6890904,42.9589923],[-85.688718,42.959079],[-85.6881766,42.959193899999995],[-85.6881234,42.9592052],[-85.6874845,42.9593389],[-85.687366,42.959366],[-85.6872816,42.9593858],[-85.686282,42.959598],[-85.6861681,42.9596232],[-85.686074,42.9596443],[-85.6855548,42.9597573],[-85.6852134,42.959832299999995],[-85.6851363,42.9598489],[-85.6850449,42.9598689],[-85.684921,42.959896],[-85.6848462,42.9599125],[-85.684314,42.960027100000005],[-85.683799,42.9601392],[-85.6836879,42.96016019999999],[-85.6835531,42.9601705],[-85.6834216,42.9601777],[-85.6832867,42.9601807],[-85.683091,42.960182],[-85.6828594,42.9601754],[-85.6826026,42.96017140000001],[-85.6824701,42.9601684],[-85.6823825,42.9601664],[-85.6822225,42.9601629],[-85.6818729,42.9601598],[-85.68154825248611,42.96015745351528],[-85.68149221619507,42.96003447255091],[-85.68123515668107,42.95982910627883],[-85.6812993,42.9597355],[-85.6815555,42.9593619],[-85.6816474,42.9592278],[-85.681701,42.9591477],[-85.6818133,42.9589799],[-85.681937,42.958795],[-85.681986,42.9587183],[-85.6823482,42.95815089999999],[-85.6825576,42.957823],[-85.682631,42.957708],[-85.682699,42.95761],[-85.682816,42.957482],[-85.683114,42.957224999999994],[-85.6832595,42.9570892],[-85.6835289,42.9568359],[-85.68363107476536,42.95674174847617],[-85.68372331728182,42.95667717659571],[-85.68370610948544,42.95656936192731],[-85.68368890168907,42.95646154725889],[-85.6836716938927,42.956353732590486],[-85.68365448609634,42.95624591792207],[-85.68354015240669,42.956143483394484],[-85.6832403,42.9561293],[-85.6810771,42.9561045],[-85.6808614,42.9560992],[-85.6806201,42.9560941],[-85.680058,42.9560822],[-85.6797679,42.956076],[-85.6795324,42.9560744],[-85.6785556,42.956067700000006],[-85.6780688,42.9560651],[-85.6778959,42.956063199999996],[-85.6778328,42.95606209999999],[-85.677669,42.956058999999996],[-85.6763362,42.9560463],[-85.6758031,42.9560417],[-85.6755338,42.9560387],[-85.6747508,42.956039],[-85.67471581824294,42.956039]]}},{"type":"Feature","properties":{"routeId":"5","color":"#058b92","dir":"Southbound","trips":93,"dests":"Acquest/28th / 28th/Acquest"},"geometry":{"type":"LineString","coordinates":[[-85.67423799334236,42.95657387466898],[-85.67417498668473,42.95647574933797],[-85.67411198002709,42.95637762400695],[-85.67404897336947,42.95627949867593],[-85.67398596671184,42.95618137334491],[-85.67390593584051,42.95613520614229],[-85.673648,42.956163],[-85.6733054,42.9561861],[-85.6728303,42.9561846],[-85.671872,42.95618170000001],[-85.6713586,42.9561751],[-85.6698922,42.956161800000004],[-85.6695881,42.9561539],[-85.6692646,42.95613529999999],[-85.6690188,42.9560947],[-85.6687985,42.9560512],[-85.6685609,42.956006],[-85.668348,42.9559812],[-85.6681023,42.95597120000001],[-85.6680564,42.9559693],[-85.6678069,42.9559591],[-85.66772685868062,42.955955716329065],[-85.66758103512717,42.95595076517699],[-85.6675053,42.9559486],[-85.6670838,42.95593559999999],[-85.66684533196191,42.955928229765306],[-85.66670057982496,42.955881703804394],[-85.6664684,42.9558749],[-85.6662067,42.955869],[-85.66613326702209,42.95589739499053],[-85.66596203804858,42.95590894345993],[-85.6658642,42.95590599999999],[-85.6652287,42.9558904],[-85.6649709,42.9558835],[-85.66466174540989,42.955929099011904],[-85.6646125,42.9559281],[-85.6645391,42.9559279],[-85.6644801,42.9559289],[-85.6644307,42.95593039999999],[-85.6643504,42.955940500000004],[-85.6642927,42.9559542],[-85.6642494,42.9559701],[-85.6641913,42.95599490000001],[-85.66401656492933,42.95626027012575],[-85.6640178,42.9562821],[-85.6640214,42.956347199999996],[-85.6640201,42.9565133],[-85.6640272,42.9572307],[-85.6640642,42.9577168],[-85.664067,42.9578222],[-85.6640735,42.9581479],[-85.6640706,42.9583031],[-85.6640689,42.9585208],[-85.66406694122333,42.958973962980444],[-85.66394711513281,42.959054134727104],[-85.66381639930727,42.95910417542003],[-85.66368568348173,42.95915421611297],[-85.66355496765618,42.95920425680591],[-85.66342425183065,42.95925429749885],[-85.66328580135946,42.95948918866726],[-85.6631763,42.9594867],[-85.6625215,42.9594721],[-85.6624142,42.9594697],[-85.662324,42.9594677],[-85.6622573,42.9594662],[-85.66190185967872,42.959458219980434],[-85.66176937327435,42.959210650431544],[-85.66167721855683,42.95911884054552],[-85.6616796,42.959040200000004],[-85.6616805,42.9590209],[-85.6616814,42.95898170000001],[-85.6616798,42.9588511],[-85.6616898,42.9586184],[-85.6616991,42.9584014],[-85.6617091,42.9580709],[-85.6617282,42.9574444],[-85.6617329,42.957291],[-85.6617339,42.9572585],[-85.6617345,42.957239300000005],[-85.6617455,42.9569751],[-85.6617462,42.956891],[-85.6617548,42.9566974],[-85.6617744,42.95625450000001],[-85.6617553,42.9561921],[-85.6617554,42.9561633],[-85.66176134322544,42.9560315585026],[-85.66143754961773,42.95593036758066],[-85.66136627605863,42.95583536426892],[-85.66129500249954,42.955740360957186],[-85.66114939735417,42.955815861483856],[-85.66045,42.955797],[-85.660363,42.9557933],[-85.660261,42.955789],[-85.6592475,42.9557665],[-85.659133,42.955764],[-85.659035,42.9557618],[-85.6585206,42.9557501],[-85.658019,42.9557388],[-85.657896,42.95573600000001],[-85.6578006,42.9557349],[-85.6567862,42.9557233],[-85.6566858,42.9557222],[-85.6565796,42.9557212],[-85.655566,42.9557151],[-85.6554542,42.9557155],[-85.6553478,42.9557151],[-85.6543124,42.9556798],[-85.654201,42.955676000000004],[-85.6540863,42.9556744],[-85.6539499,42.9556725],[-85.653561,42.9556672],[-85.6530794,42.9556606],[-85.652965,42.955659],[-85.6528759,42.9556569],[-85.652462,42.955647],[-85.6518566,42.9556325],[-85.651754,42.95562999999999],[-85.6516384,42.9556278],[-85.6506169,42.9556079],[-85.650521,42.955605999999996],[-85.6504097,42.95560460000001],[-85.6494062,42.955593],[-85.649296,42.955591000000005],[-85.6491923,42.955591000000005],[-85.6485659,42.9555841],[-85.6483295,42.95558189999999],[-85.647806,42.955577],[-85.6477326,42.9555768],[-85.646857,42.955574],[-85.6467409,42.9555732],[-85.6464576,42.9555711],[-85.645971,42.9555676],[-85.645613,42.9555649],[-85.6450429,42.9555603],[-85.644526,42.955557],[-85.6443911,42.9555556],[-85.6443119,42.9555552],[-85.6441153,42.9555539],[-85.643444,42.955549],[-85.642888,42.955547],[-85.642228,42.955542],[-85.641954,42.955539],[-85.641705,42.95553799999999],[-85.6411867,42.9555344],[-85.640934,42.955533],[-85.64038777111587,42.95553141626882],[-85.64026316189356,42.95544718667081],[-85.64015859188667,42.95537073114071],[-85.64005402187979,42.95529427561061],[-85.63994945187291,42.95521782008052],[-85.63984488186601,42.95514136455042],[-85.63974031185913,42.95506490902032],[-85.63963574185225,42.95498845349022],[-85.63953443965956,42.95489315311867],[-85.6395332,42.9547137],[-85.6395328,42.9546153],[-85.6395302,42.9545197],[-85.6395298,42.95447240000001],[-85.6395242,42.953798],[-85.6395236,42.953714],[-85.6395212,42.9536352],[-85.6395189,42.9532753],[-85.6395176,42.953077],[-85.6395173,42.95303559999999],[-85.6395083,42.952869],[-85.6395051,42.9528096],[-85.6395038,42.952739],[-85.639502,42.95263700000001],[-85.6394944,42.9523601],[-85.6394849,42.9519924],[-85.6394815,42.9518946],[-85.6394812,42.9518392],[-85.6394795,42.9514648],[-85.6394837,42.9510882],[-85.639485,42.9509722],[-85.6394815,42.9508635],[-85.6394718,42.9505632],[-85.6394665,42.9501886],[-85.639465,42.950085],[-85.6394646,42.9500116],[-85.6394604,42.9492783],[-85.63946,42.949199],[-85.6394604,42.9491252],[-85.6394648,42.9483786],[-85.6394654,42.9482956],[-85.6394636,42.9482198],[-85.6394557,42.9478568],[-85.6394522,42.9476681],[-85.6394485,42.9473966],[-85.6394411,42.9469412],[-85.6394367,42.9464866],[-85.6394313,42.9460363],[-85.6394271,42.9456598],[-85.6394264,42.9455805],[-85.6394236,42.9454213],[-85.6394184,42.945129],[-85.6394186,42.9450351],[-85.6394193,42.944745700000006],[-85.6394194,42.9446686],[-85.6394178,42.944588],[-85.6394084,42.9437597],[-85.6393989,42.9429313],[-85.639398,42.9428542],[-85.6393982,42.9428008],[-85.6393969,42.9427725],[-85.6394015,42.9419476],[-85.63940305188048,42.94154129829309],[-85.63929676732951,42.941472849279904],[-85.63918034687549,42.94140634362418],[-85.63906392642146,42.94133983796845],[-85.63894750596744,42.94127333231273],[-85.63883108551342,42.94120682665701],[-85.63871466505938,42.94114032100128],[-85.63859824460536,42.94107381534556],[-85.63846937449765,42.94103020407908],[-85.6383443,42.9410287],[-85.6382505,42.9410287],[-85.638141,42.9410287],[-85.6375309,42.941026400000005],[-85.637152,42.941025],[-85.6370253,42.9410245],[-85.636903,42.941024],[-85.6362864,42.9410187],[-85.635979,42.941016],[-85.6358754,42.9410167],[-85.635701,42.941018],[-85.634677,42.941011],[-85.6346077,42.9410114],[-85.634515,42.941012],[-85.634419,42.9410122],[-85.6336349,42.9410138],[-85.633529,42.941014],[-85.6334076,42.941015],[-85.6324502,42.9410026],[-85.632327,42.941001],[-85.6322269,42.9410001],[-85.6312628,42.94099189999999],[-85.631152,42.940991],[-85.6310592,42.940991],[-85.630047,42.940991],[-85.629963,42.940991],[-85.62989,42.940991],[-85.629032,42.940987],[-85.628905,42.940987],[-85.628792,42.940987],[-85.6265994,42.9410006],[-85.626541,42.941001],[-85.6255072382602,42.94099725448645],[-85.62537834196519,42.940929792418814],[-85.62531031917224,42.94083350336073],[-85.6252422963793,42.94073721430265],[-85.62517427358635,42.94064092524456],[-85.62510625079342,42.940544636186466],[-85.62503822800048,42.94044834712839],[-85.6248773498691,42.94035251040456],[-85.624876,42.940202],[-85.6248706,42.9400901],[-85.624861,42.939893],[-85.6248115,42.9392995],[-85.6248045,42.9392219],[-85.6248,42.9391496],[-85.6247329,42.9380735],[-85.624728,42.937994999999994],[-85.62472,42.937833],[-85.6247173,42.9378088],[-85.624708,42.937726],[-85.6246308,42.9367128],[-85.6246248,42.9366343],[-85.6246211,42.9365669],[-85.6245936,42.9360705],[-85.6245464,42.9354303],[-85.62448204699973,42.93451884948596],[-85.62419994748261,42.93435740513554],[-85.623135,42.934363],[-85.6224764,42.9343635],[-85.6221714,42.9343638],[-85.621875,42.934364],[-85.6208365,42.934364],[-85.620747,42.934364],[-85.6206622,42.9343641],[-85.619616,42.934366],[-85.6194474,42.934365299999996],[-85.6193685,42.934365],[-85.6191464,42.9343641],[-85.618885,42.934363],[-85.6187941,42.9343631],[-85.618198,42.9343635],[-85.617621,42.934364],[-85.617533,42.934364],[-85.617392,42.934366],[-85.616899,42.934362],[-85.616671,42.934364],[-85.616475,42.934367],[-85.6152534,42.9343676],[-85.614303,42.934368],[-85.6141591,42.9343687],[-85.613877,42.93437],[-85.612982,42.934369],[-85.6123116,42.9343716],[-85.612209,42.934372],[-85.611607,42.934377],[-85.610938,42.934376],[-85.6108567,42.9343756],[-85.61007650949188,42.9343715558516],[-85.60975682333827,42.934208274890324],[-85.609639,42.93295],[-85.6096351,42.9328883],[-85.6096,42.9323377],[-85.6095559,42.9318542],[-85.6094869,42.9311115],[-85.6094793,42.9310391],[-85.6094737,42.930899],[-85.60947074145955,42.93086257297078],[-85.60946229800422,42.93075374910987],[-85.6094555,42.9306517],[-85.6094399,42.930426],[-85.6094275,42.930238],[-85.609389,42.92976540000001],[-85.609365,42.92949],[-85.6093584,42.9294147],[-85.6093538,42.929346],[-85.6093285,42.9290919],[-85.6093115,42.9289215],[-85.6093064,42.9288607],[-85.6092479,42.9281815],[-85.6092233,42.9277788],[-85.6092119,42.9276777],[-85.6092042,42.9276089],[-85.6091958,42.9275354],[-85.6091838,42.9274136],[-85.6091669,42.927242400000004],[-85.6091548,42.927143],[-85.6091441,42.9270484],[-85.6091282,42.9267655],[-85.6091195,42.926633],[-85.6091144,42.9265793],[-85.6090583,42.9257731],[-85.609009,42.925226],[-85.6089431,42.9242555],[-85.608876,42.923251],[-85.6088244,42.92253099999999],[-85.608792,42.922078000000006],[-85.608693,42.920703],[-85.6086704,42.9203982],[-85.6086414,42.9200067],[-85.608597,42.919408],[-85.6085674,42.9189269],[-85.608497,42.917784],[-85.608416,42.916925],[-85.6083549,42.915967099999996],[-85.608349,42.915874],[-85.6083442,42.9157961],[-85.6083191,42.915388],[-85.608312,42.915273],[-85.6082582,42.9143645],[-85.608224,42.9137866],[-85.6082185,42.9136858],[-85.6081982,42.913350400000006],[-85.608196,42.9133141],[-85.60813806349978,42.913210370051004],[-85.60804130320146,42.91312851973155],[-85.60794454290314,42.913046669412104],[-85.60784778260482,42.91296481909266],[-85.60775102230652,42.91288296877322],[-85.6076542620082,42.91280111845377],[-85.60755750170988,42.912719268134325],[-85.60746074141156,42.91263741781487],[-85.6073261393817,42.9126331792403],[-85.6070847,42.9126321],[-85.6063181,42.9126285],[-85.606244,42.912629],[-85.6061999,42.9126289],[-85.6057859,42.9126279],[-85.605393,42.912627],[-85.6051399,42.9126258],[-85.6047917,42.9126265],[-85.6044536,42.9126226],[-85.6040973,42.9126209],[-85.6039309,42.9126174],[-85.6035064,42.91261819999999],[-85.6027789,42.9126148],[-85.6026263,42.9126141],[-85.6023728,42.91261299999999],[-85.6021625,42.91261200000001],[-85.6021268,42.9126118],[-85.601737,42.91261],[-85.6016918,42.9126098],[-85.6013856,42.9126082],[-85.6010518,42.9126065],[-85.6004429,42.9126035],[-85.5998845,42.9126007],[-85.59954,42.912599],[-85.5993556,42.912598],[-85.5991811,42.9125971],[-85.5990591,42.9125964],[-85.5986,42.912594],[-85.5985033,42.9125933],[-85.598397,42.9125926],[-85.5978488,42.9125888],[-85.5976629,42.9125875],[-85.5971699,42.912584],[-85.5969099,42.9125821],[-85.5965905,42.9125798],[-85.5961695,42.9125768],[-85.5960574,42.91257569999999],[-85.5959417,42.9125746],[-85.5951173,42.9125685],[-85.5949705,42.9125679],[-85.5944088,42.9125604],[-85.5939928,42.9125557],[-85.5933195,42.912548],[-85.5932678,42.9125474],[-85.5931222,42.9125459],[-85.5928421,42.9125415],[-85.5927877,42.91254119999999],[-85.5926897,42.9125407],[-85.5925418,42.912539],[-85.59236060364849,42.912536952337454],[-85.59222025157506,42.91279264786613],[-85.59208434834439,42.9128345148941],[-85.59195634593351,42.91288437807678],[-85.59186056541238,42.91296685195312],[-85.59176478489121,42.91304932582947],[-85.59166900437006,42.913131799705816],[-85.59157322384891,42.91321427358216],[-85.59147744332776,42.9132967474585],[-85.59138166280661,42.91337922133485],[-85.59128588228545,42.9134616952112],[-85.59115102448122,42.91348255684274],[-85.5910037360366,42.91348381937223],[-85.59085644759199,42.91348508190173],[-85.59070915914737,42.91348634443124],[-85.59056187070274,42.913487606960736],[-85.59041458225812,42.91348886949024],[-85.59026729381351,42.91349013201974],[-85.59012000536889,42.91349139454923],[-85.58997271692427,42.913492657078734],[-85.58982541944059,42.91349243355759],[-85.58967812155701,42.913492144290174],[-85.58953082367341,42.91349185502276],[-85.58938352578983,42.91349156575534],[-85.58923622790623,42.913491276487925],[-85.58908893002265,42.91349098722052],[-85.58894163213905,42.9134906979531],[-85.58879433425547,42.91349040868569],[-85.58864703831485,42.91349019330871],[-85.58849986623625,42.913494688356444],[-85.58835269415766,42.91349918340418],[-85.58820552207906,42.91350367845191],[-85.58805835000047,42.913508173499636],[-85.58791117792188,42.91351266854737],[-85.58776400584328,42.9135171635951],[-85.5876168337647,42.913521658642836],[-85.5874696616861,42.91352615369057],[-85.58733779470349,42.91355083731412],[-85.58725545376572,42.913640849525784],[-85.58717311282794,42.91373086173744],[-85.58709077189016,42.91382087394909],[-85.58702265157066,42.91391699475561],[-85.58695696276044,42.91401416003887],[-85.58689127395019,42.91411132532212],[-85.58682558513996,42.91420849060538],[-85.58675989632972,42.91430565588863],[-85.5866942075195,42.91440282117188],[-85.58662851870925,42.91449998645514],[-85.58653674531034,42.91458219009679],[-85.58642507223625,42.91465297964976],[-85.58631339916215,42.914723769202716],[-85.58620172608806,42.91479455875569],[-85.58609005301396,42.91486534830866],[-85.58597837993987,42.91493613786162],[-85.58586670686577,42.915006927414595],[-85.58575503379168,42.91507771696756],[-85.58564336071758,42.91514850652053],[-85.58553718794407,42.91522372245667],[-85.58543170943206,42.915299497101834],[-85.58532623092006,42.91537527174699],[-85.58522075240805,42.91545104639214],[-85.58511527389604,42.915526821037304],[-85.58500979538404,42.91560259568246],[-85.58490431687203,42.91567837032762],[-85.58479883836002,42.915754144972766],[-85.58469335984802,42.91582991961793],[-85.58464024667477,42.91593117163278],[-85.58458714838943,42.91603243089105],[-85.58453405010411,42.91613369014934],[-85.58448095181879,42.91623494940762],[-85.58442785353347,42.91633620866589],[-85.58437475524813,42.916437467924176],[-85.58432165696281,42.91653872718245],[-85.58427904258264,42.91664044508617],[-85.58431551386404,42.91674562279596],[-85.58435198514545,42.91685080050573],[-85.58438845642685,42.9169559782155],[-85.58442492770827,42.91706115592527],[-85.58446139898966,42.917166333635045],[-85.58449787027106,42.917271511344815],[-85.58453434155247,42.91737668905459],[-85.58457081283389,42.91748186676437],[-85.58462022106035,42.917583712109995],[-85.58468058854052,42.917682734515296],[-85.58474095602067,42.91778175692059],[-85.58480132350083,42.917880779325884],[-85.584861690981,42.917979801731185],[-85.58492205846116,42.91807882413648],[-85.58498242594132,42.91817784654178],[-85.58504279342148,42.918276868947075],[-85.58502495678258,42.918365246313165],[-85.58492057806369,42.918441843688036],[-85.5848161993448,42.918518441062915],[-85.58471182062591,42.918595038437786],[-85.58460744190702,42.918671635812665],[-85.58450306318814,42.918748233187536],[-85.5843766170836,42.91878036401186],[-85.58422981345184,42.91877147370983],[-85.58408300982006,42.9187625834078],[-85.58393620618828,42.918753693105764],[-85.5837894025565,42.91874480280373],[-85.58364259892473,42.918735912501695],[-85.58349579529296,42.91872702219967],[-85.58334899166117,42.91871813189763],[-85.5832024833763,42.91870807362995],[-85.58306118975914,42.91867739367004],[-85.58291989614197,42.91864671371012],[-85.58277860252483,42.918616033750205],[-85.58263730890768,42.9185853537903],[-85.58249601529052,42.91855467383038],[-85.58235472167335,42.918523993870465],[-85.5822134280562,42.918493313910545],[-85.58207213443904,42.91846263395063],[-85.58193193326484,42.918429651652424],[-85.58179548903897,42.91838875153485],[-85.58165904481308,42.91834785141729],[-85.5815226005872,42.91830695129971],[-85.58138615636133,42.91826605118214],[-85.58124971213545,42.918225151064576],[-85.58095257216817,42.91835177210644],[-85.5808296,42.9182877],[-85.5807024,42.9182213],[-85.5806384,42.9181898],[-85.5805569,42.91814370000001],[-85.5804861,42.9180996],[-85.5804104,42.9180511],[-85.5803684,42.9180194],[-85.580314,42.9179753],[-85.5802677,42.9179343],[-85.5802085,42.9178693],[-85.5801709,42.9178269],[-85.5801344,42.917781],[-85.58002819852518,42.91763496157712],[-85.57987810515655,42.917580200777905],[-85.579713,42.9173525],[-85.5796369,42.917250900000006],[-85.5795722,42.9171643],[-85.5795239,42.9171117],[-85.5794807,42.9170741],[-85.5794177,42.9170259],[-85.5793454,42.9169751],[-85.5792748,42.9169311],[-85.5792002,42.916895],[-85.5791242,42.91686],[-85.5790509,42.91683269999999],[-85.5789868,42.9168124],[-85.5789014,42.916787],[-85.5788403,42.9167738],[-85.578786,42.9167621],[-85.5786708,42.9167505],[-85.5785731,42.9167458],[-85.5784666,42.9167453],[-85.5784023,42.91675],[-85.5783086,42.916759],[-85.5780719,42.9167972],[-85.57797843021578,42.9168109367734],[-85.57781992734384,42.91676542993565],[-85.5777482,42.9167764],[-85.5775937,42.916799600000004],[-85.5770717,42.91688],[-85.5769551,42.9168942],[-85.5768274,42.9169036],[-85.5767046,42.916907300000005],[-85.5766139,42.9169071],[-85.5764878,42.9169003],[-85.5763778,42.91688669999999],[-85.5762608,42.9168713],[-85.5761545,42.91684910000001],[-85.57603711383342,42.91682043593607],[-85.57600982193532,42.916553425172395],[-85.57589160617702,42.91648866253006],[-85.57577339041873,42.91642389988771],[-85.57565517466044,42.91635913724537],[-85.57553695890216,42.91629437460303],[-85.57541874314387,42.91622961196069],[-85.57533024205246,42.91614636632676],[-85.57526347793696,42.9160495999509],[-85.57519671382146,42.91595283357505],[-85.57487082975283,42.91584950712113],[-85.5748653,42.915824900000004],[-85.5748544,42.9158037],[-85.5748398,42.9157839],[-85.5748199,42.91576599999999],[-85.5747883,42.9157273],[-85.5747675,42.915698400000004],[-85.574758,42.915670199999994],[-85.5747527,42.9156375],[-85.5747502,42.9155851],[-85.5747347,42.9153408],[-85.5747178,42.9150219],[-85.5746883,42.9145916],[-85.5746862,42.9145015],[-85.5746883,42.9144588],[-85.574693,42.9144161],[-85.5747026,42.9143759],[-85.5747243,42.9143191],[-85.5747544,42.9142643],[-85.5747866,42.91421290000001],[-85.574832,42.9141468],[-85.5748498,42.9141105],[-85.5748972,42.9139779],[-85.5749675,42.9138715],[-85.5749871,42.9138416],[-85.5750483,42.9137483],[-85.5750814,42.91369],[-85.5751053,42.913633700000005],[-85.5751171,42.913593],[-85.5751288,42.913537],[-85.5751379,42.9134791],[-85.5751368,42.913425999999994],[-85.5751187,42.91324409999999],[-85.5751102,42.9130613],[-85.57509529539497,42.91278019914919],[-85.57489582476727,42.912527296820926],[-85.5747435,42.9125275],[-85.5742929,42.91252829999999],[-85.5738637,42.91252899999999],[-85.5736451,42.9125294],[-85.5733646,42.9125285],[-85.5732704,42.91253],[-85.5731633,42.9125302],[-85.5729061,42.9125306],[-85.5727531,42.9125309],[-85.572095,42.912532],[-85.5717993,42.9125328],[-85.5714512,42.9125337],[-85.5713014,42.9125341],[-85.5711301,42.9125345],[-85.5710746,42.9125347],[-85.5708056,42.9125354],[-85.5706912,42.9125357],[-85.5702133,42.91253979999999],[-85.5699263,42.9125419],[-85.5695648,42.9125445],[-85.56936631360361,42.912543742096915],[-85.56923521413123,42.91228405455311],[-85.56910262145176,42.91223677193444],[-85.5689700287723,42.91218948931576],[-85.56883743609283,42.912142206697084],[-85.56862243016273,42.91208102390574],[-85.5686205,42.9120347],[-85.568618,42.9119857],[-85.5686036,42.9117053],[-85.568596,42.9115549],[-85.5685928,42.9114917],[-85.568588,42.911397199999996],[-85.568586,42.9113734],[-85.5685784699573,42.91121545128171],[-85.56855507538555,42.911122430946065],[-85.56845386032995,42.911043561149164],[-85.56835264527435,42.910964691352255],[-85.56825143021875,42.910885821555354],[-85.56815021516316,42.91080695175844],[-85.56804900010755,42.91072808196153],[-85.56794778505196,42.91064921216463],[-85.56784372338431,42.9106017498534],[-85.5677939,42.91060130000001],[-85.567465,42.910593600000006],[-85.567354,42.910592],[-85.567166,42.910569],[-85.567024,42.91054100000001],[-85.566861,42.910495],[-85.5668074,42.9104759],[-85.5667128,42.9104421],[-85.566623,42.91041],[-85.566368,42.910286],[-85.56620910642278,42.91022961840808],[-85.56594409958878,42.91039940730068],[-85.56579765981911,42.91038770291299],[-85.56565122004945,42.9103759985253],[-85.5655047802798,42.910364294137615],[-85.56535834051013,42.91035258974993],[-85.56521185922821,42.91034117564138],[-85.56506532625129,42.910330123015946],[-85.56491591067795,42.91009729047241],[-85.5630873,42.9101102],[-85.562401,42.910115],[-85.5615455222249,42.910115]]}},{"type":"Feature","properties":{"routeId":"28","color":"#B41D8D","dir":"Westbound","trips":91,"dests":"Fairlanes"},"geometry":{"type":"LineString","coordinates":[[-85.58739760609545,42.91348788719823],[-85.5875392121909,42.913517774396475],[-85.58768081828636,42.91354766159471],[-85.58782341436812,42.913572495411195],[-85.58797070821579,42.91357334949696],[-85.58811800206348,42.91357420358272],[-85.58826529591116,42.91357505766848],[-85.58841258975885,42.91357591175424],[-85.58855988360652,42.913576765840006],[-85.5887071774542,42.91357761992577],[-85.58885447130189,42.91357847401153],[-85.58900176514956,42.91357932809729],[-85.58914905899725,42.91358018218306],[-85.58929633201149,42.913578207945726],[-85.58944360459567,42.913576175324316],[-85.58959087717986,42.91357414270289],[-85.58973814976405,42.913572110081475],[-85.58988542234822,42.913570077460065],[-85.5900326949324,42.91356804483865],[-85.59017996751659,42.91356601221724],[-85.59032724010076,42.91356397959582],[-85.59047451268495,42.9135619469744],[-85.59062142435431,42.91355540268545],[-85.59076800076214,42.913544667411564],[-85.59091457716995,42.91353393213768],[-85.59106115357777,42.91352319686381],[-85.5912077299856,42.91351246158992],[-85.59135430639341,42.913501726316035],[-85.59150088280123,42.91349099104216],[-85.59164745920906,42.91348025576827],[-85.59179403561689,42.91346952049439],[-85.59187034436715,42.913381623510034],[-85.59193936154588,42.913285719568414],[-85.59200837872461,42.91318981562678],[-85.59207739590336,42.91309391168515],[-85.59214641308209,42.91299800774353],[-85.59221543026082,42.912902103801905],[-85.59228444743957,42.91280619986028],[-85.5923534646183,42.91271029591866],[-85.59247791645008,42.9125382780652],[-85.5925418,42.912539],[-85.5926897,42.9125407],[-85.5927659,42.9125411],[-85.5928421,42.9125415],[-85.5931222,42.9125459],[-85.5932678,42.9125474],[-85.5933195,42.912548],[-85.5939928,42.9125557],[-85.5944088,42.9125604],[-85.5949705,42.9125679],[-85.5951173,42.9125685],[-85.5959417,42.9125746],[-85.5960574,42.91257569999999],[-85.5961695,42.9125768],[-85.5965905,42.9125798],[-85.5969099,42.9125821],[-85.5971699,42.912584],[-85.5976629,42.9125875],[-85.5978488,42.9125888],[-85.598397,42.9125926],[-85.5985033,42.9125933],[-85.5986,42.912594],[-85.5990591,42.9125964],[-85.5991811,42.9125971],[-85.5993556,42.912598],[-85.59954,42.912599],[-85.5998845,42.9126007],[-85.6004429,42.9126035],[-85.6010518,42.9126065],[-85.6013856,42.9126082],[-85.6016918,42.9126098],[-85.601737,42.91261],[-85.6021268,42.9126118],[-85.6021625,42.91261200000001],[-85.6023728,42.91261299999999],[-85.6026263,42.9126141],[-85.6027789,42.9126148],[-85.6035064,42.91261819999999],[-85.6039309,42.9126174],[-85.6040973,42.9126209],[-85.6044536,42.9126226],[-85.6047917,42.9126265],[-85.6051399,42.9126258],[-85.605393,42.912627],[-85.6057859,42.9126279],[-85.6061999,42.9126289],[-85.606244,42.912629],[-85.6063181,42.9126285],[-85.6070847,42.9126321],[-85.6073073,42.9126331],[-85.6074024,42.9126335],[-85.6080239,42.9126364],[-85.608156,42.912637],[-85.6082953,42.9126368],[-85.6088117,42.9126359],[-85.6089752,42.9126356],[-85.6093769,42.9126349],[-85.6095655,42.9126345],[-85.6096657,42.9126343],[-85.610397,42.912633],[-85.6132679,42.9126345],[-85.6135649,42.9126347],[-85.6157775,42.9126359],[-85.615935,42.91263599999999],[-85.6159839,42.9126363],[-85.616062,42.91263669999999],[-85.6164844,42.9126389],[-85.616696,42.91264],[-85.61686,42.9126393],[-85.6174697,42.9126366],[-85.6180692,42.912634],[-85.618524,42.912632],[-85.619555,42.912633],[-85.620574,42.912633],[-85.6221921,42.912633],[-85.623286,42.912633],[-85.6236039,42.9126331],[-85.6239104,42.9126333],[-85.6251521,42.9126338],[-85.6253692,42.9126339],[-85.6261098,42.9126343],[-85.62745564341243,42.912635134137794],[-85.62758015832806,42.912407791704496],[-85.62770448026379,42.91234956978172],[-85.62782880219952,42.91229134785894],[-85.62795312413525,42.912233125936154],[-85.62786605348683,42.91215725944655],[-85.6278006,42.9119586],[-85.6277791,42.9118878],[-85.6277658,42.911842],[-85.6277111,42.9116537],[-85.62798978286496,42.91148499781021],[-85.62768150650645,42.911551901066375],[-85.6277111,42.9116537],[-85.6277658,42.911842],[-85.6277791,42.9118878],[-85.6278006,42.9119586],[-85.6278974,42.9122524],[-85.6279833672999,42.91247532762553],[-85.62817944540353,42.912635503256446],[-85.6282599,42.9126358],[-85.6292786,42.9126456],[-85.6297669,42.912650299999996],[-85.6302497,42.9126546],[-85.631171,42.9126628],[-85.6315635,42.9126662],[-85.6317896,42.9126682],[-85.6323493,42.9126732],[-85.6331798,42.9126806],[-85.634355,42.912691],[-85.6346319,42.9126926],[-85.6348559,42.9126939],[-85.6350919,42.9126952],[-85.6352204,42.9126959],[-85.6356219,42.9126982],[-85.635928,42.9127],[-85.6365826,42.9127067],[-85.6373815,42.91271480000001],[-85.6379097,42.9127202],[-85.6380155,42.9127255],[-85.6384998,42.91272560000001],[-85.6390574,42.9127305],[-85.639229,42.912732],[-85.6394278,42.9127355],[-85.6408315,42.912745799999996],[-85.641891,42.912755],[-85.642123,42.912757],[-85.6422131,42.9127579],[-85.6426742,42.9127623],[-85.6428612,42.912764],[-85.6432645,42.9127677],[-85.6433362,42.91276839999999],[-85.6435855,42.9127672],[-85.6440135,42.91277469999999],[-85.6445379,42.91277960000001],[-85.6446888,42.91278100000001],[-85.6447798,42.9127818],[-85.6452256,42.91278590000001],[-85.6454078,42.912787599999994],[-85.6455998,42.9127894],[-85.6458043,42.9127913],[-85.6458712,42.9127919],[-85.6460987,42.912794],[-85.646137,42.9127944],[-85.6463329,42.9127962],[-85.646523,42.912798],[-85.6465517,42.912798],[-85.6467798,42.912798],[-85.6469185,42.912798],[-85.647083,42.912798],[-85.6472619,42.9127987],[-85.6474747,42.9127995],[-85.6482192,42.9128022],[-85.648407,42.9128029],[-85.6492922,42.9128063],[-85.6496868,42.9128077],[-85.6497158,42.9128082],[-85.6506666,42.9128114],[-85.6510402,42.9128131],[-85.651227,42.91281649999999],[-85.651288,42.9128176],[-85.651314,42.9128177],[-85.6517472,42.9128188],[-85.6520736,42.9128196],[-85.6522339,42.9128178],[-85.6529665,42.91282180000001],[-85.6530341,42.912822],[-85.65383,42.912824],[-85.6538866,42.912824199999996],[-85.6542386,42.9128257],[-85.6551478,42.9128295],[-85.6552257,42.9128298],[-85.6555726,42.9128313],[-85.6556854,42.9128318],[-85.6561773,42.912839500000004],[-85.6562331,42.912839],[-85.6564491,42.9128351],[-85.656764,42.912836399999996],[-85.65691,42.912837],[-85.6570797,42.912839500000004],[-85.6575365,42.9128463],[-85.6579326,42.91285210000001],[-85.6581013,42.9128543],[-85.6581625,42.9128555],[-85.6583645,42.9128585],[-85.6584475,42.91285969999999],[-85.6587358,42.912864],[-85.6589225,42.912866699999995],[-85.6594424,42.9128744],[-85.6597876,42.9128795],[-85.6602591,42.9128865],[-85.660361,42.91288800000001],[-85.6607223,42.9128938],[-85.6609887,42.912899800000005],[-85.6610913,42.9129021],[-85.6615258,42.9129066],[-85.6619702,42.91291369999999],[-85.6622961,42.9129189],[-85.6626332,42.9129243],[-85.6633777,42.9129362],[-85.6635604,42.9129391],[-85.663678,42.912941],[-85.664301,42.912957],[-85.6648047,42.912980299999994],[-85.664884,42.912984],[-85.6649682,42.9129907],[-85.6657665,42.9130546],[-85.66586632384276,42.91306256352346],[-85.66600579540624,42.91307319931481],[-85.6662069,42.9130759],[-85.6664776,42.9130796],[-85.6665276,42.9130802],[-85.6668223,42.9130842],[-85.6668807,42.913085],[-85.6670959,42.9130879],[-85.667179,42.91308899999999],[-85.667395,42.913094],[-85.6677993,42.9131034],[-85.667997,42.913108],[-85.6682711,42.9131121],[-85.6685454,42.913116200000005],[-85.6687709,42.9131196],[-85.6689565,42.9131224],[-85.6691256,42.91312489999999],[-85.6695503,42.9131313],[-85.6696735,42.9131332],[-85.6697534,42.9131344],[-85.669795,42.91313499999999],[-85.6699574,42.91313569999999],[-85.6703693,42.9131441],[-85.6706931,42.9131492],[-85.670909,42.9131526],[-85.6711682,42.9131501],[-85.6715471,42.9131464],[-85.671609,42.913148],[-85.6717707,42.9131522],[-85.6718031,42.913153],[-85.6719646,42.9131571],[-85.6721096,42.91316079999999],[-85.6756308,42.9132509],[-85.6762681,42.9132541],[-85.6765935,42.91325659999999],[-85.6767793,42.9132573],[-85.6773361,42.9132574],[-85.6773848,42.9132593],[-85.6779126,42.9132592],[-85.6779411,42.9132604],[-85.6791071,42.913276],[-85.679203,42.9132783],[-85.6792335,42.913279],[-85.6794155,42.9132788],[-85.6797501,42.9132783],[-85.679908,42.913278],[-85.680083,42.913278],[-85.6803219,42.9132802],[-85.6806499,42.9132832],[-85.680733,42.913284],[-85.6812308,42.913290800000006],[-85.681971,42.913301],[-85.6824839,42.9133114],[-85.6827032,42.91331590000001],[-85.683214,42.9133261],[-85.68362,42.9133287],[-85.6839211,42.9133306],[-85.684446,42.91333399999999],[-85.6848522,42.91334100000001],[-85.6854177,42.9133508],[-85.685659,42.913355],[-85.6858948,42.9133566],[-85.6861575,42.91335839999999],[-85.6864702,42.913360499999996],[-85.68687,42.913363],[-85.6871696,42.9133639],[-85.6872727,42.9133642],[-85.6874015,42.9133646],[-85.687489,42.9133648],[-85.6879762,42.9133662],[-85.688246,42.913367],[-85.6887659,42.91337],[-85.6894355,42.9133739],[-85.689616,42.913375],[-85.6897522,42.91337579999999],[-85.6902308,42.913378599999994],[-85.6911386,42.9133879],[-85.6912746,42.9133868],[-85.6914831,42.9133851],[-85.6918362,42.913383499999995],[-85.6920793,42.913386300000006],[-85.6921592,42.9133872],[-85.692405,42.91338799999999],[-85.6924829,42.9133886],[-85.6928874,42.9133919],[-85.6931287,42.9133939],[-85.693631,42.913398],[-85.6936576,42.913398],[-85.6939514,42.9133983],[-85.6941714,42.9133986],[-85.6944115,42.9133988],[-85.6946517,42.9133991],[-85.6953242,42.913404],[-85.695454,42.913405],[-85.6956176,42.9134056],[-85.6959521,42.9134069],[-85.6961832,42.9134077],[-85.6963579,42.9134055],[-85.6964358,42.9134087],[-85.6966445,42.9134074],[-85.6970443,42.913411],[-85.6971188,42.9134113],[-85.6973397,42.9134122],[-85.6975188,42.91341280000001],[-85.6978328,42.913414],[-85.6981882,42.9134153],[-85.698324,42.9134158],[-85.698511,42.9134172],[-85.6987123,42.913417300000006],[-85.6990169,42.9134184],[-85.69944,42.9134263],[-85.700024,42.913427],[-85.7001986,42.913429],[-85.7005588,42.9134332],[-85.7011214,42.9134397],[-85.701575,42.913445],[-85.70162,42.9134491],[-85.7017839,42.9134499],[-85.7018242,42.9134501],[-85.7025401,42.9134646],[-85.703004,42.913474],[-85.7032255,42.91347789999999],[-85.7036106,42.9134848],[-85.7040928,42.9134933],[-85.7043934,42.9135002],[-85.7047037,42.9135041],[-85.7051185,42.9135115],[-85.70526,42.913514],[-85.7054029,42.913517],[-85.7062311,42.9135346],[-85.7066186,42.9135408],[-85.70682,42.91354479999999],[-85.7071887,42.9135521],[-85.708048,42.913569],[-85.7084878,42.9135751],[-85.7086239,42.913577],[-85.708985,42.913582],[-85.7092923,42.9135892],[-85.7094579,42.9135913],[-85.709688,42.9135958],[-85.709934,42.913600599999995],[-85.7100281,42.9136024],[-85.7102085,42.913606],[-85.7104564,42.9136108],[-85.7105375,42.9136124],[-85.7109024,42.9136196],[-85.7110901,42.9136233],[-85.7114295,42.9136299],[-85.711587,42.913633000000004],[-85.7117211,42.9136352],[-85.7120856,42.9136415],[-85.7122703,42.913644500000004],[-85.713039,42.913659],[-85.714391,42.913687],[-85.715037,42.913697],[-85.7156336,42.913712100000005],[-85.715743,42.9137161],[-85.716259,42.91373],[-85.7170007,42.9137483],[-85.717152,42.913752],[-85.7176473,42.9137643],[-85.7177341,42.9137664],[-85.7184147,42.913783],[-85.719237,42.9138075],[-85.7194601,42.9138141],[-85.7197602,42.9138243],[-85.719932,42.913828],[-85.7200121,42.9138303],[-85.7203217,42.9138394],[-85.7204864,42.91384420000001],[-85.7207487,42.9138519],[-85.7214,42.91387099999999],[-85.7223091,42.91389469999999],[-85.722473,42.913899],[-85.7227423,42.913905500000006],[-85.7230932,42.9139141],[-85.7233587,42.913920499999996],[-85.7234802,42.9139235],[-85.723625,42.913927],[-85.7238331,42.9139305],[-85.7240412,42.913934],[-85.7246742,42.9139445],[-85.7248343,42.9139472],[-85.7249927,42.9139461],[-85.7254308,42.91394309999999],[-85.72561,42.91394209999999],[-85.7257339,42.913941],[-85.7259413,42.9139396],[-85.7262041,42.9139378],[-85.7263467,42.9139368],[-85.7266275,42.9139323],[-85.7267169,42.9139318],[-85.7269302,42.9139276],[-85.7272437,42.913921],[-85.7273592,42.9139187],[-85.7275937,42.9139139],[-85.7276883,42.913912],[-85.7278694,42.9139084],[-85.7285754,42.9138944],[-85.7289736,42.9138829],[-85.7292307,42.9138755],[-85.7293953,42.9138708],[-85.729735,42.913861],[-85.7302816,42.9138505],[-85.730362,42.913849],[-85.7308232,42.913838600000005],[-85.7313338,42.913827100000006],[-85.731783,42.913816999999995],[-85.7319446,42.9138136],[-85.732254,42.913807],[-85.7326813,42.913798],[-85.7329478,42.9137923],[-85.7336197,42.9137781],[-85.7345972,42.9137573],[-85.7346354,42.9137565],[-85.73466,42.91375599999999],[-85.7352496,42.9137427],[-85.7354918,42.9137373],[-85.7361007,42.9137237],[-85.7361733,42.9137223],[-85.7367349,42.9137095],[-85.7368631,42.9137065],[-85.7369129,42.9137054],[-85.737501,42.9136922],[-85.737556,42.913691],[-85.7379599,42.9136861],[-85.738372,42.913681],[-85.7384913,42.9136786],[-85.7391472,42.9136655],[-85.7397324,42.913654],[-85.7401518,42.9136455],[-85.7407114,42.9136341],[-85.7412072,42.9136241],[-85.7413389,42.9136214],[-85.7418626,42.91361070000001],[-85.7422465,42.9136029],[-85.7423446,42.9136009],[-85.7428407,42.9135908],[-85.7432518,42.9135825],[-85.7438711,42.9135691],[-85.744034,42.913566],[-85.7442482,42.9135652],[-85.7448463,42.91356300000001],[-85.7450155,42.9135624],[-85.7453555,42.913561200000004],[-85.7454994437468,42.91356068128379],[-85.74564279963681,42.91380764265973],[-85.7457847100718,42.91383673523496],[-85.7459266205068,42.9138658278102],[-85.74606853094178,42.913894920385424],[-85.74621044137679,42.91392401296066],[-85.74634933213072,42.91395982211969],[-85.74648673652041,42.91399893735309],[-85.7466241409101,42.91403805258649],[-85.74676154529978,42.91407716781988],[-85.74689818427883,42.9143117363534],[-85.7472572,42.9143125],[-85.74744840489824,42.91431291967713],[-85.74758080450349,42.914318950787916],[-85.74786412540841,42.91431627508247],[-85.7479548,42.914439],[-85.7481237,42.9145973],[-85.7484566,42.914829],[-85.74849569499527,42.91485677526474],[-85.74888045742729,42.91494207873777],[-85.7495852,42.914386400000005],[-85.750112,42.913952],[-85.750374,42.913753],[-85.75046274858099,42.91369399080241],[-85.75072824125458,42.91357967421447],[-85.7514786,42.91358209999999],[-85.75163792406191,42.91358111157652],[-85.75176553361283,42.91333904302363],[-85.75189532167553,42.913287707412884],[-85.75202697266748,42.91323903962977],[-85.75215908927463,42.91319103863586],[-85.75229120588179,42.91314303764194],[-85.75242332248895,42.91309503664802],[-85.75255543909611,42.9130470356541],[-85.75268755570326,42.91299903466019],[-85.75281967231042,42.91295103366627],[-85.75295178891757,42.912903032672354],[-85.75308390552475,42.91285503167844],[-85.7532159233236,42.91280688376836],[-85.75334775768114,42.91275846310293],[-85.75347959203867,42.912710042437496],[-85.7536114263962,42.91266162177205],[-85.75364566659565,42.91239895897043],[-85.753694,42.912387],[-85.7541036,42.9122826],[-85.7545636,42.9121655],[-85.754793,42.91210699999999],[-85.756005,42.911801],[-85.7565204,42.9116727],[-85.757122,42.91152300000001],[-85.757404,42.911452],[-85.75829,42.911219],[-85.7591636,42.9109444],[-85.759842,42.910726000000004],[-85.7601867,42.9106081],[-85.7609899,42.9103336],[-85.761545,42.9101438],[-85.7618756,42.9100286],[-85.7625849,42.9097858],[-85.7629935,42.9096389],[-85.7630243,42.9096282],[-85.763088,42.909606000000004],[-85.7632326,42.909558600000004],[-85.7637798,42.9093791],[-85.7641892,42.9092449],[-85.764311,42.909205],[-85.7646753,42.9090794],[-85.7649753,42.90897600000001],[-85.7651081,42.9089302],[-85.7653107,42.9088604],[-85.7654627,42.90880800000001],[-85.766098,42.9085844],[-85.7662283,42.90853859999999],[-85.766696,42.908374],[-85.7668236,42.9083303],[-85.7669648,42.9082819],[-85.767092,42.9082383],[-85.7675328,42.9080874],[-85.7678068,42.907993600000005],[-85.767896,42.907963],[-85.7680358,42.9079156],[-85.7686125,42.9077198],[-85.7687486,42.9076736],[-85.7690091,42.90758520000001],[-85.7692082,42.9075177],[-85.7695252,42.9074122],[-85.7699667,42.9072654],[-85.77047,42.90709799999999],[-85.7708318,42.9069752],[-85.7710005,42.90691790000001],[-85.7711939,42.9068522],[-85.7713079,42.9068135],[-85.771763,42.906659],[-85.7718442,42.9066318],[-85.77200715826193,42.906577220054565],[-85.77234743052135,42.90645516806917],[-85.7723391,42.9063406],[-85.772296,42.90575],[-85.772292,42.905344],[-85.7722456,42.9041405],[-85.772237,42.90390880000001],[-85.7722292,42.9037628],[-85.7722177,42.9034921],[-85.772215,42.9034088],[-85.7721987,42.9026214],[-85.7721925,42.9023242],[-85.772191,42.902249999999995],[-85.7722143,42.9014427],[-85.772239,42.90058500000001],[-85.77224560798979,42.89988927307444],[-85.77257742673315,42.89978866980023],[-85.77262763797218,42.899686613738],[-85.77274803396472,42.899431412176206],[-85.7730086,42.8994409],[-85.7740465,42.8994787],[-85.7744933,42.8994949],[-85.77538698321553,42.89952743491946]]}},{"type":"Feature","properties":{"routeId":"14","color":"#39B54A","dir":"Westbound","trips":85,"dests":"Central Station"},"geometry":{"type":"LineString","coordinates":[[-85.62514541055342,42.981270917202416],[-85.6251457,42.9813235],[-85.6251478,42.981716299999995],[-85.6251481,42.9817843],[-85.6251487,42.9819192],[-85.6251545,42.9831836],[-85.6251587,42.98377],[-85.6251602,42.983819700000005],[-85.6251601,42.9838658],[-85.62515974936713,42.984199602488474],[-85.62532203353454,42.98443656085396],[-85.6256778,42.984437899999996],[-85.6257608,42.9844382],[-85.6258139,42.9844384],[-85.6259581,42.9844389],[-85.6262031,42.9844398],[-85.6266391,42.98444140000001],[-85.627126,42.9844432],[-85.6274957,42.9844446],[-85.6276956,42.9844453],[-85.6277252,42.9844453],[-85.6286852,42.9844438],[-85.628862,42.9844437],[-85.6289182,42.9844438],[-85.6291837,42.9844441],[-85.6294253,42.9844445],[-85.62979822096989,42.98444428410596],[-85.62993834902574,42.98419096025041],[-85.63005851639812,42.9841360489676],[-85.6300595,42.9840647],[-85.6300629,42.98381520000001],[-85.6300472,42.9830089],[-85.6300435,42.9828169],[-85.630038,42.9825368],[-85.6300406,42.98234179999999],[-85.6300495,42.981675],[-85.63006,42.9808917],[-85.6300605,42.9808539],[-85.6300386,42.9807014],[-85.6300309,42.9800209],[-85.6300313,42.979458],[-85.6300314,42.9793914],[-85.6300315,42.9792323],[-85.6300319,42.9785566],[-85.630032,42.978422],[-85.6300319,42.9776749],[-85.630032,42.9776135],[-85.6300315,42.9775378],[-85.630027,42.9769531],[-85.6300265,42.9768034],[-85.6300263,42.9763605],[-85.63002679374162,42.97599572369498],[-85.63002484460428,42.975887091570875],[-85.6300226,42.9757677],[-85.6300263,42.9756121],[-85.63002222207476,42.97556065110758],[-85.62989250167752,42.97553280244413],[-85.62974537229618,42.97553800155235],[-85.62959824291487,42.97554320066057],[-85.62930652000612,42.97536841656364],[-85.6284843,42.9757272],[-85.6275765,42.9761261],[-85.62567339740795,42.97695814332387],[-85.62518488020244,42.976910443578596],[-85.6251637,42.9761812],[-85.6251627,42.9759586],[-85.625161,42.9755572],[-85.6251606,42.975507500000006],[-85.6251584,42.97523809999999],[-85.6251568,42.9750327],[-85.6251562,42.9749587],[-85.62515495817108,42.97480649834306],[-85.6248130279724,42.974708916473574],[-85.62475207401721,42.97461008940307],[-85.62469112006204,42.974511262332584],[-85.62463016610685,42.97441243526208],[-85.62455973679636,42.974311421690544],[-85.6241663,42.9743117],[-85.6235774,42.97431219999999],[-85.6234634,42.9743123],[-85.6232513,42.9743124],[-85.6228115,42.9743127],[-85.6227115,42.9743128],[-85.6225868,42.97431050000001],[-85.62253434025183,42.97431149506351],[-85.6224056700026,42.97456472690653],[-85.62226960873618,42.97460631419989],[-85.62192203618038,42.97451620804373],[-85.621714,42.9746982],[-85.621608,42.974791],[-85.6215639,42.9748146],[-85.62138,42.97491300000001],[-85.621158,42.974988],[-85.620967,42.975037],[-85.6206217,42.9750906],[-85.6205031,42.9751049],[-85.6204735,42.9751086],[-85.6201983,42.97514090000001],[-85.620144,42.9751464],[-85.6196776,42.9751888],[-85.6194881,42.975206400000005],[-85.6190714,42.9752309],[-85.6187613,42.9752426],[-85.6182821,42.9752578],[-85.6178888,42.9752578],[-85.617748,42.9752574],[-85.6174471,42.97525000000001],[-85.6165409,42.97521439999999],[-85.6163325,42.9752047],[-85.6155077,42.9751684],[-85.6154682,42.9751666],[-85.615021,42.9751439],[-85.6146731,42.9751289],[-85.6143218,42.9751132],[-85.6138261,42.9750911],[-85.6136854,42.9750848],[-85.6133664,42.9750706],[-85.6130828,42.9750563],[-85.6130368,42.9750549],[-85.6126946,42.9750324],[-85.6126358,42.9750269],[-85.61241,42.9750042],[-85.6123481,42.9749956],[-85.612187,42.9749732],[-85.612,42.9749448],[-85.611397,42.97484540000001],[-85.61064380482037,42.974720139381674],[-85.61044093300808,42.974469372264956],[-85.61044,42.9742942],[-85.6104392,42.974143899999994],[-85.6104383,42.9739609],[-85.6104363,42.9735728],[-85.6104347,42.9732726],[-85.6104335,42.9730324],[-85.6104268,42.9726163],[-85.6104146,42.9718571],[-85.610411,42.971299],[-85.6104156,42.9704517],[-85.6104133425566,42.97024272523949],[-85.61058666727332,42.96999351239508],[-85.611667,42.969988],[-85.6128461,42.969979],[-85.6129372,42.969979],[-85.614055,42.969979],[-85.615274,42.969969],[-85.6171929726103,42.96996034179708],[-85.61730067607823,42.9699256268182],[-85.61738027252972,42.96983428352418],[-85.61771077591072,42.9697421389968],[-85.6177071,42.9691169],[-85.6177035,42.96880910000001],[-85.6177035,42.9685102],[-85.6176977,42.9683193],[-85.6176931,42.96776330000001],[-85.61768,42.966818],[-85.6176767,42.9662116],[-85.6176755,42.965998600000006],[-85.617675,42.965902],[-85.6176748,42.965824000000005],[-85.6176714,42.9647701],[-85.617671,42.96463],[-85.61766532934163,42.96284752305381],[-85.61799565692098,42.96274422147148],[-85.6181129,42.9627443],[-85.619283,42.962745],[-85.620088,42.962751],[-85.6202267,42.962751],[-85.621106,42.962751],[-85.621867,42.96275],[-85.6219418,42.9627499],[-85.6224204,42.9627489],[-85.6231666,42.9627479],[-85.6239127,42.9627469],[-85.6244566,42.9627464],[-85.6246489,42.9627456],[-85.6248599,42.96274519999999],[-85.6249899,42.962745],[-85.6250253,42.9627447],[-85.6251201,42.962744],[-85.6257016,42.9627399],[-85.6262438,42.962736],[-85.6263753,42.962736],[-85.627468,42.962736],[-85.6286797,42.96273],[-85.629756,42.9627246],[-85.629874,42.96272400000001],[-85.631109,42.962718],[-85.63257,42.962716],[-85.6327163,42.9627157],[-85.6332045,42.9627148],[-85.633529,42.9627141],[-85.6336556,42.9627139],[-85.6337713,42.9627137],[-85.633874,42.9627126],[-85.6352374,42.96272],[-85.6353592,42.9627207],[-85.6354717,42.9627219],[-85.6355871,42.9627224],[-85.6358685,42.9627235],[-85.635965,42.96272400000001],[-85.6361018,42.9627245],[-85.6363302,42.9627239],[-85.636594,42.962727],[-85.6374622,42.9627226],[-85.63772,42.962726],[-85.6378274,42.96272569999999],[-85.638551,42.96272400000001],[-85.6386862,42.9627254],[-85.6390841,42.9627297],[-85.6392283,42.9627312],[-85.6392537,42.9627315],[-85.6395593,42.9627348],[-85.639669,42.962736],[-85.639784,42.9627368],[-85.640326,42.9627403],[-85.6404099,42.9627408],[-85.6406427,42.9627423],[-85.6408066,42.9627433],[-85.6409095,42.962744],[-85.6411996,42.962748700000006],[-85.6414735,42.9627524],[-85.641993,42.962759],[-85.6421401,42.9627578],[-85.6422793,42.96275669999999],[-85.642376,42.96275599999999],[-85.642477,42.96275599999999],[-85.6433952,42.9627644],[-85.6444148,42.9627737],[-85.644454,42.96277409999999],[-85.644556,42.962775],[-85.6446513,42.9627761],[-85.6446938,42.9627765],[-85.645175,42.962781],[-85.6454157,42.962782],[-85.6455872,42.962783200000004],[-85.6457521,42.9627844],[-85.6459275,42.96278530000001],[-85.6461406,42.9627864],[-85.6462401,42.9627869],[-85.646487,42.962789],[-85.6468365,42.9627941],[-85.6469572,42.962793],[-85.6470063,42.962792],[-85.6472275,42.962791],[-85.6473567,42.9627918],[-85.6474639,42.9627903],[-85.6489961,42.962812],[-85.6493331,42.9628127],[-85.649444,42.962814],[-85.65004,42.962825],[-85.6501198,42.9628266],[-85.651209,42.962849],[-85.6513284,42.9628519],[-85.6521975,42.9628728],[-85.6522895,42.962875],[-85.6528862,42.9628903],[-85.6533505,42.9629022],[-85.6541195,42.9629218],[-85.6543914,42.9629281],[-85.6544638,42.9629301],[-85.6549506,42.9629393],[-85.6551405,42.9629429],[-85.6553111,42.96294799999999],[-85.6555376,42.9629525],[-85.6558593,42.9629561],[-85.656731,42.9629759],[-85.6568374,42.9629783],[-85.6569521,42.962982],[-85.6578251,42.9630011],[-85.6580163,42.9630053],[-85.658535,42.9630166],[-85.6586813,42.963019],[-85.6592978,42.9630332],[-85.6594406,42.9630382],[-85.6595814,42.9630387],[-85.660161,42.9630514],[-85.6610409,42.9630692],[-85.661339,42.96307519999999],[-85.6616523,42.963081499999994],[-85.6617684,42.9630842],[-85.6618711,42.9630863],[-85.6625047,42.9631023],[-85.662651,42.9631049],[-85.6630531,42.9631144],[-85.6631197,42.96311600000001],[-85.6633692,42.9631281],[-85.6634175,42.9631321],[-85.663636,42.9631504],[-85.6637284,42.9631561],[-85.6637602,42.963158],[-85.6640912,42.9631632],[-85.6642126,42.9631656],[-85.6643414,42.9631696],[-85.6649082,42.9631837],[-85.6649995,42.9631851],[-85.6651173,42.9631873],[-85.6654196,42.9631931],[-85.6655152,42.9631945],[-85.6660057,42.9632037],[-85.6665901,42.9632162],[-85.6667287,42.9632192],[-85.6668557,42.96322],[-85.6669515,42.9632218],[-85.6677446,42.963219],[-85.66791600208406,42.96321871132176],[-85.6680068,42.96321850000001],[-85.668545,42.963221],[-85.6690832,42.9632234],[-85.6691879,42.9632239],[-85.6692282,42.9632241],[-85.6693664,42.9632258],[-85.6697538,42.9632307],[-85.6701797,42.963235],[-85.6702836,42.963236],[-85.6703911,42.9632382],[-85.6706618,42.963243899999995],[-85.6708114,42.963247],[-85.67084,42.9632472],[-85.6711061,42.9632489],[-85.6714393,42.9632511],[-85.6715252,42.9632509],[-85.67201666755489,42.96324976124528],[-85.67232583946424,42.96321521736164],[-85.6724104,42.9631604],[-85.6724205,42.9631417],[-85.6724050795603,42.96255024746203],[-85.67245131427713,42.96247204816618],[-85.6725665371446,42.96240441916544],[-85.67268176001208,42.96233679016469],[-85.67279698287955,42.962269161163945],[-85.67290642712945,42.96219661071402],[-85.67301378693469,42.9621222850145],[-85.67312114673993,42.962047959314994],[-85.67322850654517,42.961973633615486],[-85.6733358663504,42.96189930791598],[-85.67350938784077,42.9618018789298],[-85.6734806,42.9612223],[-85.6734804,42.9611828],[-85.6734795,42.9609822],[-85.673479,42.960878],[-85.67347364257056,42.9607230607053]]}},{"type":"Feature","properties":{"routeId":"6","color":"#F9CBDF","dir":"Southbound","trips":81,"dests":"Kentwood Station"},"geometry":{"type":"LineString","coordinates":[[-85.67236593919016,42.96095854823627],[-85.672383,42.961637],[-85.672396,42.962202],[-85.6724138057247,42.96288494038785],[-85.6721393655242,42.96299053441064],[-85.67199530209469,42.96301316082148],[-85.67185215307711,42.963250142433495],[-85.6715252,42.9632509],[-85.6714393,42.9632511],[-85.6711061,42.9632489],[-85.67084,42.9632472],[-85.6708114,42.963247],[-85.6706618,42.963243899999995],[-85.6703911,42.9632382],[-85.6702836,42.963236],[-85.6701797,42.963235],[-85.6697538,42.9632307],[-85.6693664,42.9632258],[-85.6692282,42.9632241],[-85.6691879,42.9632239],[-85.6690832,42.9632234],[-85.668545,42.963221],[-85.6683349981702,42.9632200245177],[-85.66825515909339,42.96330209730816],[-85.66820673194528,42.963404620598126],[-85.66789338531218,42.963515739300256],[-85.6679026,42.96367],[-85.667906,42.96372410000001],[-85.6679126,42.9638345],[-85.6679333,42.9642952],[-85.6679382,42.964379],[-85.66794,42.964439],[-85.66796979340417,42.96518662567103],[-85.6675841543098,42.96523831786636],[-85.66743363192403,42.965462001826516],[-85.667185,42.965456700000004],[-85.6670119,42.9654532],[-85.6665059,42.965443],[-85.6663975,42.9654424],[-85.6661135,42.9654345],[-85.6657298,42.9654311],[-85.6650498,42.965425],[-85.6649349,42.9654168],[-85.6648141,42.9654082],[-85.6636971,42.9653792],[-85.6634819,42.96537339999999],[-85.663419,42.965372],[-85.6625305,42.9653483],[-85.6619264,42.9653322],[-85.661805,42.965329],[-85.6617084,42.9653273],[-85.6611629,42.965318],[-85.660987,42.965315],[-85.6603216,42.96529639999999],[-85.660202,42.965293],[-85.660097,42.9652908],[-85.6591428,42.9652737],[-85.6585882,42.9652599],[-85.6582736,42.9652534],[-85.6578199,42.9652441],[-85.65737287258938,42.965234896494486],[-85.65725936186274,42.96498988953313],[-85.6571389336407,42.964927380202894],[-85.65701850541865,42.96486487087265],[-85.65688047207408,42.96477271224977],[-85.6568769,42.9646027],[-85.6568697,42.9642649],[-85.6568641,42.9639982],[-85.6568626,42.9639286],[-85.65685304860405,42.96347540452951],[-85.6566946367185,42.9633991563839],[-85.65657642292194,42.963334391796614],[-85.65645820912538,42.96326962720933],[-85.65633999532882,42.96320486262205],[-85.65622912480414,42.96296450028808],[-85.6558593,42.9629561],[-85.6555376,42.9629525],[-85.6553111,42.96294799999999],[-85.6551405,42.9629429],[-85.6549506,42.9629393],[-85.65455166383113,42.962931760532555],[-85.65429901693881,42.962895652414424],[-85.6541269,42.9628352],[-85.6536875,42.962659499999994],[-85.6525418,42.9622014],[-85.651372,42.9617407],[-85.651266,42.961698],[-85.6511463,42.9616523],[-85.6500077,42.9612169],[-85.6495145,42.96102830000001],[-85.649404,42.960986],[-85.6492979,42.9609598],[-85.6488291,42.9608439],[-85.6485749,42.9607811],[-85.648279,42.96070799999999],[-85.648119,42.960668],[-85.6475723,42.9605287],[-85.6473492,42.9604718],[-85.646601,42.9602981],[-85.6460702,42.9601697],[-85.6452109,42.9599546],[-85.6446074,42.9598219],[-85.6445147,42.9597959],[-85.6444185,42.9597698],[-85.6442785,42.9597364],[-85.6437769,42.9596142],[-85.6434375,42.9595262],[-85.6430371,42.9594098],[-85.6428632,42.9593613],[-85.6427512,42.9593257],[-85.642622,42.9592847],[-85.6424004,42.9592144],[-85.641789,42.959037],[-85.641167,42.9588494],[-85.6410047,42.9588028],[-85.6407053,42.9587166],[-85.6405836,42.9586805],[-85.640078,42.9585305],[-85.6398918,42.9584868],[-85.639716,42.9584445],[-85.6395244,42.9584079],[-85.6389662,42.9582874],[-85.6387461,42.95824669999999],[-85.6384742,42.958194],[-85.6376635,42.9580504],[-85.6374356,42.9580094],[-85.6373556,42.9579946],[-85.6364067,42.95782609999999],[-85.6362882,42.9578051],[-85.6361598,42.9577823],[-85.635943,42.957742499999995],[-85.6358664,42.95772860000001],[-85.6357978,42.9577156],[-85.6355849,42.9576717],[-85.6355592,42.9576664],[-85.635499,42.957654],[-85.635396,42.957626],[-85.6353034,42.95759],[-85.635197,42.9575486],[-85.6351016,42.9575025],[-85.6350407,42.957467199999996],[-85.6349738,42.957423],[-85.6348547,42.9573551],[-85.6348009,42.9573244],[-85.6343729,42.9570817],[-85.634234,42.9570029],[-85.6341382,42.95694660000001],[-85.6340106,42.9568712],[-85.6339192,42.9568185],[-85.6338243,42.9567595],[-85.633109,42.9563545],[-85.6328716,42.9562184],[-85.6328124,42.9561845],[-85.6327724,42.9561616],[-85.6326511,42.95609209999999],[-85.6321481,42.9558038],[-85.6317798,42.955588],[-85.63173388087054,42.95556106603279],[-85.63147371916737,42.955507699528674],[-85.631342,42.955509],[-85.6311353,42.955508],[-85.630318,42.955504],[-85.6298326,42.9555153],[-85.6293252,42.955519200000005],[-85.6292819,42.955519],[-85.6292025,42.9555191],[-85.6282302,42.9555205],[-85.6281186,42.9555209],[-85.627205,42.9555246],[-85.6271733,42.9555247],[-85.6271155,42.9555246],[-85.626512,42.9555237],[-85.6263995,42.9555235],[-85.6258187,42.9555222],[-85.625461,42.955513],[-85.62529,42.9555049],[-85.6250104,42.9554806],[-85.624898,42.95547],[-85.6247861,42.95544850000001],[-85.624612,42.955415],[-85.624269,42.95532],[-85.623931,42.95518400000001],[-85.6230404,42.9547563],[-85.622409,42.954453],[-85.621961,42.95422500000001],[-85.6217135,42.9540541],[-85.6215499,42.9539313],[-85.6212792,42.9537042],[-85.6209878,42.9534597],[-85.6209678,42.9534439],[-85.620738,42.9532651],[-85.6206468,42.9531941],[-85.620398,42.953014],[-85.6200642,42.952799000000006],[-85.619718,42.952634],[-85.6192586,42.9524385],[-85.619215,42.95242],[-85.6187389,42.9522502],[-85.6185653,42.952183],[-85.6175974,42.951808],[-85.617501,42.951773],[-85.6174016,42.9517317],[-85.6165179,42.9513647],[-85.6164188,42.9513236],[-85.6163242,42.951286],[-85.6160597,42.9511808],[-85.6157753,42.9510677],[-85.615456,42.9509407],[-85.6153656,42.95090470000001],[-85.6152407,42.9508582],[-85.6147604,42.9506718],[-85.6146441,42.9506267],[-85.6143287,42.9505043],[-85.6142437,42.95046910000001],[-85.614154,42.9504331],[-85.6129809,42.9499737],[-85.6125918,42.9498119],[-85.6122926,42.9496874],[-85.61219293524796,42.94959264574832],[-85.61182879713505,42.94951432106454],[-85.611818,42.9494173],[-85.6118025,42.9492779],[-85.6117576,42.9488753],[-85.61173,42.9486796],[-85.61166058610793,42.948476775545494],[-85.6116057389511,42.94836961519573],[-85.6115906,42.9483419],[-85.6115487,42.9482821],[-85.6114354,42.948145100000005],[-85.611131,42.947909],[-85.61075,42.947694],[-85.610499,42.947489],[-85.610313,42.947285],[-85.610248,42.947201],[-85.610158,42.947028],[-85.610144,42.946980499999995],[-85.6100921,42.9467757],[-85.6100766,42.9465406],[-85.6100658,42.94642639999999],[-85.61006458632222,42.94638201407028],[-85.61006270176942,42.946272585049776],[-85.6100625,42.9462378],[-85.6100645,42.9458837],[-85.610065,42.9457926],[-85.610033,42.944897],[-85.610023,42.944659],[-85.610011,42.944208],[-85.61,42.9438],[-85.6099766,42.94289319999999],[-85.609975,42.942833],[-85.6099665,42.9425128],[-85.6099514,42.9419411],[-85.609942,42.941586],[-85.609956,42.941456],[-85.6099625,42.9414298],[-85.6099766,42.9413731],[-85.609992,42.941311],[-85.610025,42.941218],[-85.6100516,42.9411152],[-85.610075,42.941025],[-85.6101048,42.940935800000005],[-85.610167,42.9406481],[-85.610189,42.94053],[-85.610197,42.940428],[-85.610195,42.939864],[-85.610128,42.938778],[-85.610117,42.938657],[-85.610067,42.937983],[-85.610047,42.937728],[-85.6099754,42.9368085],[-85.609968,42.936713],[-85.609949,42.936414],[-85.609896,42.935913],[-85.6098094,42.9348123],[-85.6097791,42.9344589],[-85.609772,42.93437],[-85.6097653,42.9342988],[-85.609639,42.93295],[-85.6096351,42.9328883],[-85.6096,42.9323377],[-85.6095559,42.9318542],[-85.6094869,42.9311115],[-85.6094793,42.9310391],[-85.6094737,42.930899],[-85.60947192484853,42.93087714344761],[-85.60946327447131,42.93076840747074],[-85.6094555,42.9306517],[-85.6094399,42.930426],[-85.6094275,42.930238],[-85.609389,42.92976540000001],[-85.609365,42.92949],[-85.6093584,42.9294147],[-85.6093538,42.929346],[-85.6093285,42.9290919],[-85.6093115,42.9289215],[-85.6093064,42.9288607],[-85.6092479,42.9281815],[-85.6092233,42.9277788],[-85.6092119,42.9276777],[-85.6092042,42.9276089],[-85.6091958,42.9275354],[-85.6091841843232,42.92741750088053],[-85.60901978370022,42.92714068372701],[-85.6089741,42.9271399],[-85.608633,42.92713440000001],[-85.6083444,42.9271339],[-85.6079778,42.9271273],[-85.6077654,42.9271235],[-85.6068107,42.927115],[-85.606398,42.927106],[-85.6055601,42.9270979],[-85.6044579,42.9270899],[-85.6041177,42.92708700000001],[-85.603515,42.927082],[-85.6030169,42.9270761],[-85.6026827,42.9270721],[-85.6022439,42.9270669],[-85.6013229,42.9270559],[-85.6008493,42.9270502],[-85.600078,42.927040999999996],[-85.5994133,42.9270325],[-85.599298,42.927031],[-85.598654,42.92702],[-85.598053,42.927016],[-85.597794,42.9270127],[-85.596812,42.927],[-85.596194,42.926995000000005],[-85.5961426,42.9269941],[-85.5954304,42.9269825],[-85.59496,42.92697299999999],[-85.594343,42.926967],[-85.59372,42.92696],[-85.593203,42.926953],[-85.592144,42.926943],[-85.5918393,42.9269395],[-85.591072,42.926925],[-85.5905815,42.926921099999994],[-85.590072,42.926917],[-85.589438,42.926922],[-85.5892117,42.926924],[-85.5890685,42.9269252],[-85.5889763,42.9269235],[-85.58759427012714,42.926920518535056],[-85.58746047714524,42.92668521211491],[-85.58732592502741,42.92664103828691],[-85.58722044993836,42.92658620252133],[-85.5872537979244,42.9264804632411],[-85.58728714591047,42.92637472396086],[-85.58732049389651,42.92626898468064],[-85.58735384188256,42.92616324540041],[-85.58738718986861,42.92605750612018],[-85.58716074403895,42.925868403037335],[-85.587236,42.925741],[-85.5873821,42.9255856],[-85.587456,42.925506999999996],[-85.58758,42.925376],[-85.58764662150382,42.92530233768006],[-85.58776502193385,42.92523732389852],[-85.58775140374762,42.9251292308594],[-85.58773778556139,42.92502113782027],[-85.58772416737516,42.92491304478115],[-85.58771054918894,42.92480495174204],[-85.58769693100272,42.924696858702916],[-85.5876833128165,42.92458876566379],[-85.58763982988883,42.92448517593044],[-85.58759474837414,42.9243818272481],[-85.58754966685946,42.92427847856575],[-85.58750458534477,42.92417512988341],[-85.58745950383009,42.924071781201064],[-85.5874144223154,42.92396843251873],[-85.5873458628097,42.92387289057289],[-85.58727055963723,42.92377959098372],[-85.58719525646477,42.923686291394546],[-85.5871199532923,42.92359299180538],[-85.58704465011984,42.92349969221621],[-85.58696934694737,42.92340639262704],[-85.5868940437749,42.92331309303787],[-85.58675990794501,42.92319874703453],[-85.586718,42.92319899999999],[-85.5864561,42.9232009],[-85.5860025,42.9232041],[-85.5857567,42.9232058],[-85.5852932,42.9232091],[-85.58499892909973,42.92320714736547],[-85.58490834312508,42.923117296812535],[-85.58482550239962,42.92302753402908],[-85.5844978808486,42.922948772808674],[-85.584472,42.922636],[-85.584394,42.922044],[-85.5842278,42.9212053],[-85.584116,42.920593],[-85.5840333,42.9201135],[-85.58399102304668,42.91986812227768],[-85.58397965611897,42.91975529150361],[-85.5839588,42.9194595],[-85.5839487,42.919292],[-85.5839353,42.9191456],[-85.5839178,42.9189588],[-85.5838975,42.9187487],[-85.5838647,42.9183985],[-85.5838356,42.9179851],[-85.5838282,42.917881],[-85.5838261,42.9178504],[-85.5837767,42.9171483],[-85.5837628,42.9169515],[-85.5837458,42.9167102],[-85.583726,42.916429],[-85.5837174,42.9163338],[-85.5837121,42.9162752],[-85.5837103,42.9162217],[-85.5837084,42.9161621],[-85.5836984,42.9159579],[-85.5836842,42.9157609],[-85.5836731,42.915628399999996],[-85.58367,42.915580999999996],[-85.5836339,42.9150737],[-85.5836236,42.9149291],[-85.5835956,42.914535900000004],[-85.5835897,42.9144534],[-85.583571,42.91419],[-85.5835144,42.9135631],[-85.5834771339869,42.91315001967918],[-85.58384026225151,42.91305880327005],[-85.58395069328063,42.912986963179534],[-85.58406112430976,42.91291512308902],[-85.58417155533888,42.912843282998494],[-85.58428198636801,42.91277144290798],[-85.58439241739713,42.91269960281746],[-85.58450284842625,42.91262776272695],[-85.58464742757596,42.91249897458129],[-85.5848076,42.91249869999999],[-85.5849389,42.9124985],[-85.585322,42.9124979],[-85.585858,42.91249700000001],[-85.586122,42.912496],[-85.58641754166142,42.91249977329481]]}},{"type":"Feature","properties":{"routeId":"10","color":"#FAA61A","dir":"Southbound","trips":80,"dests":"Pine Rest / Meijer - 54th St"},"geometry":{"type":"LineString","coordinates":[[-85.67432074859592,42.956559120363586],[-85.6743788,42.9564497],[-85.6744332,42.9563515],[-85.674536,42.956165999999996],[-85.6745482,42.9561484],[-85.674624,42.956039],[-85.6746674,42.955955499999995],[-85.674878,42.95555],[-85.6749504,42.9554198],[-85.675087,42.955174],[-85.675297,42.9547974],[-85.6754146,42.9545865],[-85.675528,42.954383],[-85.6755745,42.9543224],[-85.6755971,42.95428110000001],[-85.6758537,42.9538311],[-85.6759987,42.9535811],[-85.676034,42.9535163],[-85.6761061,42.9533839],[-85.6761342,42.9533323],[-85.6762163,42.9531836],[-85.6765979,42.95249900000001],[-85.6767617,42.95219229999999],[-85.676804,42.9521159],[-85.677308,42.951191],[-85.6773577,42.9511015],[-85.6777019,42.9504828],[-85.677748,42.950396],[-85.6778487,42.9502201],[-85.6778899,42.950149],[-85.678195,42.949599],[-85.67829159870071,42.94942808655878],[-85.6782345395921,42.94934442313836],[-85.67814259216591,42.949259612840876],[-85.6780506447397,42.94917480254339],[-85.6779586973135,42.94908999224591],[-85.67786674988729,42.94900518194842],[-85.67777480246109,42.948920371650935],[-85.67765993682595,42.94886792557372],[-85.6773187,42.9488628],[-85.6768867,42.9488542],[-85.6767422,42.9488513],[-85.6765207,42.94884689999999],[-85.6762992,42.9488425],[-85.6761856,42.94884029999999],[-85.676077,42.9488383],[-85.6758765,42.9488364],[-85.6754572936801,42.94883304148356],[-85.675366,42.948624],[-85.6756205,42.947905000000006],[-85.675725,42.94761],[-85.6758987,42.9470953],[-85.676028,42.946712],[-85.67635,42.945793],[-85.676617,42.945159],[-85.6772816,42.943752],[-85.677968,42.942299],[-85.6781776,42.94186280000001],[-85.6784373,42.941305199999995],[-85.67856077902128,42.941015686093955],[-85.67893519539479,42.94099639695341],[-85.6790273782115,42.94091172556121],[-85.67911902708192,42.9409106002093],[-85.67921012355558,42.94099590782919],[-85.67930122002923,42.94108121544908],[-85.67939231650287,42.94116652306897],[-85.67948341297652,42.94125183068885],[-85.67957450945016,42.94133713830874],[-85.67966560592383,42.94142244592863],[-85.67975670239747,42.94150775354852],[-85.67988394936052,42.941597339643934],[-85.6800297,42.9415999],[-85.6801078,42.9416013],[-85.680148,42.941602],[-85.6807707,42.9416116],[-85.681378,42.941619],[-85.682018,42.9416337],[-85.6823269,42.9416377],[-85.68237469353129,42.94163866861557],[-85.68270927940206,42.94156747060559],[-85.6828922,42.94124],[-85.683208,42.9406765],[-85.6834437,42.9402617],[-85.6836138,42.9399509],[-85.6836934,42.9398016],[-85.6839481,42.9393047],[-85.6840516,42.9391115],[-85.684297,42.938676],[-85.684408,42.938488],[-85.684617,42.938113],[-85.6847027,42.937971],[-85.684999,42.937444],[-85.6850903,42.9372919],[-85.685196,42.9370975],[-85.6852332,42.9370292],[-85.6852859,42.9369356],[-85.685302,42.936907],[-85.685373,42.936792],[-85.6854289,42.9367186],[-85.6855155,42.9366303],[-85.685713,42.936521],[-85.68601,42.9363773],[-85.686145,42.936312],[-85.686392,42.936206],[-85.686424,42.936192000000005],[-85.68636031636932,42.93592565676234],[-85.68664549302815,42.93582617890621],[-85.6866332,42.9355227],[-85.686609,42.935173],[-85.686563,42.9343035],[-85.68656,42.934247],[-85.686522,42.93336],[-85.6865118,42.933201700000005],[-85.6864856,42.9326869],[-85.6864702,42.9323606],[-85.6864497,42.9319937],[-85.6864349,42.9315901],[-85.686372,42.930182],[-85.6863199,42.9293983],[-85.686313,42.929295],[-85.6863088,42.9292133],[-85.6863012,42.92897849999999],[-85.6862722,42.92862240000001],[-85.6862651,42.9285352],[-85.6862477,42.9282873],[-85.6862292,42.9280482],[-85.686219,42.927917],[-85.6862163,42.9278103],[-85.6862095,42.9275472],[-85.6862072,42.9274598],[-85.6861999,42.9272075],[-85.686172,42.9261],[-85.686127,42.925082],[-85.68612,42.924616],[-85.686087,42.923814],[-85.686058,42.922915],[-85.686038,42.922453999999995],[-85.686018,42.9220952],[-85.686013,42.922006],[-85.6860009,42.9215714],[-85.6859975,42.9214475],[-85.6859911,42.9212202],[-85.685988,42.921107],[-85.685973,42.920635],[-85.685956,42.920188],[-85.6859319,42.9196386],[-85.6859182,42.9193275],[-85.6858881,42.9183746],[-85.6858593,42.9177755],[-85.6858315,42.9170793],[-85.6858282,42.9169987],[-85.6858243,42.9169186],[-85.685782,42.916136],[-85.6857297,42.91484499999999],[-85.6857194,42.9147213],[-85.6857045,42.9143848],[-85.685697,42.9141668],[-85.6856904,42.9140649],[-85.6856856,42.9139583],[-85.6856787,42.9138015],[-85.6856736,42.9136858],[-85.6856663,42.9135207],[-85.685659,42.913355],[-85.6856514,42.9131952],[-85.685638,42.9129111],[-85.6856309,42.9127619],[-85.6856202,42.9125341],[-85.6856023,42.9121571],[-85.6855928,42.9119463],[-85.6855885,42.911866],[-85.6855754,42.9117174],[-85.685561,42.911287],[-85.6855543,42.9111373],[-85.685523,42.910395],[-85.685493,42.909723],[-85.685479,42.90950600000001],[-85.685454,42.908875],[-85.685451,42.908703],[-85.685419,42.908028],[-85.685408,42.907909],[-85.685367,42.906977],[-85.6853542,42.9067533],[-85.6853478,42.9064687],[-85.6853414,42.9061841],[-85.6853393,42.9060886],[-85.6853876,42.9060098],[-85.6853992,42.90599089999999],[-85.6853775,42.905194300000005],[-85.6853542,42.904439],[-85.6853303,42.9040236],[-85.6852936,42.903248399999995],[-85.6852688,42.90245],[-85.6852271,42.9016315],[-85.6852262,42.9015507],[-85.6852044,42.900934],[-85.6851936,42.9006525],[-85.6851797,42.9001509],[-85.6851556,42.899744],[-85.6851395,42.899403299999996],[-85.6851314,42.8992394],[-85.6851255,42.899112699999996],[-85.6851171,42.8989303],[-85.6851119,42.8988183],[-85.6851105,42.898704599999995],[-85.6851051,42.8982496],[-85.6850996,42.8982096],[-85.6850928,42.8980486],[-85.6850667,42.897629],[-85.6850689,42.897533],[-85.6850564,42.8971034],[-85.6850396,42.8968167],[-85.6850261,42.8965257],[-85.6849944,42.8956244],[-85.6849802,42.8951717],[-85.6849681,42.894696],[-85.6849409,42.8937906],[-85.6849156,42.8929553],[-85.6849049,42.892578],[-85.6848902,42.8922399],[-85.6848692,42.89151759999999],[-85.6848394,42.890518199999995],[-85.6847931,42.889614599999994],[-85.6847797,42.8892791],[-85.6847534,42.88865729999999],[-85.6847302,42.88795240000001],[-85.6847173,42.88756239999999],[-85.6847105,42.887279],[-85.6847039,42.8870117],[-85.6846784,42.886468199999996],[-85.6846772,42.8864066],[-85.6846513,42.88601409999999],[-85.6846502,42.885975],[-85.6846498,42.8858288],[-85.6846441,42.8856614],[-85.6846164,42.8850855],[-85.6846132,42.8849986],[-85.6846108,42.884881],[-85.6846084,42.8847719],[-85.6846071,42.8846464],[-85.6846059,42.8846101],[-85.684597,42.8843929],[-85.6845986,42.8843072],[-85.684596,42.8841776],[-85.6845987,42.8841403],[-85.6845951,42.8840786],[-85.6845859,42.883846600000005],[-85.684575,42.88351140000001],[-85.6845741,42.88342769999999],[-85.6845531,42.8827377],[-85.6845365,42.8821223],[-85.6845355,42.882012],[-85.684528,42.8816843],[-85.6844978,42.88116230000001],[-85.6844931,42.8810286],[-85.6844825,42.88045869999999],[-85.6844806,42.8803445],[-85.6844499,42.8795891],[-85.6844382,42.8791709],[-85.6844352,42.8789114],[-85.6844076,42.8781652],[-85.6843871,42.8776314],[-85.6843819,42.8773166],[-85.6843631,42.8768434],[-85.6843439,42.8762297],[-85.6843284,42.8758741],[-85.6843139,42.8756514],[-85.6843117,42.8754252],[-85.6842774,42.874596],[-85.6842755,42.8745581],[-85.6842333,42.8735162],[-85.6842188,42.8730285],[-85.6842149,42.8729205],[-85.6841734,42.871838],[-85.6841527,42.87113490000001],[-85.6841293,42.8705988],[-85.684133,42.870538],[-85.6841388,42.8704783],[-85.6841828,42.8702603],[-85.6841944,42.8701878],[-85.684196,42.8701168],[-85.6841932,42.86979529999999],[-85.6841864,42.8695834],[-85.6841705,42.869087900000004],[-85.6841631,42.8687516],[-85.6841545,42.8684801],[-85.6841485,42.8683177],[-85.6841418,42.8682336],[-85.6841338,42.8681777],[-85.6841144,42.868079],[-85.6840431,42.8678153],[-85.6840195,42.8676631],[-85.6840172,42.867571000000005],[-85.6840121,42.8673397],[-85.6840075,42.8671468],[-85.6840034,42.8671021],[-85.6839941,42.8670446],[-85.6839646,42.8669645],[-85.6839498,42.86692909999999],[-85.6839344,42.8668957],[-85.6839216,42.866849],[-85.6839169,42.8667969],[-85.68391515193161,42.86674826256784],[-85.6839118,42.866655],[-85.6839055,42.8664816],[-85.6838966,42.8662334],[-85.68356518334336,42.86614122368873],[-85.68313672127861,42.86613953565742],[-85.68299509484623,42.86601152602395],[-85.6827309,42.86600979999999],[-85.6825663223702,42.866008963367165],[-85.68244662321601,42.86594417218778],[-85.68242196554652,42.86583714604441],[-85.68239730787704,42.86573011990105],[-85.68237265020757,42.86562309375769],[-85.68234799253808,42.86551606761434],[-85.6823233348686,42.86540904147097],[-85.68229867719913,42.86530201532761],[-85.68240121152168,42.86527670442158],[-85.6825484375995,42.86528010599446],[-85.68269566367731,42.86528350756734],[-85.68284288975514,42.86528690914022],[-85.68299011583294,42.86529031071309],[-85.68313734191076,42.86529371228597],[-85.68328456798858,42.86529711385885],[-85.6834317940664,42.86530051543173],[-85.68345644593542,42.86536447727629],[-85.68340478945188,42.86546614080874],[-85.68335313296832,42.865567804341204],[-85.68330147648477,42.865669467873666],[-85.68324982000122,42.86577113140613],[-85.68319816351766,42.86587279493858],[-85.68308341655074,42.866012103042685],[-85.6827309,42.86600979999999],[-85.681767,42.8660049],[-85.6814939,42.865999],[-85.68085,42.865993800000005],[-85.6807497578382,42.8659928753443],[-85.68033758999788,42.865801044537584],[-85.680101,42.865235],[-85.679825,42.864485],[-85.6797228,42.8642306],[-85.6796683,42.8640682],[-85.6796343,42.8639535],[-85.6796137,42.8638821],[-85.6795903,42.8637816],[-85.6795696,42.8636664],[-85.6795534,42.863535299999995],[-85.6795031,42.8628998],[-85.6794892,42.862757],[-85.6794709,42.8626593],[-85.67938647424343,42.86231015087218],[-85.67936945497819,42.86219129215891],[-85.6793114,42.861109899999995],[-85.6792465,42.85982],[-85.67924867497028,42.859692063376215],[-85.6792938,42.8591206],[-85.6792943,42.85897719999999],[-85.6792926,42.8588377],[-85.6792684,42.858313],[-85.6792451,42.8578299],[-85.67923368175984,42.85719906435921],[-85.67911517777503,42.85709263077941],[-85.6790191,42.8551048],[-85.67873809067468,42.84949874738888],[-85.67873265948259,42.84939003479539],[-85.67868449580473,42.848305130855195],[-85.67868744663338,42.84819216423041],[-85.6787085,42.847709200000004],[-85.6787162,42.84754229999999],[-85.6787211,42.8473056],[-85.6787366,42.84648919999999],[-85.6787338,42.8460584],[-85.6787395,42.8457156],[-85.678772,42.845426700000004],[-85.6788085,42.8452457],[-85.6789097526891,42.844932175282956],[-85.67894365109571,42.844827457277944],[-85.67915,42.8442093],[-85.679185,42.8440677],[-85.6792095,42.843935],[-85.67921778132877,42.84387142354889],[-85.6791566,42.8436521],[-85.6791405,42.8436102],[-85.6788947,42.8428915],[-85.67886641883297,42.84280469298728],[-85.6791095,42.8426201],[-85.678984,42.8420325],[-85.67885729127943,42.8414797848926],[-85.67874551511987,42.84140671995407],[-85.67863635153701,42.8413338352975],[-85.67852718795416,42.84126095064091],[-85.6784180243713,42.841188065984326],[-85.67830886078846,42.841115181327744],[-85.6781996972056,42.841042296671155],[-85.67809053362275,42.84096941201457],[-85.67798137003989,42.840896527358],[-85.67783475029326,42.84093763842982],[-85.6776548,42.8409354],[-85.6774442,42.8409315],[-85.6772399,42.8409246],[-85.6771151,42.8409204],[-85.6769818,42.8409189],[-85.676692,42.8409138],[-85.6766256,42.8409138],[-85.676563,42.840913],[-85.6762095,42.8409111],[-85.6761015,42.84091039999999],[-85.6759684,42.8409084],[-85.6758732,42.840908000000006],[-85.6756654,42.8409061],[-85.6755771,42.8409053],[-85.6753703,42.8409034],[-85.6752778,42.8409026],[-85.6751288,42.8409012],[-85.6750045,42.8408984],[-85.674895,42.8408969],[-85.6746943,42.8408941],[-85.674541,42.8408914],[-85.6744348,42.840888],[-85.6742002,42.840883],[-85.6740717,42.84087980000001],[-85.6738794,42.840875],[-85.6735934,42.8408716],[-85.6729988,42.8408664],[-85.6728824,42.840863399999996],[-85.6725918,42.840856],[-85.6722676,42.840847700000005],[-85.671927,42.840838999999995],[-85.6717505,42.8408337],[-85.6716089,42.8408318],[-85.671584,42.84083199999999],[-85.670261,42.840812],[-85.6694959,42.8407997],[-85.668642,42.840786],[-85.668187,42.840783],[-85.6674172,42.8407667],[-85.667288,42.840764],[-85.6669787,42.8407588],[-85.666749,42.840755],[-85.6665363,42.8407521],[-85.665705,42.840741],[-85.665674,42.8407405],[-85.664679,42.8407237],[-85.6645983,42.8407224],[-85.6644601,42.84072],[-85.6643973,42.8407189],[-85.6641632,42.8407192],[-85.6638901,42.8407109],[-85.6638299,42.8407102],[-85.66369693085846,42.840707222384516],[-85.66355087955577,42.840706145687584],[-85.6634698,42.8407057],[-85.662509,42.8407],[-85.661387,42.840713],[-85.660252,42.840715],[-85.659227,42.840719],[-85.6590938,42.8407199],[-85.6588904,42.8407211],[-85.6587829,42.840721],[-85.6586609,42.8407214],[-85.6574526,42.8407254],[-85.6566299879172,42.84072686144718]]}},{"type":"Feature","properties":{"routeId":"8","color":"#00B7F1","dir":"Southbound","trips":79,"dests":"Target-RiverTown / Meijer-Rivertown"},"geometry":{"type":"LineString","coordinates":[[-85.67571959985594,42.959746135792784],[-85.6757653,42.959664],[-85.6758092,42.9595963],[-85.6758775,42.959490800000005],[-85.6759383,42.9593923],[-85.6760078,42.959286600000006],[-85.6760745,42.9591996],[-85.6761333,42.9591346],[-85.676192,42.959078],[-85.6764711,42.9588372],[-85.6772214,42.9582125],[-85.6774689,42.9580065],[-85.6778688,42.957673500000006],[-85.6781065,42.9574765],[-85.6782765,42.9573363],[-85.6788843,42.9568349],[-85.6790253,42.956713799999996],[-85.6791677,42.95659150000001],[-85.679413,42.9563808],[-85.6794409,42.9563569],[-85.6796258,42.9561981],[-85.6797679,42.956076],[-85.6799965,42.9559518],[-85.6803749,42.9557461],[-85.6804452,42.9557079],[-85.6809013,42.9554601],[-85.6810986,42.9553528],[-85.6814842,42.9551433],[-85.6816963,42.9550281],[-85.68221539881013,42.95474599550287],[-85.68210508720954,42.95448006834522],[-85.68242282410532,42.95437745337949],[-85.6824092,42.9533582],[-85.6824076,42.9532965],[-85.6824061,42.9532531],[-85.6824046,42.95322070000001],[-85.6823958,42.9528838],[-85.682392,42.9526585],[-85.6823864,42.9523788],[-85.6823838,42.9521947],[-85.682367,42.95133],[-85.682339,42.950653],[-85.6823383,42.9505859],[-85.682322,42.948999],[-85.6823277,42.94894759999999],[-85.68233,42.948927],[-85.682345,42.948866],[-85.6823548,42.94884],[-85.682401,42.948717],[-85.682514,42.948451],[-85.6826942,42.948009899999995],[-85.682821,42.947699400000005],[-85.6830081,42.9472414],[-85.683257,42.9466659],[-85.683316,42.9465353],[-85.6836242,42.94581199999999],[-85.6838183,42.9453365],[-85.6839934,42.9449163],[-85.6840117,42.944870800000004],[-85.6841313,42.94457810000001],[-85.6842745,42.9442396],[-85.6843825566724,42.94398229673549],[-85.68454843367401,42.943929296114405],[-85.68468374667144,42.94388640325395],[-85.68481905966885,42.94384351039349],[-85.68495437266627,42.94380061753303],[-85.6850896856637,42.94375772467257],[-85.68522499866113,42.943714831812116],[-85.68536031165854,42.94367193895166],[-85.68549562465596,42.943629046091196],[-85.68563093765339,42.94358615323074],[-85.68576680314473,42.94361430810305],[-85.6862752,42.9437204],[-85.686367,42.9437412],[-85.6864988,42.9437519],[-85.686867,42.943706],[-85.6871524,42.9436751],[-85.687467,42.943641],[-85.6880768,42.9435651],[-85.6886982,42.9434903],[-85.6888282,42.9434924],[-85.6889658993658,42.94349842134364],[-85.68907051083019,42.94375081123904],[-85.68919036064318,42.94381392149292],[-85.68931021045617,42.94387703174678],[-85.68943006026916,42.94394014200065],[-85.68954991008215,42.944003252254525],[-85.68972434767505,42.94411070220848],[-85.6895659,42.9446055],[-85.689232,42.945475],[-85.6892133,42.9455328],[-85.688835,42.946705],[-85.68875196690243,42.94692828952388],[-85.68839428649991,42.94696524261711],[-85.68831782603719,42.94690915295094],[-85.68824034997111,42.94681682473752],[-85.68816287390503,42.94672449652409],[-85.68808539783895,42.946632168310664],[-85.68800792177286,42.946539840097245],[-85.68793044570678,42.94644751188381],[-85.6878529696407,42.946355183670384],[-85.68777480553157,42.94624021408946],[-85.6880748,42.9453414],[-85.688097,42.945275],[-85.6886703,42.943589],[-85.6886982,42.9434903],[-85.688879,42.942563],[-85.688967,42.942403],[-85.689282,42.942114000000004],[-85.68930375407979,42.94208177173363],[-85.68905077559656,42.941755577094455],[-85.6885399,42.9417445],[-85.6882741,42.941738699999995],[-85.688117,42.9417345],[-85.68801,42.941733],[-85.6879002,42.9417301],[-85.687322,42.941722],[-85.6872088,42.94172089999999],[-85.6868353,42.941714299999994],[-85.686585366872,42.94170976876962],[-85.68647244031804,42.94163358099023],[-85.68638228031612,42.94154773469284],[-85.6862921203142,42.94146188839546],[-85.68620196031229,42.94137604209807],[-85.68611180031037,42.94129019580068],[-85.68602164030845,42.941204349503295],[-85.68586697949627,42.94106308927332],[-85.6861598,42.9407307],[-85.6865495,42.9402838],[-85.6867774,42.9400217],[-85.6868284,42.9399624],[-85.6868795,42.9398872],[-85.6871549,42.9395519],[-85.68743,42.939233],[-85.6875229,42.9391376],[-85.687542,42.939118],[-85.6877409,42.9389428],[-85.6880758,42.9387064],[-85.6883139,42.9385518],[-85.6885106,42.9384465],[-85.6888432,42.9382685],[-85.689747,42.937794],[-85.6899579,42.9376808],[-85.6899967,42.93766],[-85.6902862,42.9375122],[-85.6905164,42.9373879],[-85.6907417,42.9372662],[-85.691507,42.936853],[-85.69202,42.936581],[-85.6927719,42.9361908],[-85.6933177,42.9359053],[-85.6938501,42.9356221],[-85.69387414465221,42.935607244466695],[-85.69417498324196,42.93550188425357],[-85.6947425,42.9354978],[-85.6950469,42.9354948],[-85.6954538,42.9354907],[-85.6964447,42.9354816],[-85.6974311,42.9354768],[-85.698007,42.9354758],[-85.6984125,42.935473099999996],[-85.6993993,42.9354708],[-85.6995314,42.9354708],[-85.7001268,42.9354706],[-85.7003985,42.9354705],[-85.7007003,42.9354716],[-85.7009365,42.935472399999995],[-85.701383,42.9354749],[-85.7023901,42.93547590000001],[-85.7033757,42.9354789],[-85.704338,42.9354807],[-85.7053125,42.9354756],[-85.7055852,42.9354735],[-85.7057834,42.9354746],[-85.70605195211795,42.935476152324384],[-85.70628691098493,42.93516043174309],[-85.706277,42.9350202],[-85.7061292,42.932977],[-85.7061244,42.9329098],[-85.7061213,42.9328551],[-85.7060879,42.9323863],[-85.706038,42.931754],[-85.70594,42.930369],[-85.7058249,42.9288028],[-85.7058153,42.9286288],[-85.7058095,42.9285128],[-85.7058002,42.928344],[-85.7057937,42.9282697],[-85.7057829,42.9281456],[-85.7057589,42.9275841],[-85.7057493,42.927281],[-85.7057442,42.9270789],[-85.7057386,42.9269021],[-85.7057366,42.9268395],[-85.7057269,42.9266041],[-85.7057093,42.9261783],[-85.7056988,42.9257756],[-85.7056689,42.9246287],[-85.7056522,42.92398829999999],[-85.7056336,42.9232745],[-85.7056326,42.9232379],[-85.7056071,42.9222626],[-85.7056066,42.9222416],[-85.70557,42.920838],[-85.7055666,42.9207616],[-85.7055349,42.9200465],[-85.7055236,42.9197922],[-85.7055007,42.9192756],[-85.7054992,42.9192427],[-85.7054848,42.9189176],[-85.7054686,42.91855309999999],[-85.7054591,42.9183388],[-85.7054552,42.9182516],[-85.7054423,42.9179598],[-85.7054329,42.9177467],[-85.7054161,42.9173681],[-85.705414,42.9173201],[-85.705406,42.917141],[-85.7053988,42.9169552],[-85.705391,42.9167521],[-85.7053875,42.916661600000005],[-85.7053763,42.916373],[-85.7053507,42.9158157],[-85.7053496,42.9157618],[-85.705346,42.91559],[-85.7053323,42.9152425],[-85.7053246,42.91504499999999],[-85.7053196,42.91491849999999],[-85.7053159,42.9148264],[-85.705291,42.9144179],[-85.7052763,42.9139874],[-85.7052655,42.9136751],[-85.70526,42.913514],[-85.7052566,42.9133833],[-85.7052448,42.9129213],[-85.7052378,42.9127514],[-85.7052297,42.9123981],[-85.7052203,42.9120709],[-85.7052121,42.9118945],[-85.7052044,42.9116809],[-85.7051969329661,42.911414937829214],[-85.70541977255166,42.91133395808953],[-85.70552135377967,42.91125534440944],[-85.7056229350077,42.91117673072936],[-85.70572451623572,42.91109811704927],[-85.70582609746373,42.91101950336919],[-85.70592767869176,42.9109408896891],[-85.70602925991977,42.91086227600902],[-85.70613084114781,42.91078366232893],[-85.70624150787421,42.91074481974932],[-85.7064981,42.9107498],[-85.706935,42.9107209],[-85.7075105,42.910621],[-85.7077427,42.9105509],[-85.7079808,42.9104603],[-85.7082725,42.910323],[-85.708503,42.9101821],[-85.7086982,42.9100462],[-85.7088801,42.9098934],[-85.7090303,42.909762],[-85.7092511,42.90954429999999],[-85.709458,42.90933799999999],[-85.7096448,42.9091867],[-85.7099172,42.9090365],[-85.7100497,42.9089766],[-85.7101741,42.9089204],[-85.7104389,42.9088219],[-85.7106875,42.9087497],[-85.7108865,42.9087137],[-85.7110651,42.9086898],[-85.7112906,42.908680800000006],[-85.7117343,42.9086849],[-85.7120017,42.9086869],[-85.7122539,42.9086757],[-85.7125616,42.90860969999999],[-85.7127892,42.9085429],[-85.7132472,42.9084011],[-85.7136872,42.90828489999999],[-85.7146749,42.908085],[-85.7151787,42.9079839],[-85.7155784,42.90787579999999],[-85.7171611,42.90726600000001],[-85.7182267,42.9068578],[-85.7185757,42.9067531],[-85.7188807,42.9066817],[-85.7193053,42.9066208],[-85.719515,42.9066028],[-85.7197891,42.9065929],[-85.7199939,42.9065929],[-85.7207217,42.9066139],[-85.7213449,42.9066298],[-85.7215145,42.90663490000001],[-85.7226636,42.9066706],[-85.7233141,42.9066859],[-85.7239007,42.9067027],[-85.72393150519358,42.906690797993384],[-85.72410929559517,42.90664606316705],[-85.7245172,42.9066693],[-85.72469126074571,42.90667071897347],[-85.72483629617845,42.90666869769141],[-85.728245,42.906615],[-85.7292066,42.9065929],[-85.7292478,42.9065905],[-85.7295061,42.90658650000001],[-85.7298233,42.9065797],[-85.7305909,42.9065633],[-85.7313775,42.9065465],[-85.7314685,42.90654459999999],[-85.7317486,42.9065386],[-85.7325646,42.9065235],[-85.733559,42.9064999],[-85.73444,42.906481],[-85.7350163,42.9064717],[-85.735943,42.9064529],[-85.7359767,42.906452300000005],[-85.7368911,42.906435200000004],[-85.7369227,42.9064346],[-85.737703,42.90642],[-85.7388478,42.9064051],[-85.7389672,42.9064035],[-85.7392481,42.9063999],[-85.7397965,42.9063888],[-85.7406441,42.9063717],[-85.7406722,42.9063709],[-85.7409667,42.906365],[-85.741306,42.9063583],[-85.74169,42.9063506],[-85.7419102,42.9063462],[-85.7423051,42.9063382],[-85.7423338,42.9063376],[-85.7424174,42.9063362],[-85.7428339,42.9063295],[-85.7430911,42.90632229999999],[-85.7437169,42.9063097],[-85.7437726,42.906308700000004],[-85.74392,42.906306],[-85.7440913,42.9063046],[-85.746393,42.906298],[-85.747471,42.906297],[-85.7475428,42.906297200000004],[-85.748845,42.906301],[-85.749984,42.90629200000001],[-85.750432,42.90629299999999],[-85.7509837,42.9062922],[-85.7515721,42.90629130000001],[-85.752405,42.90629],[-85.752829,42.906289],[-85.7534749,42.9062915],[-85.753881,42.90629299999999],[-85.754446,42.906295],[-85.754908,42.906298],[-85.755648,42.906301],[-85.75649,42.906307],[-85.756818,42.906312],[-85.7578987,42.9063147],[-85.757997,42.906315000000006],[-85.7581188,42.9063161],[-85.7594394,42.90632819999999],[-85.759531,42.906329],[-85.7596593,42.90633],[-85.76238809751099,42.9063506292966],[-85.76251278989973,42.906257834157145],[-85.7625454791949,42.9061519832156],[-85.76257816849008,42.906046132274064],[-85.76288181320601,42.905932171792855],[-85.7628728,42.90576860000001],[-85.7628504,42.9053637],[-85.7628373,42.905125999999996],[-85.7628051,42.9045434],[-85.7627582,42.9036932],[-85.7627463,42.9034775],[-85.7627832,42.9032793],[-85.7628044,42.9031652],[-85.7628019,42.903114],[-85.7627967,42.903005],[-85.7627914,42.9029817],[-85.7627201,42.9026697],[-85.7627175,42.902594300000004],[-85.7627077,42.902383],[-85.7626893,42.9020827],[-85.7626837,42.90196950000001],[-85.7626669,42.901694199999994],[-85.7626656,42.90161],[-85.7626267,42.900808000000005],[-85.7626216,42.900704],[-85.762567,42.899576],[-85.7625633,42.899405400000006],[-85.7625593,42.8990174],[-85.7625549,42.8985832],[-85.7625512,42.8982255],[-85.7625491,42.8980186],[-85.762553,42.89782329999999],[-85.7625483,42.8974639],[-85.7625474,42.8973993],[-85.7625445,42.897182],[-85.7625425,42.8970273],[-85.7625403,42.896865000000005],[-85.7625377,42.8966655],[-85.7625338,42.8963757],[-85.7625285,42.8959794],[-85.7625217,42.8954663],[-85.7625158,42.8950213],[-85.7625099,42.894576199999996],[-85.7625039,42.8941205],[-85.7625001,42.893834999999996],[-85.76249,42.8932165],[-85.7624898,42.89315270000001],[-85.7624869,42.8930598],[-85.7624856,42.8928837],[-85.7624818,42.8923737],[-85.7624799,42.8921259],[-85.7624791,42.8920216],[-85.7624714,42.891916],[-85.762465,42.891829],[-85.7624745,42.8910821],[-85.7624726,42.890918],[-85.7624707,42.8906912],[-85.7624662,42.89013829999999],[-85.7624657,42.8892369],[-85.7624721,42.8885314],[-85.7624745,42.8882617],[-85.762467,42.8875507],[-85.7624694,42.8865119],[-85.7624638,42.885859],[-85.7624647,42.8855493],[-85.7624663,42.8850075],[-85.7624673,42.8846915],[-85.7624676,42.8845983],[-85.7624692,42.8845163],[-85.7624777,42.8840761],[-85.7624814,42.8838851],[-85.7624917,42.8833505],[-85.7624919,42.8833244],[-85.762497,42.8827672],[-85.7624979,42.8826712],[-85.7624989,42.8825624],[-85.7624968,42.8822577],[-85.7624342,42.882146399999996],[-85.7624215,42.882098],[-85.7624146,42.88198849999999],[-85.7623972,42.8818183],[-85.7623971,42.8813624],[-85.7624055,42.8808597],[-85.762408,42.8807527],[-85.7624346,42.8796291],[-85.7624375,42.8795064],[-85.7624572,42.8787123],[-85.762465,42.8782237],[-85.7624746,42.8776319],[-85.7624761,42.877546499999994],[-85.76248,42.8773076],[-85.7624686,42.8761123],[-85.7624641,42.8760015],[-85.7624622,42.8759322],[-85.7624596,42.8758293],[-85.7624368,42.8744867],[-85.7624286,42.8740951],[-85.762425,42.8738771],[-85.762415,42.8731711],[-85.7624065,42.8727347],[-85.7624005,42.872347],[-85.762392,42.8717932],[-85.7623805,42.8713583],[-85.7623757,42.871079],[-85.7623655,42.8704942],[-85.7623628,42.8703563],[-85.76236,42.8702331],[-85.762342,42.8693995],[-85.7623173,42.86819340000001],[-85.7622823,42.8659946],[-85.7622716,42.8655149],[-85.7622631,42.8651319],[-85.7622467,42.8641819],[-85.7622428,42.8638461],[-85.7622443,42.8638054],[-85.7622503,42.863771199999995],[-85.7622591,42.8637412],[-85.7623584,42.8637462],[-85.7623762,42.8637981],[-85.7623991,42.8638647],[-85.7624082,42.863903],[-85.7624137,42.863946],[-85.7624145,42.8641806],[-85.7624436,42.8659979],[-85.762452,42.8664605],[-85.7624634,42.8670831],[-85.7624837,42.8681928],[-85.7625227,42.8697093],[-85.7625318,42.87022739999999],[-85.7625335,42.87035949999999],[-85.7625353,42.8704957],[-85.7625362,42.8705677],[-85.7625392,42.8707328],[-85.7625432,42.8709539],[-85.7625454,42.8710791],[-85.7625576,42.8717593],[-85.762581,42.8731056],[-85.7625951,42.8739635],[-85.762606,42.8744854],[-85.7626159,42.8751518],[-85.762626,42.875831999999996],[-85.7626271,42.8759807],[-85.762628,42.8761128],[-85.7626422,42.8765738],[-85.7626588,42.8775157],[-85.7626623,42.8777119],[-85.7626517,42.878483200000005],[-85.7626394,42.8793745],[-85.7626345,42.8795259],[-85.762631,42.879635],[-85.76250359154899,42.880139711003636],[-85.76237230501536,42.88009048850881],[-85.76224101848175,42.88004126601398],[-85.76210973194814,42.87999204351917],[-85.76197844541453,42.87994282102434],[-85.76184715888091,42.87989359852952],[-85.7617158723473,42.8798443760347],[-85.76158458581368,42.87979515353987],[-85.76145329928006,42.87974593104504],[-85.76134253184168,42.87978940040274],[-85.76123928068267,42.87986682339492],[-85.76113602952367,42.8799442463871],[-85.76103277836467,42.880021669379275],[-85.76092952720566,42.880099092371445],[-85.76082627604666,42.88017651536362],[-85.76072302488765,42.8802539383558],[-85.76061977372864,42.88033136134798],[-85.76051652256963,42.88040878434014],[-85.76042924602774,42.88049612577284],[-85.76034324743011,42.88058426066519],[-85.76025724883249,42.88067239555753],[-85.76017125023486,42.880760530449884],[-85.76008525163722,42.88084866534223],[-85.7599992530396,42.88093680023457],[-85.75991325444197,42.881024935126916],[-85.75982725584434,42.88111307001927],[-85.75974087486534,42.881200879825336],[-85.75961029579007,42.88125111406873],[-85.7594797167148,42.88130134831213],[-85.75934913763953,42.881351582555524],[-85.75921855856426,42.881401816798935],[-85.75908797948898,42.88145205104233],[-85.75895740041372,42.88150228528573],[-85.75882682133845,42.88155251952912],[-85.75869624226317,42.88160275377252],[-85.75856566318791,42.881652988015915],[-85.75843508411263,42.881703222259326],[-85.7583026338498,42.88174822365024],[-85.75815542194489,42.88175194350597],[-85.75800821003999,42.881755663361695],[-85.75786099813509,42.88175938321742],[-85.75771378623017,42.88176310307315],[-85.75756657432527,42.881766822928874],[-85.75741936242036,42.8817705427846],[-85.75727215051546,42.88177426264033],[-85.75712493861056,42.88177798249606],[-85.75697772670564,42.88178170235179],[-85.75683051480074,42.881785422207514],[-85.7566833309769,42.88178450536995],[-85.75653616999345,42.88177981716853],[-85.75638900901,42.88177512896711],[-85.75624184802655,42.88177044076568],[-85.75609468704309,42.881765752564256],[-85.75594752605964,42.881761064362834],[-85.75580036507618,42.8817563761614],[-85.75565320409274,42.88175168795998],[-85.75550604310928,42.881746999758555],[-85.75535888212583,42.881742311557126],[-85.75521172114237,42.881737623355704],[-85.75506869265361,42.88171188509931],[-85.754925763571,42.88168564048888],[-85.7547828344884,42.88165939587848],[-85.75463990540578,42.88163315126807],[-85.75449697632318,42.88160690665766],[-85.75435404724057,42.88158066204724],[-85.75421111815797,42.88155441743683],[-85.75406818907535,42.88152817282642],[-85.75392525999276,42.881501928216004],[-85.75378233091014,42.88147568360559],[-85.75363931134406,42.881449709786445],[-85.75349619081173,42.881424038130525],[-85.7533530702794,42.8813983664746],[-85.75320994974709,42.88137269481867],[-85.75306682921476,42.881347023162746],[-85.75292370868243,42.88132135150682],[-85.7527805881501,42.88129567985089],[-85.75263746761777,42.88127000819497],[-85.75249434708545,42.88124433653904],[-85.7524280910978,42.881170520718875],[-85.75241679202941,42.881062282591785],[-85.75240549296103,42.8809540444647],[-85.75239419389266,42.88084580633761],[-85.75238289482428,42.88073756821053],[-85.75237159575589,42.880629330083444],[-85.75235974440426,42.880521140804724],[-85.75233597215497,42.88041400590613],[-85.75231219990566,42.88030687100755],[-85.75228842765637,42.88019973610895],[-85.75226465540707,42.88009260121036],[-85.75224088315777,42.87998546631176],[-85.75221711090848,42.87987833141317],[-85.75213265175519,42.87983573765468],[-85.75198819366959,42.8798569533714],[-85.75184373558399,42.87987816908812],[-85.75169927749839,42.87989938480485],[-85.75155481941279,42.87992060052157],[-85.75141036132719,42.87994181623831],[-85.7512659032416,42.87996303195503],[-85.751121445156,42.87998424767175],[-85.75101652875851,42.88005502452762],[-85.75092114227434,42.88013774607737],[-85.75082575579016,42.88022046762712],[-85.750730369306,42.880303189176864],[-85.75063498282182,42.880385910726616],[-85.75053959633765,42.88046863227637],[-85.75044420985348,42.88055135382612],[-85.75034882336931,42.880634075375866],[-85.75024420622604,42.880700048327604],[-85.7501135,42.8807344],[-85.750058,42.880748999999994],[-85.74988,42.880811],[-85.749749,42.880867],[-85.749105,42.881201],[-85.748834,42.881326],[-85.74861,42.881405],[-85.748385,42.881461],[-85.748138,42.881495],[-85.748053,42.8814973],[-85.747883,42.881505],[-85.747179,42.881515],[-85.746815,42.881537],[-85.7467507,42.8815439],[-85.746707,42.8815501],[-85.746645,42.881559],[-85.746359,42.881604],[-85.7462888,42.881616699999995],[-85.74611,42.881649],[-85.7460503,42.8816569],[-85.745876,42.88168],[-85.745658,42.881695],[-85.745403,42.881698],[-85.7447262,42.8816936],[-85.7445262,42.88169229999999],[-85.7443678,42.88169130000001],[-85.74426822579362,42.881690649484824],[-85.74415694194342,42.881721175250114],[-85.74406023469847,42.88180305961883],[-85.7439635274535,42.881884943987544],[-85.74386682020855,42.88196682835626],[-85.74377011296359,42.88204871272498],[-85.74367340571864,42.88213059709369],[-85.74357669847367,42.88221248146242],[-85.74347999122872,42.882294365831136],[-85.7432550122544,42.882378100572424],[-85.7432557,42.8825351],[-85.7432567,42.88276320000001],[-85.7432599,42.883472000000005],[-85.74326160204497,42.88386364054934],[-85.7429513178181,42.88396632591546],[-85.74290116370861,42.88406839723475],[-85.74285100959911,42.88417046855403],[-85.74280085548962,42.88427253987332],[-85.74275070138013,42.884374611192605],[-85.74261599674047,42.884499952803615],[-85.7422836,42.8845002],[-85.7413515,42.884501],[-85.7410475,42.8845022],[-85.7402603,42.88450840000001],[-85.7399502,42.8845056],[-85.73982115788158,42.88450635287117]]}},{"type":"Feature","properties":{"routeId":"8","color":"#00B7F1","dir":"Northbound","trips":76,"dests":"Central Station"},"geometry":{"type":"LineString","coordinates":[[-85.73985034540833,42.88380681152332],[-85.73998969081666,42.883771623046634],[-85.74012903622499,42.88373643456995],[-85.74026838163331,42.88370124609327],[-85.74040772704164,42.88366605761659],[-85.74054707244997,42.88363086913991],[-85.7406864178583,42.88359568066321],[-85.74082576326663,42.88356049218653],[-85.74096510867496,42.88352530370985],[-85.74110445408328,42.88349011523317],[-85.74121186481169,42.883424751635694],[-85.74129210546042,42.883333714994436],[-85.74137234610916,42.88324267835317],[-85.74145258675789,42.883151641711905],[-85.74153282740662,42.88306060507065],[-85.74161306805536,42.88296956842939],[-85.74169330870409,42.88287853178813],[-85.74177354935281,42.882787495146864],[-85.74185379000156,42.882696458505606],[-85.74193366546383,42.88260524783388],[-85.74201338744321,42.882513964019516],[-85.74209310942257,42.88242268020516],[-85.74217283140196,42.882331396390796],[-85.74225255338132,42.88224011257644],[-85.7423322753607,42.88214882876208],[-85.74241199734006,42.88205754494771],[-85.74249171931943,42.88196626113336],[-85.7425714412988,42.88187497731899],[-85.74265784593695,42.88179216089359],[-85.74280492372047,42.88178622152232],[-85.74295200150398,42.88178028215105],[-85.743252,42.881684],[-85.7434019,42.881685000000004],[-85.7434291,42.8816852],[-85.7437096,42.881687],[-85.7443678,42.88169130000001],[-85.7445262,42.88169229999999],[-85.7447262,42.8816936],[-85.745403,42.881698],[-85.745658,42.881695],[-85.745876,42.88168],[-85.7460503,42.8816569],[-85.74611,42.881649],[-85.7462888,42.881616699999995],[-85.746359,42.881604],[-85.746645,42.881559],[-85.746707,42.8815501],[-85.7467507,42.8815439],[-85.746815,42.881537],[-85.747179,42.881515],[-85.747883,42.881505],[-85.748053,42.8814973],[-85.748138,42.881495],[-85.748385,42.881461],[-85.74861,42.881405],[-85.748834,42.881326],[-85.749105,42.881201],[-85.749749,42.880867],[-85.74988,42.880811],[-85.750058,42.880748999999994],[-85.7501135,42.8807344],[-85.750252,42.880698],[-85.75061328111191,42.88063350766283],[-85.75082832055662,42.8808539163222],[-85.75097476302783,42.880865602336236],[-85.75112120549902,42.88087728835028],[-85.75126764797024,42.88088897436432],[-85.75141409044144,42.88090066037836],[-85.75154634104348,42.88087983583385],[-85.75165606645614,42.88080741086381],[-85.75176579186879,42.880734985893774],[-85.75187551728145,42.880662560923724],[-85.7519852426941,42.88059013595369],[-85.75209496810676,42.88051771098365],[-85.75220469351942,42.880445286013604],[-85.75231441893207,42.88037286104357],[-85.75242414434473,42.880300436073526],[-85.75253386975739,42.88022801110348],[-85.752535835496,42.88014991035933],[-85.7524412000875,42.88006672156815],[-85.75234656467899,42.87998353277696],[-85.75225192927049,42.879900343985774],[-85.75215729386198,42.87981715519459],[-85.75206265845347,42.87973396640341],[-85.75196802304497,42.87965077761222],[-85.75187338763645,42.87956758882103],[-85.75177875222795,42.879484400029845],[-85.75178856514947,42.879376420028436],[-85.75179954155784,42.879268163868964],[-85.75181051796622,42.87915990770949],[-85.7518214943746,42.87905165155002],[-85.75183247078297,42.878943395390536],[-85.75184344719135,42.878835139231064],[-85.75186933929697,42.87873214951296],[-85.75197693135358,42.87865800645177],[-85.7520845234102,42.87858386339058],[-85.75219211546683,42.8785097203294],[-85.75229970752345,42.8784355772682],[-85.75240729958006,42.878361434207015],[-85.75251489163666,42.878287291145824],[-85.75262248369329,42.87821314808463],[-85.75273007574991,42.87813900502344],[-85.75283766780653,42.87806486196225],[-85.75295375608354,42.87800282406786],[-85.75309803278634,42.87798094821969],[-85.75324230948912,42.87795907237152],[-85.75338658619192,42.87793719652334],[-85.75353086289472,42.877915320675164],[-85.75367513959752,42.877893444826995],[-85.75381941630032,42.877871568978826],[-85.75396369300312,42.87784969313065],[-85.75410796970591,42.87782781728248],[-85.75425224640871,42.87780594143431],[-85.7543968120288,42.8777862899265],[-85.75454409977812,42.877787595771885],[-85.75469138752742,42.877788901617286],[-85.75483867527673,42.87779020746268],[-85.75498596302603,42.877791513308075],[-85.75513325077533,42.87779281915346],[-85.75528053852464,42.877794124998864],[-85.75542782627394,42.87779543084426],[-85.75557511402324,42.87779673668965],[-85.75572240177256,42.87779804253505],[-85.75586968952186,42.877799348380435],[-85.75601696541106,42.87780119184417],[-85.75616423291393,42.87780341546069],[-85.7563115004168,42.8778056390772],[-85.75645876791967,42.87780786269372],[-85.75660603542254,42.87781008631024],[-85.7567533029254,42.87781230992676],[-85.75690057042827,42.87781453354328],[-85.75704783793114,42.8778167571598],[-85.75719510543401,42.87781898077632],[-85.75734237293688,42.87782120439284],[-85.75748958821792,42.87782392008439],[-85.75763553397657,42.87783859821692],[-85.75778147973521,42.87785327634944],[-85.75792742549385,42.87786795448197],[-85.7580733712525,42.877882632614494],[-85.75821931701114,42.877897310747024],[-85.75836526276979,42.877911988879546],[-85.75851120852843,42.87792666701208],[-85.75865715428706,42.8779413451446],[-85.75880310004571,42.877956023277136],[-85.75894904580436,42.87797070140966],[-85.7590858703415,42.87800319508221],[-85.7592085939935,42.87806323055748],[-85.75933131764553,42.87812326603275],[-85.75945404129753,42.878183301508024],[-85.75957676494956,42.878243336983296],[-85.75969948860157,42.87830337245856],[-85.75982221225358,42.87836340793383],[-85.7599449359056,42.878423443409105],[-85.76006765955762,42.87848347888438],[-85.76019038320963,42.87854351435965],[-85.76031310686164,42.87860354983492],[-85.76039807555539,42.87868612428731],[-85.76045227900276,42.878787064994505],[-85.76050648245014,42.8788880057017],[-85.76056068589752,42.87898894640888],[-85.76061488934488,42.87908988711607],[-85.76066909279226,42.87919082782326],[-85.76072329623963,42.87929176853045],[-85.76077749968701,42.87939270923764],[-85.76083170313439,42.879493649944834],[-85.7609544930627,42.879540381532145],[-85.76109490591809,42.87957318437791],[-85.76123531877347,42.87960598722367],[-85.76137573162886,42.87963879006943],[-85.76151614448425,42.87967159291519],[-85.76165655733965,42.87970439576095],[-85.76179697019502,42.879737198606705],[-85.76193738305042,42.87977000145247],[-85.7620777959058,42.87980280429823],[-85.76242863030278,42.87988126360174],[-85.762408,42.8807527],[-85.7624055,42.8808597],[-85.7623971,42.8813624],[-85.7623972,42.8818183],[-85.7624146,42.88198849999999],[-85.7624215,42.882098],[-85.7624342,42.882146399999996],[-85.7624968,42.8822577],[-85.7624989,42.8825624],[-85.7624979,42.8826712],[-85.762497,42.8827672],[-85.7624919,42.8833244],[-85.7624917,42.8833505],[-85.7624814,42.8838851],[-85.7624777,42.8840761],[-85.7624692,42.8845163],[-85.7624676,42.8845983],[-85.7624673,42.8846915],[-85.7624663,42.8850075],[-85.7624647,42.8855493],[-85.7624638,42.885859],[-85.7624694,42.8865119],[-85.762467,42.8875507],[-85.7624745,42.8882617],[-85.7624721,42.8885314],[-85.7624657,42.8892369],[-85.7624662,42.89013829999999],[-85.7624707,42.8906912],[-85.7624726,42.890918],[-85.7624745,42.8910821],[-85.762465,42.891829],[-85.7624714,42.891916],[-85.7624791,42.8920216],[-85.7624799,42.8921259],[-85.7624818,42.8923737],[-85.7624856,42.8928837],[-85.7624869,42.8930598],[-85.7624898,42.89315270000001],[-85.76249,42.8932165],[-85.7625001,42.893834999999996],[-85.7625039,42.8941205],[-85.7625099,42.894576199999996],[-85.7625158,42.8950213],[-85.7625217,42.8954663],[-85.7625285,42.8959794],[-85.7625338,42.8963757],[-85.7625377,42.8966655],[-85.7625403,42.896865000000005],[-85.7625425,42.8970273],[-85.7625445,42.897182],[-85.7625474,42.8973993],[-85.7625483,42.8974639],[-85.762553,42.89782329999999],[-85.7625491,42.8980186],[-85.7625512,42.8982255],[-85.7625549,42.8985832],[-85.7625593,42.8990174],[-85.7625633,42.899405400000006],[-85.762567,42.899576],[-85.7626216,42.900704],[-85.7626267,42.900808000000005],[-85.7626656,42.90161],[-85.7626669,42.901694199999994],[-85.7626837,42.90196950000001],[-85.7626893,42.9020827],[-85.7627077,42.902383],[-85.7627175,42.902594300000004],[-85.762719772668,42.9026602073725],[-85.76270426919055,42.90277401794577],[-85.7626799,42.9029346],[-85.7626691,42.903005500000006],[-85.7626711,42.903058],[-85.7626753,42.9031655],[-85.7627019,42.9032823],[-85.76273201892599,42.90341471473771],[-85.7627490680961,42.90352767464928],[-85.7627582,42.9036932],[-85.7628051,42.9045434],[-85.7628373,42.905125999999996],[-85.7628504,42.9053637],[-85.7628728,42.90576860000001],[-85.76287481829048,42.90580522796486],[-85.7626561825642,42.90587550701864],[-85.76253369788297,42.90593580698676],[-85.76241121320173,42.90599610695488],[-85.76228872852049,42.90605640692301],[-85.76216624383925,42.906116706891126],[-85.7620413791137,42.906348008157934],[-85.7596593,42.90633],[-85.759531,42.906329],[-85.7594394,42.90632819999999],[-85.7581188,42.9063161],[-85.757997,42.906315000000006],[-85.7578987,42.9063147],[-85.756818,42.906312],[-85.75649,42.906307],[-85.755648,42.906301],[-85.754908,42.906298],[-85.754446,42.906295],[-85.753881,42.90629299999999],[-85.7534749,42.9062915],[-85.752829,42.906289],[-85.752405,42.90629],[-85.7515721,42.90629130000001],[-85.7509837,42.9062922],[-85.750432,42.90629299999999],[-85.749984,42.90629200000001],[-85.748845,42.906301],[-85.7475428,42.906297200000004],[-85.747471,42.906297],[-85.746393,42.906298],[-85.7440913,42.9063046],[-85.74392,42.906306],[-85.7437726,42.906308700000004],[-85.7437169,42.9063097],[-85.7430911,42.90632229999999],[-85.7428339,42.9063295],[-85.7424174,42.9063362],[-85.7423338,42.9063376],[-85.7423051,42.9063382],[-85.7419102,42.9063462],[-85.74169,42.9063506],[-85.741306,42.9063583],[-85.7409667,42.906365],[-85.7406722,42.9063709],[-85.7406441,42.9063717],[-85.7397965,42.9063888],[-85.7392481,42.9063999],[-85.7389672,42.9064035],[-85.7388478,42.9064051],[-85.737703,42.90642],[-85.7369227,42.9064346],[-85.7368911,42.906435200000004],[-85.7359767,42.906452300000005],[-85.735943,42.9064529],[-85.7350163,42.9064717],[-85.73444,42.906481],[-85.733559,42.9064999],[-85.7325646,42.9065235],[-85.7317486,42.9065386],[-85.7314685,42.90654459999999],[-85.7313775,42.9065465],[-85.7305909,42.9065633],[-85.7298233,42.9065797],[-85.7295061,42.90658650000001],[-85.7292478,42.9065905],[-85.7292066,42.9065929],[-85.728245,42.906615],[-85.724849,42.9066685],[-85.7246866110507,42.90667068106835],[-85.7245172,42.9066693],[-85.72423758972226,42.90665337161767],[-85.72405245260454,42.9066340322267],[-85.7239803,42.9066069],[-85.723941,42.9065921],[-85.7228141,42.906556],[-85.7226276,42.9065511],[-85.7215185,42.9065187],[-85.7214301,42.9065162],[-85.7203599,42.9064859],[-85.719987,42.9064754],[-85.7195672,42.90647839999999],[-85.7192821,42.906505],[-85.719126,42.9065196],[-85.7189664,42.9065452],[-85.7186982,42.9065972],[-85.718438,42.9066631],[-85.7181725,42.9067407],[-85.717974,42.9068183],[-85.7176709,42.9069381],[-85.7170798,42.9071645],[-85.7168193,42.9072642],[-85.7156767,42.9076984],[-85.7154554,42.907775],[-85.7150987,42.9078723],[-85.7146286,42.907969],[-85.7141157,42.9080746],[-85.7137576,42.9081444],[-85.7135189,42.9082003],[-85.7132477,42.9082779],[-85.7127598,42.9084253],[-85.712391,42.9085294],[-85.7121442,42.9085726],[-85.7118755,42.9085681],[-85.7117378,42.908565800000005],[-85.7115059,42.9085618],[-85.7114688,42.9085614],[-85.7111692,42.9085579],[-85.7108541,42.9085913],[-85.7105523,42.90865809999999],[-85.7102828,42.9087426],[-85.7100722,42.908828],[-85.7099614,42.9088782],[-85.7097879,42.9089567],[-85.709623,42.9090471],[-85.7094781,42.9091424],[-85.7093306,42.9092602],[-85.7087711,42.909824],[-85.7086533,42.9099272],[-85.7083878,42.9101168],[-85.7081182,42.9102661],[-85.7078379,42.91039179999999],[-85.7075147,42.9104959],[-85.7071821,42.9105696],[-85.7068415,42.91061280000001],[-85.7066189,42.910624600000006],[-85.7063828,42.9106265],[-85.70582155626947,42.91061380628073],[-85.70572405317564,42.91070844521231],[-85.70565420241121,42.91080402078852],[-85.70558435164678,42.91089959636473],[-85.70551450088236,42.91099517194094],[-85.70518972887645,42.911094722529334],[-85.7051916,42.9111599],[-85.7051934,42.9112891],[-85.7052044,42.9116809],[-85.7052121,42.9118945],[-85.7052203,42.9120709],[-85.7052287,42.9123812],[-85.7052378,42.9127514],[-85.7052448,42.9129213],[-85.7052566,42.9133833],[-85.70526,42.913514],[-85.7052655,42.9136751],[-85.7052763,42.9139874],[-85.705291,42.9144179],[-85.7053159,42.9148264],[-85.7053196,42.91491849999999],[-85.7053246,42.91504499999999],[-85.7053323,42.9152425],[-85.705346,42.91559],[-85.7053496,42.9157618],[-85.7053507,42.9158157],[-85.7053763,42.916373],[-85.7053875,42.916661600000005],[-85.705391,42.9167521],[-85.7053988,42.9169552],[-85.705406,42.917141],[-85.705414,42.9173201],[-85.7054161,42.9173681],[-85.7054329,42.9177467],[-85.7054423,42.9179598],[-85.7054552,42.9182516],[-85.7054591,42.9183388],[-85.7054686,42.91855309999999],[-85.7054848,42.9189176],[-85.7054992,42.9192427],[-85.7055007,42.9192756],[-85.7055236,42.9197922],[-85.7055349,42.9200465],[-85.7055666,42.9207616],[-85.70557,42.920838],[-85.7056066,42.9222416],[-85.7056071,42.9222626],[-85.7056326,42.9232379],[-85.7056336,42.9232745],[-85.7056522,42.92398829999999],[-85.7056689,42.9246287],[-85.7056988,42.9257756],[-85.7057093,42.9261783],[-85.7057269,42.9266041],[-85.7057366,42.9268395],[-85.7057386,42.9269021],[-85.7057442,42.9270789],[-85.7057493,42.927281],[-85.7057589,42.9275841],[-85.7057829,42.9281456],[-85.7057937,42.9282697],[-85.7058002,42.928344],[-85.7058095,42.9285128],[-85.7058153,42.9286288],[-85.7058249,42.9288028],[-85.70594,42.930369],[-85.706038,42.931754],[-85.7060879,42.9323863],[-85.7061213,42.9328551],[-85.7061244,42.9329098],[-85.7061292,42.932977],[-85.706277,42.9350202],[-85.70629148805678,42.93522519329469],[-85.70606715573764,42.93547624020657],[-85.7057834,42.9354746],[-85.7055852,42.9354735],[-85.7053125,42.9354756],[-85.704338,42.9354807],[-85.7033757,42.9354789],[-85.7023901,42.93547590000001],[-85.701383,42.9354749],[-85.7009365,42.935472399999995],[-85.7007003,42.9354716],[-85.7003985,42.9354705],[-85.7001268,42.9354706],[-85.6995314,42.9354708],[-85.6993993,42.9354708],[-85.6984125,42.935473099999996],[-85.698007,42.9354758],[-85.6974311,42.9354768],[-85.6964447,42.9354816],[-85.6954538,42.9354907],[-85.6950469,42.9354948],[-85.6947425,42.9354978],[-85.69417239749905,42.93550190286241],[-85.69391740089385,42.93558051941647],[-85.6938501,42.9356221],[-85.6933177,42.9359053],[-85.6927719,42.9361908],[-85.69202,42.936581],[-85.691507,42.936853],[-85.6907417,42.9372662],[-85.6905164,42.9373879],[-85.6902862,42.9375122],[-85.6899967,42.93766],[-85.6899579,42.9376808],[-85.689747,42.937794],[-85.6888432,42.9382685],[-85.6885106,42.9384465],[-85.68845568250345,42.93847589914787],[-85.68852076861187,42.93872560426266],[-85.688411489017,42.93879839442954],[-85.68830220942212,42.93887118459643],[-85.68819292982725,42.93894397476332],[-85.68808365023237,42.9390167649302],[-85.6877631962656,42.93892706145957],[-85.6877409,42.9389428],[-85.687542,42.939118],[-85.6875229,42.9391376],[-85.68743,42.939233],[-85.6871549,42.9395519],[-85.6868795,42.9398872],[-85.6868284,42.9399624],[-85.6867774,42.9400217],[-85.6865495,42.9402838],[-85.6861598,42.9407307],[-85.6859662006097,42.94095051246474],[-85.68594213182905,42.94106742390999],[-85.6859780054342,42.94117271320772],[-85.68601387903934,42.94127800250544],[-85.68604975264448,42.94138329180316],[-85.68608562624964,42.941488581100884],[-85.68612149985476,42.94159387039861],[-85.6861573734599,42.94169915969633],[-85.68629377190183,42.9417044822196],[-85.6868353,42.941714299999994],[-85.6872088,42.94172089999999],[-85.687322,42.941722],[-85.6879002,42.9417301],[-85.68801,42.941733],[-85.688117,42.9417345],[-85.6882741,42.941738699999995],[-85.6885399,42.9417445],[-85.68908855056797,42.94175639615281],[-85.68935519856522,42.941899685823834],[-85.68935,42.941954],[-85.689336,42.942034],[-85.689282,42.942114000000004],[-85.688967,42.942403],[-85.688879,42.942563],[-85.6886982,42.9434903],[-85.6886703,42.943589],[-85.688097,42.945275],[-85.6880748,42.9453414],[-85.68769351427045,42.94648377101646],[-85.6879895672977,42.946632823851814],[-85.68803415493717,42.94673628884187],[-85.68807874257665,42.94683975383193],[-85.68812333021613,42.946943218821986],[-85.68818381795049,42.9469892085952],[-85.6882798076367,42.94690686690913],[-85.68837579732292,42.94682452522308],[-85.68847178700912,42.94674218353701],[-85.68883195073542,42.94671319996909],[-85.6892133,42.9455328],[-85.689232,42.945475],[-85.6895631,42.9446151],[-85.68968769871016,42.94422514899277],[-85.689631819324,42.94411685136242],[-85.68954478461556,42.9440292706529],[-85.6894577499071,42.94394168994339],[-85.68937071519866,42.94385410923386],[-85.68928368049022,42.94376652852434],[-85.68919664578178,42.943678947814824],[-85.68910961107332,42.9435913671053],[-85.68902257636488,42.94350378639578],[-85.68888708165116,42.94349497478786],[-85.6888282,42.9434924],[-85.6886982,42.9434903],[-85.6880768,42.9435651],[-85.687467,42.943641],[-85.6871524,42.9436751],[-85.686867,42.943706],[-85.6864988,42.9437519],[-85.686367,42.9437412],[-85.6862752,42.9437204],[-85.6847336,42.9433987],[-85.68470689706638,42.94339289037971],[-85.68450725958591,42.94368185236946],[-85.6843957,42.943951],[-85.6842745,42.9442396],[-85.6841313,42.94457810000001],[-85.6840117,42.944870800000004],[-85.6839934,42.9449163],[-85.6838183,42.9453365],[-85.6836242,42.94581199999999],[-85.683316,42.9465353],[-85.683257,42.9466659],[-85.6830152,42.947225],[-85.682821,42.947699400000005],[-85.6826942,42.948009899999995],[-85.682514,42.948451],[-85.682401,42.948717],[-85.6823548,42.94884],[-85.682345,42.948866],[-85.68233,42.948927],[-85.6823277,42.94894759999999],[-85.682322,42.948999],[-85.6823383,42.9505859],[-85.682339,42.950653],[-85.682367,42.95133],[-85.6823838,42.9521947],[-85.6823864,42.9523788],[-85.682392,42.9526585],[-85.6823958,42.9528838],[-85.6824046,42.95322070000001],[-85.6824061,42.9532531],[-85.6824076,42.9532965],[-85.6824092,42.9533582],[-85.6824252,42.9545552],[-85.68242692878641,42.95462800111663],[-85.6821459999453,42.95478371034922],[-85.6816963,42.9550281],[-85.6814842,42.9551433],[-85.6810986,42.9553528],[-85.6809013,42.9554601],[-85.6804452,42.9557079],[-85.6803749,42.9557461],[-85.6799965,42.9559518],[-85.6797679,42.956076],[-85.6796258,42.9561981],[-85.6794409,42.9563569],[-85.679413,42.9563808],[-85.6791677,42.95659150000001],[-85.6790253,42.956713799999996],[-85.6788843,42.9568349],[-85.6782765,42.9573363],[-85.6781065,42.9574765],[-85.6778688,42.957673500000006],[-85.6774689,42.9580065],[-85.6772214,42.9582125],[-85.6764711,42.9588372],[-85.676192,42.959078],[-85.6761333,42.9591346],[-85.6760745,42.9591996],[-85.6760078,42.959286600000006],[-85.6759383,42.9593923],[-85.6758775,42.959490800000005],[-85.67582255317599,42.95957567393753]]}},{"type":"Feature","properties":{"routeId":"14","color":"#39B54A","dir":"Eastbound","trips":75,"dests":"East Fulton"},"geometry":{"type":"LineString","coordinates":[[-85.67236504948143,42.96092365188259],[-85.6723663,42.9609727],[-85.672383,42.961637],[-85.672396,42.962202],[-85.67241063939738,42.96276349558008],[-85.67224578280744,42.96284426872917],[-85.67212136602119,42.9629023804967],[-85.67199694923491,42.962960492264244],[-85.67187253244865,42.96301860403178],[-85.67174784067439,42.96325038413051],[-85.6715252,42.9632509],[-85.6714393,42.9632511],[-85.6711061,42.9632489],[-85.67084,42.9632472],[-85.6708114,42.963247],[-85.6706618,42.963243899999995],[-85.6703911,42.9632382],[-85.6702836,42.963236],[-85.6701797,42.963235],[-85.6697538,42.9632307],[-85.6693664,42.9632258],[-85.6692282,42.9632241],[-85.6691879,42.9632239],[-85.6690832,42.9632234],[-85.668545,42.963221],[-85.6680068,42.96321850000001],[-85.6679217133557,42.96321869802942],[-85.66777431337579,42.963218955418796],[-85.6677446,42.963219],[-85.6669515,42.9632218],[-85.6668557,42.96322],[-85.6667287,42.9632192],[-85.6665901,42.9632162],[-85.6660057,42.9632037],[-85.6655152,42.9631945],[-85.6654196,42.9631931],[-85.6651173,42.9631873],[-85.6649995,42.9631851],[-85.6649082,42.9631837],[-85.6643414,42.9631696],[-85.6642126,42.9631656],[-85.6640912,42.9631632],[-85.6637602,42.963158],[-85.6637284,42.9631561],[-85.663636,42.9631504],[-85.6634175,42.9631321],[-85.6633692,42.9631281],[-85.6631341,42.96311669999999],[-85.6630531,42.9631144],[-85.662651,42.9631049],[-85.6625047,42.9631023],[-85.6618711,42.9630863],[-85.6617684,42.9630842],[-85.6616523,42.963081499999994],[-85.661339,42.96307519999999],[-85.6610409,42.9630692],[-85.660161,42.9630514],[-85.6595814,42.9630387],[-85.6594406,42.9630382],[-85.6592978,42.9630332],[-85.6586813,42.963019],[-85.658535,42.9630166],[-85.6580163,42.9630053],[-85.6578251,42.9630011],[-85.6569521,42.962982],[-85.6568374,42.9629783],[-85.656731,42.9629759],[-85.6558593,42.9629561],[-85.6555376,42.9629525],[-85.6553111,42.96294799999999],[-85.6551405,42.9629429],[-85.6549506,42.9629393],[-85.6544638,42.9629301],[-85.6543914,42.9629281],[-85.6541195,42.9629218],[-85.6533505,42.9629022],[-85.6528862,42.9628903],[-85.6522895,42.962875],[-85.6521975,42.9628728],[-85.6513284,42.9628519],[-85.651209,42.962849],[-85.6501198,42.9628266],[-85.65004,42.962825],[-85.649444,42.962814],[-85.6493331,42.9628127],[-85.6489961,42.962812],[-85.6474639,42.9627903],[-85.6473567,42.9627918],[-85.6472275,42.962791],[-85.6470063,42.962792],[-85.6469572,42.962793],[-85.6468365,42.9627941],[-85.646487,42.962789],[-85.6462401,42.9627869],[-85.6461406,42.9627864],[-85.6459275,42.96278530000001],[-85.6457521,42.9627844],[-85.6455872,42.962783200000004],[-85.6454157,42.962782],[-85.645175,42.962781],[-85.6446938,42.9627765],[-85.6446513,42.9627761],[-85.644556,42.962775],[-85.644454,42.96277409999999],[-85.6444148,42.9627737],[-85.6433952,42.9627644],[-85.642477,42.96275599999999],[-85.642376,42.96275599999999],[-85.6422793,42.96275669999999],[-85.6421401,42.9627578],[-85.641993,42.962759],[-85.6414735,42.9627524],[-85.6411996,42.962748700000006],[-85.6409095,42.962744],[-85.6408066,42.9627433],[-85.6406427,42.9627423],[-85.6404099,42.9627408],[-85.640326,42.9627403],[-85.639784,42.9627368],[-85.639669,42.962736],[-85.6395593,42.9627348],[-85.6392537,42.9627315],[-85.6392283,42.9627312],[-85.6390841,42.9627297],[-85.6386862,42.9627254],[-85.638551,42.96272400000001],[-85.6378274,42.96272569999999],[-85.63772,42.962726],[-85.6374622,42.9627226],[-85.636594,42.962727],[-85.6363302,42.9627239],[-85.6361018,42.9627245],[-85.635965,42.96272400000001],[-85.6358685,42.9627235],[-85.6355871,42.9627224],[-85.6354717,42.9627219],[-85.6353592,42.9627207],[-85.6352374,42.96272],[-85.633874,42.9627126],[-85.6337713,42.9627137],[-85.6336556,42.9627139],[-85.633529,42.9627141],[-85.6332045,42.9627148],[-85.6327163,42.9627157],[-85.63257,42.962716],[-85.631109,42.962718],[-85.629874,42.96272400000001],[-85.629756,42.9627246],[-85.6286797,42.96273],[-85.627468,42.962736],[-85.6263753,42.962736],[-85.6262438,42.962736],[-85.6257016,42.9627399],[-85.6251201,42.962744],[-85.6250253,42.9627447],[-85.6249899,42.962745],[-85.6248599,42.96274519999999],[-85.6246489,42.9627456],[-85.6244566,42.9627464],[-85.6239127,42.9627469],[-85.6231666,42.9627479],[-85.6224204,42.9627489],[-85.6219418,42.9627499],[-85.621867,42.96275],[-85.621106,42.962751],[-85.6202267,42.962751],[-85.620088,42.962751],[-85.619283,42.962745],[-85.61862680365202,42.96274460743745],[-85.61849558280433,42.96297659855485],[-85.61836456283591,42.96302620533551],[-85.6182335428675,42.96307581211617],[-85.61811709282588,42.96314078054977],[-85.61800887011086,42.963214423380826],[-85.61790064739583,42.963288066211874],[-85.6177924246808,42.963361709042935],[-85.61766728292751,42.96346160021492],[-85.617671,42.96463],[-85.6176714,42.9647701],[-85.6176748,42.965824000000005],[-85.617675,42.965902],[-85.6176755,42.965998600000006],[-85.6176767,42.9662116],[-85.61768,42.966818],[-85.6176931,42.96776330000001],[-85.6176977,42.9683193],[-85.6177035,42.9685102],[-85.6177035,42.96880910000001],[-85.6177071,42.9691169],[-85.61771019978859,42.96964414585891],[-85.61766289193453,42.96995822157044],[-85.615274,42.969969],[-85.614055,42.969979],[-85.6129372,42.969979],[-85.6128461,42.969979],[-85.611667,42.969988],[-85.61109580831169,42.96999091450419],[-85.61097404963007,42.97007406150659],[-85.61086064955049,42.97014334377898],[-85.61074724947089,42.97021262605137],[-85.61063384939129,42.97028190832376],[-85.6104146751234,42.97036608285199],[-85.6104156,42.9704517],[-85.610411,42.971299],[-85.6104146,42.9718571],[-85.6104268,42.9726163],[-85.6104335,42.9730324],[-85.6104347,42.9732726],[-85.6104363,42.9735728],[-85.6104383,42.9739609],[-85.61043911695216,42.97412701360595],[-85.61074992339195,42.97422844501302],[-85.61082197521884,42.97432312891985],[-85.61089402704573,42.97441781282668],[-85.61096607887261,42.97451249673352],[-85.6110381306995,42.97460718064035],[-85.61111018252637,42.97470186454718],[-85.61121769600469,42.97481558073147],[-85.611397,42.97484540000001],[-85.612,42.9749448],[-85.612187,42.9749732],[-85.6123481,42.9749956],[-85.61241,42.9750042],[-85.6126358,42.9750269],[-85.6126946,42.9750324],[-85.6130368,42.9750549],[-85.6130828,42.9750563],[-85.6133664,42.9750706],[-85.6136854,42.9750848],[-85.6138261,42.9750911],[-85.6143218,42.9751132],[-85.6146731,42.9751289],[-85.615021,42.9751439],[-85.6154682,42.9751666],[-85.6155077,42.9751684],[-85.6163325,42.9752047],[-85.6165409,42.97521439999999],[-85.6174471,42.97525000000001],[-85.617748,42.9752574],[-85.6178888,42.9752578],[-85.6182686,42.9752582],[-85.6187613,42.9752426],[-85.6190714,42.9752309],[-85.6194881,42.975206400000005],[-85.6196776,42.9751888],[-85.620144,42.9751464],[-85.6201983,42.97514090000001],[-85.6204735,42.9751086],[-85.6205031,42.9751049],[-85.6206217,42.9750906],[-85.620967,42.975037],[-85.621158,42.974988],[-85.62138,42.97491300000001],[-85.6215639,42.9748146],[-85.621608,42.974791],[-85.621714,42.9746982],[-85.621976,42.97446899999999],[-85.622154,42.974386],[-85.62234,42.97433000000001],[-85.622455,42.974313],[-85.6225868,42.97431050000001],[-85.6227115,42.9743128],[-85.6228115,42.9743127],[-85.6232513,42.9743124],[-85.6234634,42.9743123],[-85.6235774,42.97431219999999],[-85.6241663,42.9743117],[-85.62475643300212,42.97431128255152],[-85.6248918920828,42.97455866380106],[-85.62502708511632,42.97460176163776],[-85.62515381241856,42.97466477113383],[-85.6251546,42.9747626],[-85.6251562,42.9749587],[-85.6251568,42.9750327],[-85.6251584,42.97523809999999],[-85.6251606,42.975507500000006],[-85.625161,42.9755572],[-85.6251627,42.9759586],[-85.6251637,42.9761812],[-85.6251867,42.9769731],[-85.6251842,42.9770908],[-85.6251845,42.9771981],[-85.6251855,42.97750220000001],[-85.6251835,42.9781298],[-85.6251831,42.9782425],[-85.6251817,42.9782925],[-85.6251743,42.9785576],[-85.6251734,42.9785902],[-85.62516742269128,42.97900755112063]]}},{"type":"Feature","properties":{"routeId":"10","color":"#FAA61A","dir":"Northbound","trips":67,"dests":"Central Station"},"geometry":{"type":"LineString","coordinates":[[-85.65651469926921,42.83972125616416],[-85.6565344,42.8396485],[-85.6565479,42.8395986],[-85.6565738,42.8395461],[-85.6566026,42.8394882],[-85.6566354,42.8394313],[-85.6567636,42.83923039999999],[-85.6567867,42.8391766],[-85.6568037,42.8391193],[-85.65681,42.839069099999996],[-85.6568149,42.8390136],[-85.6568158,42.8387384],[-85.6568102,42.838602800000004],[-85.6567948,42.8380101],[-85.6567887670151,42.8379400503421],[-85.6571318,42.8378346],[-85.657188,42.8377569],[-85.6572087,42.8377283],[-85.6572412,42.83768349999999],[-85.65758788555283,42.837709066133726],[-85.65762221554716,42.83745676743073],[-85.6577442,42.8374254],[-85.6578608,42.8374078],[-85.6580046,42.83739400000001],[-85.658153,42.8373813],[-85.658269,42.8373774],[-85.6583864,42.8373773],[-85.6585038,42.8374294],[-85.6586545,42.8374963],[-85.658797,42.8375945],[-85.6590173,42.8377463],[-85.6591486,42.83780380000001],[-85.6592078,42.8378088],[-85.6593857,42.8378239],[-85.6598653,42.8378025],[-85.6605298,42.8377969],[-85.6611034,42.8377921],[-85.6612877,42.83779049999999],[-85.661948,42.8378045],[-85.66292,42.8378252],[-85.66332920072732,42.837821587362],[-85.66365804237105,42.83789214424462],[-85.6636586,42.838964],[-85.663666,42.839613],[-85.6636733,42.8399959],[-85.6636847,42.8405554],[-85.6640013895482,42.84071428228946],[-85.6641632,42.8407192],[-85.6643973,42.8407189],[-85.6644601,42.84072],[-85.6645983,42.8407224],[-85.664679,42.8407237],[-85.665674,42.8407405],[-85.665705,42.840741],[-85.6665363,42.8407521],[-85.666749,42.840755],[-85.6669787,42.8407588],[-85.667288,42.840764],[-85.6674172,42.8407667],[-85.668187,42.840783],[-85.668642,42.840786],[-85.6694959,42.8407997],[-85.670261,42.840812],[-85.671584,42.84083199999999],[-85.6716089,42.8408318],[-85.6717505,42.8408337],[-85.671927,42.840838999999995],[-85.6722676,42.840847700000005],[-85.6725918,42.840856],[-85.6728824,42.840863399999996],[-85.6729988,42.8408664],[-85.6735934,42.8408716],[-85.6738794,42.840875],[-85.6740717,42.84087980000001],[-85.6742002,42.840883],[-85.6744348,42.840888],[-85.674541,42.8408914],[-85.6746943,42.8408941],[-85.674895,42.8408969],[-85.6750045,42.8408984],[-85.6751288,42.8409012],[-85.6752778,42.8409026],[-85.6753703,42.8409034],[-85.6755771,42.8409053],[-85.6756654,42.8409061],[-85.6758732,42.840908000000006],[-85.6759684,42.8409084],[-85.6761015,42.84091039999999],[-85.6762095,42.8409111],[-85.676563,42.840913],[-85.6766256,42.8409138],[-85.67676596590786,42.84115084970807],[-85.67690555789984,42.841185503273714],[-85.67704514989182,42.84122015683935],[-85.67718474188379,42.84125481040498],[-85.6774508,42.8414671],[-85.6774797,42.8416817],[-85.6775319,42.842048199999994],[-85.6776689,42.8428425],[-85.6777004,42.8430568],[-85.67774670975372,42.84324131087411],[-85.67777113462792,42.84334890801861],[-85.6780588,42.8449096],[-85.6781276,42.8453781],[-85.67817,42.8457447],[-85.6782194,42.8461776],[-85.6782604,42.84665189999999],[-85.6783254,42.8475365],[-85.6783504,42.8477579],[-85.6783925,42.84802979999999],[-85.67849432002875,42.84874884334589],[-85.67850118193036,42.84886245654158],[-85.6785231,42.8494051],[-85.6785988,42.8509139],[-85.6787926,42.8547792],[-85.67890484256719,42.857106952724074],[-85.67879136517396,42.85721992174451],[-85.6788005,42.8573194],[-85.6788314,42.8578034],[-85.6788524,42.8580195],[-85.6788831,42.8582924],[-85.67899193645836,42.858946496338824],[-85.67899902848919,42.85905970685181],[-85.67906739005818,42.86046993693157],[-85.67906618534474,42.86058357482002],[-85.6790362,42.8612568],[-85.6790285,42.861552],[-85.6790085,42.8628102],[-85.6790025,42.862925],[-85.6789913,42.8630146],[-85.6789800042447,42.86308455299889],[-85.67864534491956,42.86316287952981],[-85.67860291918545,42.863266837119546],[-85.67856049345134,42.86337079470929],[-85.67879492541432,42.86355569225653],[-85.6787218,42.86368],[-85.6786784,42.8637417],[-85.6786283,42.8638054],[-85.6785777,42.8638672],[-85.6785124,42.8639349],[-85.6784315,42.8640163],[-85.6783466,42.8640937],[-85.678022,42.8643608],[-85.67792768957969,42.86444577512489],[-85.677994,42.864661],[-85.677888,42.86472],[-85.677783,42.864821],[-85.677718,42.864914],[-85.677656,42.865038],[-85.67762,42.86517700000001],[-85.6776058,42.86533940000001],[-85.67759731763394,42.86564447013944],[-85.67763343604481,42.8659548729697],[-85.6777966,42.8659567],[-85.6791405,42.86597710000001],[-85.6800044,42.865986],[-85.68085,42.865993800000005],[-85.68124353592675,42.865996978112776],[-85.68138986419414,42.86599520279715],[-85.68148356000222,42.8659114383036],[-85.68157725581031,42.86582767381003],[-85.6816709516184,42.86574390931648],[-85.68176464742649,42.86566014482292],[-85.68185834323458,42.86557638032936],[-85.68195203904266,42.865492615835805],[-85.68204573485076,42.865408851342245],[-85.68213943065885,42.86532508684869],[-85.682250103833,42.8652677074914],[-85.68239740091235,42.86526724666474],[-85.68254469799172,42.86526678583808],[-85.68269199507108,42.86526632501143],[-85.68283929215045,42.86526586418477],[-85.68298658922981,42.86526540335812],[-85.68313388630918,42.86526494253147],[-85.68328118338854,42.865264481704806],[-85.68342848046791,42.86526402087816],[-85.68378203597041,42.86533076242494],[-85.6837941,42.865841499999995],[-85.6837966,42.8658685],[-85.6838033,42.8658916],[-85.68382385732265,42.865927935603274],[-85.68389005091058,42.86606548831656],[-85.6838939,42.8661443],[-85.6838966,42.8662334],[-85.6839055,42.8664816],[-85.6839118,42.866655],[-85.68391400659159,42.866716395165746],[-85.68390735010423,42.86684004816541],[-85.6838896,42.8668906],[-85.6838586,42.8669602],[-85.6838459,42.8670007],[-85.68384,42.8670614],[-85.6838374,42.867108],[-85.6838421,42.8672916],[-85.6838457,42.8674858],[-85.6838651,42.86801810000001],[-85.6838792,42.86840279999999],[-85.6838828,42.8684977],[-85.6839102,42.869557300000004],[-85.6839263,42.8700523],[-85.6839346,42.8702164],[-85.6839619,42.8706179],[-85.6839713,42.8711377],[-85.6840217,42.8721515],[-85.6840363,42.8725665],[-85.6840472,42.87292],[-85.6840673,42.8735467],[-85.684108,42.8745631],[-85.6841117,42.8746651],[-85.6841367,42.8754263],[-85.6841571,42.87598150000001],[-85.6841676,42.8762321],[-85.6841798,42.8764607],[-85.6841897,42.8768449],[-85.684205,42.8772592],[-85.6842169,42.8776431],[-85.6842403,42.8782059],[-85.6842542,42.878588],[-85.6842652,42.8789103],[-85.6842873,42.8797758],[-85.6842993,42.8800825],[-85.6843244,42.8805325],[-85.684344,42.8811614],[-85.6843598,42.8817492],[-85.6843685,42.882014299999994],[-85.6843719,42.8821227],[-85.6843856,42.8827062],[-85.6844099,42.8834307],[-85.6844121,42.8835087],[-85.6844169,42.8836736],[-85.6844213,42.8838444],[-85.6844271,42.8840706],[-85.6844283,42.88411740000001],[-85.6844328,42.8841733],[-85.6844397,42.8843034],[-85.6844445,42.8843935],[-85.6844558,42.8846031],[-85.6844588,42.8846592],[-85.6844634,42.8847465],[-85.684464,42.8847703],[-85.6844666,42.8848799],[-85.6844693,42.88499660000001],[-85.6844715,42.885089],[-85.6844851,42.8856624],[-85.684489,42.8858297],[-85.6844899,42.885864999999995],[-85.6844946,42.8859812],[-85.6845118,42.88639890000001],[-85.6845145,42.8864648],[-85.6845366,42.88700140000001],[-85.6845834,42.8881959],[-85.6846044,42.8886589],[-85.6846281,42.8891789],[-85.6846322,42.8892723],[-85.6846481,42.889630600000004],[-85.6846708,42.890141],[-85.6846811,42.8905191],[-85.6847013,42.8912609],[-85.6847082,42.8915184],[-85.684725,42.8921385],[-85.6847338,42.892461299999994],[-85.6847571,42.8929465],[-85.6847805,42.8934337],[-85.6847924,42.8937893],[-85.6848171,42.8945298],[-85.6848224,42.8947002],[-85.6848456,42.8954546],[-85.6848495,42.8956229],[-85.6848679,42.8964121],[-85.6848722,42.8965251],[-85.684883,42.896796699999996],[-85.684894,42.8971004],[-85.6849025,42.8973264],[-85.6849099,42.8975335],[-85.6849284,42.8980475],[-85.6849355,42.8982456],[-85.6849391,42.8983465],[-85.68494,42.89841499999999],[-85.6849417,42.898532100000004],[-85.6849475,42.8987056],[-85.68495,42.8988142],[-85.6849528,42.898935],[-85.6849601,42.8992508],[-85.6849614,42.8993084],[-85.6849659,42.8994006],[-85.6849813,42.8997119],[-85.6850044,42.9001824],[-85.6850224,42.9005503],[-85.6850277,42.900653],[-85.685042,42.900932],[-85.6850732,42.9015435],[-85.6850772,42.9016281],[-85.6851154,42.9024494],[-85.6851302,42.902767499999996],[-85.685147,42.9032483],[-85.6851668,42.903809800000005],[-85.6851743,42.9040233],[-85.6852159,42.9051937],[-85.68524625426052,42.90600175819002],[-85.68525598574013,42.906110134599984],[-85.68534215329382,42.90621759803461],[-85.6853478,42.9064687],[-85.6853542,42.9067533],[-85.685367,42.906977],[-85.685408,42.907909],[-85.685419,42.908028],[-85.685451,42.908703],[-85.685454,42.908875],[-85.685479,42.90950600000001],[-85.685493,42.909723],[-85.685523,42.910395],[-85.6855543,42.9111373],[-85.685561,42.911287],[-85.6855754,42.9117174],[-85.6855885,42.911866],[-85.6855928,42.9119463],[-85.6856023,42.9121571],[-85.6856202,42.9125341],[-85.6856309,42.9127619],[-85.685638,42.9129111],[-85.6856514,42.9131952],[-85.685659,42.913355],[-85.6856663,42.9135207],[-85.6856736,42.9136858],[-85.6856787,42.9138015],[-85.6856856,42.9139583],[-85.6856904,42.9140649],[-85.685697,42.9141668],[-85.6857038,42.9143684],[-85.6857194,42.9147213],[-85.6857297,42.91484499999999],[-85.685782,42.916136],[-85.6858243,42.9169186],[-85.6858282,42.9169987],[-85.6858315,42.9170793],[-85.6858593,42.9177755],[-85.6858881,42.9183746],[-85.6859182,42.9193275],[-85.6859319,42.9196386],[-85.685956,42.920188],[-85.685973,42.920635],[-85.685988,42.921107],[-85.6859911,42.9212202],[-85.6859975,42.9214475],[-85.6860009,42.9215714],[-85.686013,42.922006],[-85.686018,42.9220952],[-85.686038,42.922453999999995],[-85.686058,42.922915],[-85.686087,42.923814],[-85.68612,42.924616],[-85.686127,42.925082],[-85.686172,42.9261],[-85.6861999,42.9272075],[-85.6862072,42.9274598],[-85.6862095,42.9275472],[-85.6862163,42.9278103],[-85.686219,42.927917],[-85.6862292,42.9280482],[-85.6862477,42.9282873],[-85.6862651,42.9285352],[-85.6862722,42.92862240000001],[-85.6863012,42.92897849999999],[-85.6863088,42.9292133],[-85.686313,42.929295],[-85.6863199,42.9293983],[-85.686372,42.930182],[-85.6864349,42.9315901],[-85.6864497,42.9319937],[-85.6864702,42.9323606],[-85.6864856,42.9326869],[-85.6865118,42.933201700000005],[-85.686522,42.93336],[-85.68656,42.934247],[-85.686563,42.9343035],[-85.686609,42.935173],[-85.6866332,42.9355227],[-85.6866479,42.9358856],[-85.68631523636078,42.93603244354928],[-85.68627912632286,42.936137688938835],[-85.68625445435389,42.93626502768619],[-85.686145,42.936312],[-85.68601,42.9363773],[-85.685713,42.936521],[-85.6855155,42.9366303],[-85.6854289,42.9367186],[-85.685373,42.936792],[-85.685302,42.936907],[-85.6852859,42.9369356],[-85.6852332,42.9370292],[-85.685196,42.9370975],[-85.6850903,42.9372919],[-85.684999,42.937444],[-85.6847027,42.937971],[-85.684617,42.938113],[-85.684408,42.938488],[-85.684297,42.938676],[-85.6840516,42.9391115],[-85.6839481,42.9393047],[-85.6836934,42.9398016],[-85.6836138,42.9399509],[-85.6834437,42.9402617],[-85.683208,42.9406765],[-85.6828922,42.94124],[-85.68277023290676,42.94145835282051],[-85.68252716778146,42.941641752327705],[-85.6823269,42.9416377],[-85.682018,42.9416337],[-85.681378,42.941619],[-85.6807707,42.9416116],[-85.68019618913797,42.9416027429191],[-85.68005617841742,42.94155061703872],[-85.67995682803334,42.9414704697967],[-85.67985747764926,42.941390322554675],[-85.67975812726519,42.94131017531266],[-85.67965877688111,42.941230028070635],[-85.67955942649702,42.94114988082861],[-85.67946007611296,42.941069733586595],[-85.67936072572887,42.94098958634457],[-85.67926011632797,42.94091335907377],[-85.67912255673549,42.94095217687961],[-85.67898499714302,42.94099099468545],[-85.67884743755053,42.94102981249128],[-85.67870987795806,42.941068630297124],[-85.67857231836557,42.94110744810296],[-85.67849308319582,42.94117440846356],[-85.6784373,42.941305199999995],[-85.6781776,42.94186280000001],[-85.677968,42.942299],[-85.6772816,42.943752],[-85.676617,42.945159],[-85.67635,42.945793],[-85.676028,42.946712],[-85.6758987,42.9470953],[-85.675725,42.94761],[-85.6756205,42.947905000000006],[-85.675366,42.948624],[-85.67541872290307,42.94874473135173],[-85.67548541647837,42.94884152414524],[-85.67555211005364,42.948938316938744],[-85.67561880362894,42.94903510973224],[-85.67568549720421,42.94913190252574],[-85.6757521907795,42.949228695319256],[-85.67581888435477,42.949325488112756],[-85.67588557793006,42.94942228090627],[-85.67593726781921,42.94957701971567],[-85.6763809,42.9497067],[-85.67702904495536,42.949895964204174],[-85.67713810545101,42.949955514897276],[-85.67721219489907,42.950049340799026],[-85.67728628434713,42.95014316670078],[-85.67736037379521,42.95023699260253],[-85.67743446324327,42.95033081850428],[-85.67750855269134,42.95042464440603],[-85.6775826421394,42.95051847030778],[-85.6776223852416,42.950625727893716],[-85.6773577,42.9511015],[-85.677308,42.951191],[-85.676804,42.9521159],[-85.6767617,42.95219229999999],[-85.6765979,42.95249900000001],[-85.6762163,42.9531836],[-85.6761342,42.9533323],[-85.6761061,42.9533839],[-85.676034,42.9535163],[-85.6759987,42.9535811],[-85.6758537,42.9538311],[-85.6755971,42.95428110000001],[-85.6755745,42.9543224],[-85.675528,42.954383],[-85.6754146,42.9545865],[-85.675297,42.9547974],[-85.675087,42.955174],[-85.6749504,42.9554198],[-85.674878,42.95555],[-85.6746674,42.955955499999995],[-85.674624,42.956039]]}},{"type":"Feature","properties":{"routeId":"24","color":"#BED62F","dir":"Eastbound","trips":66,"dests":"Woodland"},"geometry":{"type":"LineString","coordinates":[[-85.73984507888255,42.88381606562953],[-85.7399806577651,42.88377363125906],[-85.74011623664765,42.88373119688859],[-85.7402518155302,42.88368876251811],[-85.74038739441275,42.88364632814764],[-85.7405229732953,42.88360389377717],[-85.74065855217785,42.8835614594067],[-85.7407941310604,42.88351902503623],[-85.74092970994295,42.88347659066576],[-85.7410652888255,42.88343415629529],[-85.74120086770805,42.883391721924816],[-85.7413364465906,42.88334928755434],[-85.74147202547314,42.88330685318387],[-85.74160760435569,42.8832644188134],[-85.74174318323824,42.883221984442926],[-85.74183769256636,42.883148096995775],[-85.74190043224105,42.88304987879171],[-85.74196317191574,42.88295166058764],[-85.74202591159045,42.88285344238358],[-85.74208865126514,42.882755224179505],[-85.74215139093984,42.882657005975446],[-85.74221413061453,42.88255878777138],[-85.74227687028923,42.882460569567314],[-85.74233960996392,42.882362351363255],[-85.74240234963862,42.88226413315918],[-85.74246508931331,42.88216591495512],[-85.742527828988,42.88206769675105],[-85.7425905686627,42.88196947854699],[-85.7426533083374,42.88187126034292],[-85.7427160480121,42.88177304213885],[-85.74286015578397,42.88176560309192],[-85.743252,42.881684],[-85.7434019,42.881685000000004],[-85.7434291,42.8816852],[-85.7437096,42.881687],[-85.7443678,42.88169130000001],[-85.7445262,42.88169229999999],[-85.7447262,42.8816936],[-85.745403,42.881698],[-85.745658,42.881695],[-85.745876,42.88168],[-85.7460503,42.8816569],[-85.74611,42.881649],[-85.7462888,42.881616699999995],[-85.746359,42.881604],[-85.746645,42.881559],[-85.746707,42.8815501],[-85.7467507,42.8815439],[-85.746815,42.881537],[-85.747179,42.881515],[-85.747883,42.881505],[-85.748053,42.8814973],[-85.748138,42.881495],[-85.748385,42.881461],[-85.74861,42.881405],[-85.748834,42.881326],[-85.749105,42.881201],[-85.749749,42.880867],[-85.74988,42.880811],[-85.750058,42.880748999999994],[-85.7501135,42.8807344],[-85.750252,42.880698],[-85.7503029570196,42.880688903655965],[-85.7505204500324,42.88089124886866],[-85.75066606763826,42.880874896020785],[-85.75081168524414,42.880858543172906],[-85.75095730285003,42.880842190325026],[-85.7511029204559,42.88082583747715],[-85.75124853806177,42.88080948462927],[-85.75139415566764,42.88079313178138],[-85.75153977327352,42.8807767789335],[-85.7516853908794,42.88076042608562],[-85.7517369942586,42.88066837201669],[-85.75177195330228,42.880562915757814],[-85.75180691234596,42.88045745949894],[-85.75184187138963,42.88035200324006],[-85.75187683043329,42.88024654698119],[-85.75191178947696,42.880141090722326],[-85.75194674852064,42.88003563446345],[-85.75198170756431,42.879930178204575],[-85.75201666660799,42.879824721945695],[-85.75205162565166,42.87971926568683],[-85.75200300571235,42.8796556393658],[-85.75189419999309,42.87972881409776],[-85.75178539427384,42.87980198882971],[-85.7516765885546,42.87987516356167],[-85.75156778283534,42.87994833829362],[-85.75145897711609,42.88002151302558],[-85.75135017139685,42.88009468775754],[-85.75124136567759,42.88016786248949],[-85.75113255995834,42.88024103722145],[-85.75102375423909,42.880314211953404],[-85.75097458947491,42.880569034699775],[-85.7508346,42.880594],[-85.750252,42.880698],[-85.7501135,42.8807344],[-85.750058,42.880748999999994],[-85.74988,42.880811],[-85.749749,42.880867],[-85.749105,42.881201],[-85.748834,42.881326],[-85.74861,42.881405],[-85.748385,42.881461],[-85.748138,42.881495],[-85.748053,42.8814973],[-85.747883,42.881505],[-85.747179,42.881515],[-85.746815,42.881537],[-85.7467507,42.8815439],[-85.746707,42.8815501],[-85.746645,42.881559],[-85.746359,42.881604],[-85.7462888,42.881616699999995],[-85.74611,42.881649],[-85.7460503,42.8816569],[-85.745876,42.88168],[-85.745658,42.881695],[-85.745403,42.881698],[-85.7447262,42.8816936],[-85.7445262,42.88169229999999],[-85.7443678,42.88169130000001],[-85.7441802905944,42.88169007500692],[-85.74408608060303,42.8817363689604],[-85.7440212973131,42.88183386390353],[-85.74395651402315,42.88193135884666],[-85.74389173073322,42.88202885378979],[-85.7438269474433,42.88212634873293],[-85.74376216415335,42.88222384367606],[-85.74369738086341,42.88232133861919],[-85.74363259757347,42.882418833562326],[-85.74356781428354,42.88251632850545],[-85.74325604770527,42.88261441157375],[-85.7432567,42.88276320000001],[-85.7432599,42.883472000000005],[-85.7432639,42.8843924],[-85.7432822,42.8844908],[-85.7432879,42.8847642],[-85.7432897,42.8848536],[-85.743324,42.8856419],[-85.7433269,42.8856894],[-85.7433301,42.8857841],[-85.7433559,42.886547300000004],[-85.743367,42.88693],[-85.7433887,42.887463800000006],[-85.7433989,42.8877156],[-85.743429,42.888456],[-85.7434435,42.8887868],[-85.743514,42.89039689999999],[-85.743574,42.892001],[-85.74362,42.8930719],[-85.743646,42.893750999999995],[-85.7436581,42.8940969],[-85.7436664,42.894367],[-85.7436951,42.89514390000001],[-85.7437114,42.8956456],[-85.7437264,42.8960935],[-85.7437307,42.8962183],[-85.7437371,42.89636699999999],[-85.7437734,42.8973728],[-85.74378,42.897956],[-85.743828,42.899205],[-85.7438431,42.9004008],[-85.7438493,42.9009217],[-85.7438623,42.9019746],[-85.7438647,42.9021285],[-85.743877,42.902683],[-85.7438927,42.903803],[-85.7438958,42.904018199999996],[-85.7438996,42.9042916],[-85.743908,42.904893],[-85.7439091,42.9050209],[-85.743919,42.9061931],[-85.74392,42.906306],[-85.743923,42.9064297],[-85.7439294,42.9068247],[-85.7439352,42.9071437],[-85.743942,42.9075232],[-85.7439485,42.9078825],[-85.743954,42.908185],[-85.7439586,42.9083887],[-85.7439643,42.9086448],[-85.743967,42.908764],[-85.7439665,42.90892720000001],[-85.743966,42.909113],[-85.743972,42.909364],[-85.7439803,42.9098976],[-85.743981,42.9099428],[-85.743983,42.910073],[-85.7439834,42.9101398],[-85.743984,42.91023499999999],[-85.7439865,42.9103987],[-85.7440006,42.9113203],[-85.7440188,42.912351],[-85.744017,42.912395],[-85.7440255,42.91297790000001],[-85.7440318,42.9134154],[-85.744034,42.913566],[-85.7440395,42.913717],[-85.7440552,42.9141523],[-85.744061,42.914311],[-85.7440709,42.9145734],[-85.744088,42.915024],[-85.7440959,42.9153972],[-85.7440977,42.91545210000001],[-85.744115,42.915744],[-85.744129,42.916131],[-85.744141,42.916454],[-85.744155,42.916857799999995],[-85.74417,42.91716100000001],[-85.7441905,42.9178693],[-85.74419512928709,42.91802900055487],[-85.74385782398284,42.91813724591103],[-85.74381392881047,42.91824087160445],[-85.7437700336381,42.91834449729788],[-85.74372613846575,42.91844812299131],[-85.74368224329336,42.91855174868474],[-85.74363834812101,42.91865537437816],[-85.74359445294864,42.91875900007159],[-85.74355055777627,42.918862625765016],[-85.74369806469555,42.9190953803567],[-85.741705,42.9207],[-85.741431,42.920911],[-85.741123,42.921137],[-85.740743,42.921392],[-85.7405597,42.9215103],[-85.74024132904634,42.92140810627771],[-85.74012459391888,42.921474311653476],[-85.7400022994307,42.92153354401747],[-85.73986700958216,42.921576476521636],[-85.73973171973361,42.921619409025794],[-85.73959642988508,42.92166234152996],[-85.73946114003654,42.92170527403411],[-85.739325850188,42.92174820653827],[-85.73919056033945,42.92179113904243],[-85.73905527049092,42.92183407154659],[-85.7389199806424,42.92187700405075],[-85.73878469079384,42.92191993655491],[-85.7386494009453,42.92196286905907],[-85.73851411109676,42.92200580156323],[-85.73837882124822,42.922048734067396],[-85.73824353139969,42.922091666571546],[-85.73810824155115,42.922134599075704],[-85.73797295170262,42.92217753157987],[-85.7376686979568,42.92219684333596],[-85.73694,42.92132699999999],[-85.7368152,42.9212074],[-85.7367769,42.921175100000006],[-85.7365822,42.9210698],[-85.7363446,42.9210396],[-85.734856,42.921059],[-85.7340779,42.9210748],[-85.733726,42.921082],[-85.732916,42.921102],[-85.732249,42.921116],[-85.731686,42.921127000000006],[-85.730861,42.921141999999996],[-85.730452,42.921150000000004],[-85.729919,42.921162],[-85.72933,42.921172999999996],[-85.728295,42.921195999999995],[-85.727744,42.921208],[-85.727284,42.92121999999999],[-85.7272222,42.9212208],[-85.726896,42.921225],[-85.726097,42.921244],[-85.7256739,42.9212548],[-85.7251705,42.9212676],[-85.7250339,42.9212711],[-85.724896,42.9212676],[-85.7244586,42.9212567],[-85.7235632,42.9212343],[-85.723192,42.921225],[-85.722734,42.921214],[-85.722668,42.921213],[-85.7224557,42.921208199999995],[-85.721614,42.92118899999999],[-85.721274,42.921182],[-85.7205907,42.9211669],[-85.7202194,42.9211581],[-85.7197902,42.921147899999994],[-85.719418,42.921139],[-85.7187663,42.9211264],[-85.718266,42.9211166],[-85.717975,42.92111100000001],[-85.7171,42.921093],[-85.7161467,42.9210704],[-85.7156767,42.9210593],[-85.7155754,42.9210569],[-85.715326,42.92105099999999],[-85.714731,42.921037],[-85.713627,42.921013],[-85.713315,42.921005],[-85.71306,42.921],[-85.712533,42.920989000000006],[-85.712055,42.920978],[-85.711441,42.920964],[-85.710721,42.92095],[-85.710436,42.920942],[-85.710016,42.920933],[-85.709197,42.920917],[-85.7090751,42.9209143],[-85.7085634,42.9209032],[-85.7083256,42.920898],[-85.7077159,42.9208847],[-85.7074993,42.92088],[-85.7073814,42.9208774],[-85.7068223,42.920865299999996],[-85.70589026262354,42.92084499954133],[-85.70557417896465,42.92099826215314],[-85.7056066,42.9222416],[-85.7056071,42.9222626],[-85.7056326,42.9232379],[-85.7056336,42.9232745],[-85.7056522,42.92398829999999],[-85.7056689,42.9246287],[-85.7056988,42.9257756],[-85.7057093,42.9261783],[-85.7057269,42.9266041],[-85.7057366,42.9268395],[-85.7057386,42.9269021],[-85.7057442,42.9270789],[-85.7057493,42.927281],[-85.7057589,42.9275841],[-85.70538510735159,42.92764528404498],[-85.70524322366512,42.92767444739696],[-85.70510133997865,42.92770361074896],[-85.7049594562922,42.92773277410095],[-85.70481757260573,42.92776193745295],[-85.70467568891928,42.92779110080494],[-85.70453380523281,42.92782026415693],[-85.70439192154636,42.927849427508924],[-85.7042500378599,42.92787859086092],[-85.70410416624817,42.92812638702292],[-85.7039137,42.9281245],[-85.7038202,42.9281246],[-85.7032203,42.9281208],[-85.703008,42.928117799999995],[-85.7028534,42.9281162],[-85.7018792,42.9281003],[-85.7016956,42.9280991],[-85.7014055,42.9280943],[-85.700902,42.92808639999999],[-85.7005879,42.9280837],[-85.700509,42.9280829],[-85.7004221,42.9280821],[-85.7001038,42.9280767],[-85.6999627,42.9280738],[-85.6997764,42.928072500000006],[-85.6996047,42.9280694],[-85.699259,42.9280668],[-85.6989738000938,42.928064675089786],[-85.69882965271643,42.92799694116401],[-85.69873865948841,42.927911573714745],[-85.69864766626041,42.92782620626547],[-85.6985566730324,42.927740838816206],[-85.69846567980439,42.92765547136694],[-85.69837468657639,42.92757010391767],[-85.69828369334837,42.92748473646841],[-85.69819270012036,42.92739936901914],[-85.69810170689236,42.927314001569876],[-85.69801071366435,42.9272286341206],[-85.69791972043633,42.92714326667134],[-85.69782872720833,42.92705789922207],[-85.69773773398032,42.9269725317728],[-85.6976467407523,42.92688716432353],[-85.69754233311261,42.92678709831697],[-85.697467,42.924705],[-85.697452,42.924297],[-85.697456,42.924167],[-85.697463,42.923895],[-85.69749,42.923647],[-85.697548,42.923331],[-85.697628636844,42.92302206066612],[-85.69764388287844,42.92289811070317],[-85.697652,42.922802],[-85.6976425,42.9227304],[-85.6976312,42.9226452],[-85.697622,42.922576],[-85.6975921,42.9224921],[-85.697548,42.92239200000001],[-85.697041,42.921653],[-85.6970105,42.921592],[-85.696864,42.921347],[-85.696748,42.921103],[-85.6967352,42.921070199999996],[-85.696637,42.920818],[-85.69658,42.920656],[-85.696493,42.920349],[-85.6964763,42.9202757],[-85.696383,42.919867],[-85.696287,42.91942],[-85.695931,42.917824],[-85.6958298,42.9173842],[-85.695755,42.917059],[-85.695719,42.91683199999999],[-85.695667,42.916544],[-85.6955826,42.9160396],[-85.6955668,42.9158585],[-85.6955451,42.91557989999999],[-85.69554,42.91551],[-85.6955161,42.91506799999999],[-85.695496,42.914696],[-85.6954904,42.914527199999995],[-85.6954869,42.914422],[-85.695475,42.914061],[-85.6954734,42.91401],[-85.6954695,42.9138892],[-85.69546015150578,42.91359610739417],[-85.6951795598366,42.91340294611628],[-85.6946517,42.9133991],[-85.6944115,42.9133988],[-85.6941714,42.9133986],[-85.6939514,42.9133983],[-85.6936576,42.913398],[-85.693631,42.913398],[-85.6931287,42.9133939],[-85.6928874,42.9133919],[-85.6924829,42.9133886],[-85.692405,42.91338799999999],[-85.6921592,42.9133872],[-85.6920793,42.913386300000006],[-85.6918362,42.913383499999995],[-85.6914831,42.9133851],[-85.6912746,42.9133868],[-85.6911386,42.9133879],[-85.6902308,42.913378599999994],[-85.6897522,42.91337579999999],[-85.689616,42.913375],[-85.6894355,42.9133739],[-85.6887659,42.91337],[-85.688246,42.913367],[-85.6879762,42.9133662],[-85.687489,42.9133648],[-85.6874015,42.9133646],[-85.6872727,42.9133642],[-85.6871696,42.9133639],[-85.68687,42.913363],[-85.6864702,42.913360499999996],[-85.6861575,42.91335839999999],[-85.68607155968655,42.91335781114365],[-85.68598276916269,42.91361261149795],[-85.68567543082649,42.91372733463235],[-85.6856787,42.9138015],[-85.6856856,42.9139583],[-85.6856904,42.9140649],[-85.685697,42.9141668],[-85.6857038,42.9143684],[-85.6857194,42.9147213],[-85.6857297,42.91484499999999],[-85.685782,42.916136],[-85.6858243,42.9169186],[-85.6858282,42.9169987],[-85.6858315,42.9170793],[-85.6858593,42.9177755],[-85.6858881,42.9183746],[-85.6859182,42.9193275],[-85.6859319,42.9196386],[-85.685956,42.920188],[-85.685973,42.920635],[-85.685988,42.921107],[-85.6859911,42.9212202],[-85.6859975,42.9214475],[-85.6860009,42.9215714],[-85.686013,42.922006],[-85.686018,42.9220952],[-85.686038,42.922453999999995],[-85.686058,42.922915],[-85.686087,42.923814],[-85.68612,42.924616],[-85.686127,42.925082],[-85.686172,42.9261],[-85.68619885002664,42.92716582095004],[-85.68601679804088,42.92722440530331],[-85.68588670758436,42.92727532347665],[-85.68575661712785,42.92732624164999],[-85.68562652667133,42.92737715982332],[-85.6854964362148,42.927428077996666],[-85.6853663457583,42.92747899617],[-85.68523625530179,42.92752991434334],[-85.68510616484527,42.927580832516675],[-85.68497607438874,42.92763175069001],[-85.68483495180061,42.92787150185976],[-85.6847309,42.9278682],[-85.6844572,42.9278652],[-85.6842761,42.9278676],[-85.6841772,42.9278719],[-85.6840656,42.9278725],[-85.6838704,42.9278722],[-85.6836754,42.9278722],[-85.6832084,42.927859],[-85.6831143,42.92785709999999],[-85.6827732,42.927849],[-85.6824454,42.9278367],[-85.6819993,42.9278218],[-85.6814707,42.9278064],[-85.681319,42.927803],[-85.6812042,42.9278005],[-85.6811722,42.9277998],[-85.6810893,42.927798],[-85.6802963,42.927783],[-85.6796038,42.9277647],[-85.6787039,42.9277472],[-85.6784247,42.92774180000001],[-85.6783239,42.9277398],[-85.678198,42.927737],[-85.6780592,42.9277331],[-85.6779974,42.9277314],[-85.6776348,42.9277213],[-85.6771926,42.9277108],[-85.6770727,42.9277084],[-85.675861,42.92768850000001],[-85.6753216,42.9276802],[-85.6747732,42.927672799999996],[-85.6746375,42.9276709],[-85.6745466,42.9276698],[-85.6743702,42.927667899999996],[-85.6743084,42.927667199999995],[-85.6741255,42.92766509999999],[-85.6739722,42.9276626],[-85.6735032,42.9276548],[-85.6734551,42.9276539],[-85.673407,42.927653],[-85.6733081,42.9276515],[-85.6731362,42.9276488],[-85.6725513,42.9276399],[-85.6723038,42.927636199999995],[-85.6716834,42.927626800000006],[-85.671562,42.927625],[-85.6714632,42.9276238],[-85.671139,42.9276199],[-85.6705882,42.9276142],[-85.6704654,42.9276117],[-85.6702203,42.9276087],[-85.6698721,42.92760450000001],[-85.669667,42.927602],[-85.6692915,42.9275965],[-85.6689634,42.9275917],[-85.6683735,42.927583],[-85.667896,42.9275757],[-85.6676174,42.9275713],[-85.667385,42.9275676],[-85.667263,42.9275657],[-85.6667853,42.927559],[-85.66661384747898,42.92755343021132],[-85.666517,42.9275446],[-85.666422,42.927536],[-85.666194,42.927521],[-85.6660815,42.9275164],[-85.6660453,42.92751489999999],[-85.6654866,42.9274918],[-85.66537,42.927487],[-85.6652809,42.9274858],[-85.6642448,42.9274725],[-85.664131,42.927471000000004],[-85.6640362,42.9274694],[-85.6634412,42.927459],[-85.6629913,42.9274512],[-85.662865,42.927449],[-85.6627232,42.9274475],[-85.6621965,42.9274418],[-85.662119,42.927441],[-85.661638,42.927438],[-85.66062401519194,42.927423221274054],[-85.66049099435561,42.92716937400552],[-85.66035213365404,42.927133159739185],[-85.66021327295246,42.927096945472854],[-85.66007441225089,42.92706073120652],[-85.65993555154932,42.927024516940186],[-85.65979669084776,42.926988302673855],[-85.65965783014617,42.92695208840752],[-85.6595189694446,42.92691587414118],[-85.65938010874302,42.92687965987485],[-85.65924124804145,42.92684344560851],[-85.65910238733987,42.926807231342174],[-85.6589635266383,42.926771017075836],[-85.65888377995046,42.92668583195663],[-85.6588188123255,42.92658840366073],[-85.65875384470056,42.92649097536483],[-85.65868887707562,42.926393547068926],[-85.65862390945068,42.92629611877302],[-85.65855894182573,42.926198690477115],[-85.65849397420078,42.92610126218122],[-85.65842900657584,42.92600383388532],[-85.65836403895091,42.92590640558941],[-85.65829907132596,42.92580897729351],[-85.65823410370102,42.925711548997604],[-85.65816913607607,42.9256141207017],[-85.65781391995085,42.92552801741112],[-85.6577199,42.9242192],[-85.657688,42.923776],[-85.6576826,42.9236948],[-85.657675,42.9235822],[-85.657668,42.923478],[-85.6576364,42.9230766],[-85.6576198,42.9228661],[-85.6575937,42.9225348],[-85.657587,42.92245],[-85.6575827,42.922389],[-85.6574956,42.9211652],[-85.6574901,42.9210914],[-85.6574846,42.9210191],[-85.6574468,42.9205854],[-85.6574650331654,42.92048003291001],[-85.65732337164327,42.92045028872236],[-85.65718171012116,42.92042054453469],[-85.65703949971063,42.92017350323442],[-85.6568232,42.9201738],[-85.656355,42.9201721],[-85.6551104,42.9201599],[-85.6549598,42.9201582],[-85.6548455,42.9201575],[-85.6538463,42.9201466],[-85.6537123,42.9201451],[-85.6536274,42.9201434],[-85.6526763,42.9201348],[-85.6525184,42.9201334],[-85.6523465,42.92012929999999],[-85.6500182,42.9201024],[-85.64883756481115,42.9200912636267],[-85.64873651657861,42.92017321057561],[-85.648644247579,42.92025783096482],[-85.64855197857938,42.92034245135403],[-85.64845970957977,42.92042707174325],[-85.64836744058016,42.920511692132465],[-85.64827517158055,42.920596312521674],[-85.64818290258093,42.920680932910884],[-85.64809063358132,42.92076555330009],[-85.64799836458171,42.92085017368932],[-85.64790609558209,42.920934794078526],[-85.64781382658248,42.921019414467736],[-85.64772155758286,42.921104034856945],[-85.64762545749507,42.92119939325],[-85.647667,42.921901],[-85.647671,42.9219638],[-85.6477247,42.9228006],[-85.647737,42.923003],[-85.6477433,42.9230906],[-85.647815,42.924082],[-85.647843,42.924512],[-85.647868,42.924834],[-85.647923,42.9255239],[-85.647928,42.9255831],[-85.6479293,42.9256048],[-85.6479388,42.92576210000001],[-85.6479546,42.9260296],[-85.6479658,42.926216499999995],[-85.64797447388531,42.926361573786025],[-85.6476409329799,42.9264658886412],[-85.64757149321555,42.92656162675167],[-85.6475020534512,42.92665736486215],[-85.64743261368685,42.92675310297262],[-85.6473631739225,42.9268488410831],[-85.64729373415814,42.926944579193574],[-85.6472242943938,42.927040317304055],[-85.64715485462943,42.92713605541453],[-85.64708541486509,42.92723179352501],[-85.64696482654585,42.92732191703396],[-85.645563,42.927302000000005],[-85.645043,42.927295],[-85.64324,42.92726300000001],[-85.643135,42.927261],[-85.641426,42.927241],[-85.641146,42.927237],[-85.640225,42.927227],[-85.6399909,42.9272228],[-85.6397096,42.9272178],[-85.6394731,42.9272136],[-85.639108,42.927207],[-85.6388253,42.9272018],[-85.6387043,42.9271996],[-85.6385984,42.9271977],[-85.6385009,42.9271959],[-85.6384474,42.9271953],[-85.637801,42.927187],[-85.6377089,42.927186299999995],[-85.6374572,42.9271845],[-85.6372331,42.9271841],[-85.6369528,42.9271809],[-85.636417,42.927177],[-85.6363407,42.927176],[-85.636023,42.92717199999999],[-85.634907,42.927159],[-85.6345533,42.9271571],[-85.6344675,42.9271566],[-85.633932,42.9271538],[-85.633772,42.927153],[-85.633688,42.9271528],[-85.6336226,42.9271512],[-85.633043,42.927144],[-85.6328407,42.9271414],[-85.6325403,42.9271376],[-85.63248,42.92713679999999],[-85.631156,42.92712],[-85.6301363,42.9271049],[-85.630007,42.927103],[-85.6294001,42.9270993],[-85.6293358,42.9270989],[-85.628872,42.927096],[-85.6287582,42.9270959],[-85.6283856,42.9270956],[-85.628151,42.9270954],[-85.6265168,42.9270941],[-85.626397,42.927094],[-85.6262841,42.9270939],[-85.6254263,42.9270932],[-85.6252849,42.9270931],[-85.625165,42.927093],[-85.6240582,42.9270895],[-85.6239,42.927089],[-85.6237732,42.927089099999996],[-85.6231711,42.9270896],[-85.6228527,42.9270898],[-85.622654,42.92709],[-85.6223412,42.9270928],[-85.621993,42.927096],[-85.621464,42.927094],[-85.620177,42.927094],[-85.6194224,42.9270927],[-85.6191792,42.9270923],[-85.618994,42.927092],[-85.6189151,42.927094999999994],[-85.617827,42.927101],[-85.6177424,42.9271016],[-85.617368,42.927104],[-85.617072,42.927104],[-85.616649,42.927104],[-85.615468,42.927114],[-85.6147166,42.9271182],[-85.613849,42.927123],[-85.6136386,42.927125],[-85.613432,42.927127],[-85.6123364,42.9271336],[-85.611615,42.927138],[-85.6113932,42.927138],[-85.6108883,42.927138],[-85.6103666,42.9271425],[-85.6098665,42.927140300000005],[-85.6097945,42.927139],[-85.6093012,42.9271415],[-85.6091548,42.927143],[-85.6089741,42.9271399],[-85.608633,42.92713440000001],[-85.6083444,42.9271339],[-85.6079778,42.9271273],[-85.6077654,42.9271235],[-85.6068107,42.927115],[-85.606398,42.927106],[-85.6055601,42.9270979],[-85.6044579,42.9270899],[-85.6041177,42.92708700000001],[-85.603515,42.927082],[-85.6030169,42.9270761],[-85.6026827,42.9270721],[-85.6022439,42.9270669],[-85.6013229,42.9270559],[-85.6008493,42.9270502],[-85.600078,42.927040999999996],[-85.5994133,42.9270325],[-85.599298,42.927031],[-85.598654,42.92702],[-85.598053,42.927016],[-85.597794,42.9270127],[-85.596812,42.927],[-85.596194,42.926995000000005],[-85.5961426,42.9269941],[-85.5954304,42.9269825],[-85.59496,42.92697299999999],[-85.594343,42.926967],[-85.59372,42.92696],[-85.593203,42.926953],[-85.592144,42.926943],[-85.5918393,42.9269395],[-85.591072,42.926925],[-85.5905815,42.926921099999994],[-85.590072,42.926917],[-85.589438,42.926922],[-85.5892117,42.926924],[-85.5890685,42.9269252],[-85.5889763,42.9269235],[-85.5872612,42.9269198],[-85.5872322,42.92691969999999],[-85.5871747,42.9269196],[-85.587022,42.92692],[-85.5869459,42.9269196],[-85.5869113,42.92691940000001],[-85.5868795,42.9269196],[-85.5854167,42.9269248],[-85.5849275,42.9269265],[-85.584806,42.926927],[-85.584449,42.926934],[-85.5843704,42.9269342],[-85.5836302,42.926936100000006],[-85.5822604,42.9269436],[-85.5821983,42.9269438],[-85.5812379,42.9269433],[-85.5801664,42.9269471],[-85.579642,42.92694900000001],[-85.5796092,42.9269496],[-85.579541,42.926951],[-85.579447,42.926953],[-85.578944,42.926953],[-85.577692,42.926958],[-85.576561,42.926964],[-85.576271,42.92697],[-85.575609,42.926971],[-85.5754161,42.926970600000004],[-85.575176,42.92697],[-85.5745392,42.9269721],[-85.5738653,42.92697439999999],[-85.5735667,42.9269754],[-85.5731789,42.9269772],[-85.5725592,42.9269789],[-85.5723542,42.9269795],[-85.5719227,42.926981],[-85.5714942,42.9269824],[-85.5713286,42.926983],[-85.57084162614593,42.92698470942994],[-85.57069702661596,42.92674519088162],[-85.57055381099963,42.92671980888288],[-85.5704105953833,42.92669442688414],[-85.57026737976696,42.926669044885394],[-85.57012416415061,42.926643662886654],[-85.56998094853428,42.926618280887915],[-85.56983773291795,42.926592898889176],[-85.56969451730161,42.92656751689044],[-85.56953999424532,42.92646502228083],[-85.5695109,42.9259952],[-85.5694731,42.925384699999995],[-85.569454,42.925068],[-85.5694242,42.9245362],[-85.569349,42.92347],[-85.5693079,42.9228589],[-85.569305,42.9228131],[-85.5692931,42.922643],[-85.569289,42.9225823],[-85.5692565075728,42.92213706153184],[-85.5695680640311,42.92201687358959],[-85.56957885743907,42.9219086074363],[-85.56958965084702,42.921800341283],[-85.56960044425497,42.92169207512971],[-85.56961123766294,42.921583808976415],[-85.5696220310709,42.92147554282312],[-85.56967331993972,42.92138205601939],[-85.56978361871174,42.92131010565379],[-85.56989391748377,42.92123815528819],[-85.57000421625578,42.92116620492259],[-85.57011451502781,42.92109425455699],[-85.57022481379983,42.92102230419139],[-85.57033511257185,42.920950353825795],[-85.57044541134387,42.920878403460186],[-85.5705557101159,42.920806453094585],[-85.57066600888791,42.92073450272898],[-85.57077630765994,42.92066255236339],[-85.57088660643194,42.92059060199779],[-85.57099690520397,42.920518651632186],[-85.5711490201731,42.92058647955479],[-85.571582,42.920535],[-85.571826,42.920455],[-85.572094,42.920336],[-85.57281527038303,42.91995269631072],[-85.57312125088798,42.92009268381581],[-85.5732639594124,42.92006579518484],[-85.57340391742687,42.91993395566139],[-85.5736363,42.9199292],[-85.5738501,42.9199238],[-85.57399372210593,42.91992862717803],[-85.57413374097261,42.91974766619638],[-85.574555,42.919745],[-85.575217,42.919742],[-85.576221,42.919737],[-85.577896,42.919734],[-85.5784953,42.9197353],[-85.578834,42.919736],[-85.579094,42.919729],[-85.5791994,42.9197278],[-85.579452,42.919725],[-85.579682,42.919715],[-85.57982,42.919702],[-85.580121,42.919643],[-85.580311,42.9195867],[-85.580455,42.919544],[-85.580642,42.91946299999999],[-85.5807414,42.9194154],[-85.5808267,42.9193629],[-85.5809617,42.9192729],[-85.581019,42.9192284],[-85.581075,42.91918],[-85.5811807,42.9190796],[-85.58137818057591,42.91888144634782],[-85.58170818776694,42.91893937795836],[-85.5818390092111,42.91888948740672],[-85.58197146295134,42.91884288025838],[-85.58211505259943,42.91881867325931],[-85.58225864224754,42.91879446626024],[-85.58240223189563,42.918770259261166],[-85.58254582154373,42.9187460522621],[-85.58268941119182,42.91872184526303],[-85.58283300083993,42.91869763826396],[-85.58297659048803,42.918673431264885],[-85.58312018013612,42.91864922426582],[-85.58326376978422,42.91862501726675],[-85.58340735943233,42.91860081026768],[-85.58355094908042,42.918576603268605],[-85.58369453872852,42.91855239626954],[-85.58387327493878,42.91849005315731],[-85.5838647,42.9183985],[-85.5838356,42.9179851],[-85.5838282,42.917881],[-85.5838261,42.9178504],[-85.5837767,42.9171483],[-85.5837628,42.9169515],[-85.5837458,42.9167102],[-85.58373643238944,42.91657716100566],[-85.58408555491734,42.91646652199038],[-85.58414434885957,42.91636698666045],[-85.58420314280183,42.916267451330526],[-85.58426193674408,42.9161679160006],[-85.58432073068633,42.91606838067067],[-85.58437952462859,42.91596884534075],[-85.58443831857083,42.91586931001082],[-85.58449711251309,42.915769774680896],[-85.58455590645535,42.91567023935097],[-85.5846147003976,42.91557070402104],[-85.58471906002292,42.91549904034187],[-85.58484097168132,42.915438112903274],[-85.5849628833397,42.91537718546466],[-85.58508479499808,42.91531625802607],[-85.58520670665646,42.91525533058746],[-85.58532861831486,42.91519440314887],[-85.58545052997324,42.91513347571027],[-85.58557244163163,42.91507254827167],[-85.58569435329001,42.91501162083307],[-85.58581626494839,42.914950693394466],[-85.58593817660677,42.91488976595587],[-85.58606008826516,42.914828838517266],[-85.58618199992354,42.91476791107867],[-85.58630391158194,42.914706983640066],[-85.58642582324032,42.91464605620147],[-85.5865477348987,42.91458512876286]]}},{"type":"Feature","properties":{"routeId":"27","color":"#FFC000","dir":"RoundTrip","trips":57,"dests":"Airport Ind"},"geometry":{"type":"LineString","coordinates":[[-85.5872701892577,42.9134970441618],[-85.5873959277502,42.913484491060416],[-85.58754238038652,42.91349610767634],[-85.58768883302287,42.91350772429226],[-85.5878352856592,42.91351934090818],[-85.58798173829554,42.9135309575241],[-85.58812819093187,42.913542574140024],[-85.58827464356821,42.913554190755946],[-85.58842109620456,42.91356580737187],[-85.58856754884089,42.91357742398778],[-85.58871474974002,42.91357598799624],[-85.58886200997955,42.91357351687781],[-85.5890092702191,42.913571045759376],[-85.58915653045862,42.91356857464094],[-85.58930379069815,42.913566103522506],[-85.5894510509377,42.91356363240407],[-85.58959831117723,42.913561161285635],[-85.58974557141676,42.9135586901672],[-85.5898928316563,42.913556219048765],[-85.59004004321335,42.91355272095337],[-85.59018717841204,42.91354761204722],[-85.59033431361071,42.913542503141066],[-85.5904814488094,42.91353739423491],[-85.59062858400809,42.913532285328756],[-85.59077571920677,42.913527176422605],[-85.59092285440546,42.91352206751645],[-85.59106998960415,42.9135169586103],[-85.59121712480282,42.91351184970414],[-85.59136426000153,42.91350674079799],[-85.59147501095343,42.91346212024646],[-85.59153579294446,42.913363235664825],[-85.59159657493548,42.91326435108319],[-85.59165735692652,42.91316546650155],[-85.59171813891753,42.91306658191992],[-85.59177892090857,42.91296769733829],[-85.59183970289959,42.912868812756656],[-85.59190048489062,42.912769928175024],[-85.591926,42.912532],[-85.591917,42.91239560000001],[-85.5918938,42.9120441],[-85.5918855,42.9119183],[-85.5918719,42.911711],[-85.5918486,42.9113581],[-85.59180759360558,42.91073670204841],[-85.59161311267427,42.91048282427439],[-85.5915866,42.9104825],[-85.5911799,42.9104777],[-85.5910749,42.9104764],[-85.5907815,42.9104734],[-85.5905668,42.9104704],[-85.5892434,42.9104571],[-85.5884703,42.9104453],[-85.5882832,42.9104431],[-85.588068,42.9104422],[-85.5876383,42.9104404],[-85.587544,42.91044],[-85.5874933,42.9104365],[-85.587286,42.910421],[-85.5871917734299,42.91040726240757],[-85.58711426972711,42.91015376019794],[-85.5869812279308,42.91010716785318],[-85.58684818613453,42.910060575508425],[-85.58671514433823,42.91001398316367],[-85.58640538358692,42.91014721001117],[-85.5861193,42.9099945],[-85.5859171,42.9098313],[-85.5856488,42.909689],[-85.5854571,42.9095874],[-85.58538971927535,42.909552279726114],[-85.58520240479646,42.909562469942486],[-85.5851169,42.9095151],[-85.5849497,42.9094225],[-85.5846804,42.9093012],[-85.5845824,42.9092727],[-85.5844876,42.9092452],[-85.5843092,42.9092101],[-85.5841339,42.9091932],[-85.5838296,42.9091851],[-85.583507,42.9091897],[-85.58339900215614,42.90919028979405],[-85.58325442607492,42.90909207772245],[-85.5831079,42.9090938],[-85.5829037,42.9090995],[-85.58255,42.90910379999999],[-85.5822717,42.9091073],[-85.5816731,42.9091128],[-85.581212,42.90913],[-85.5809148,42.9091693],[-85.5800445,42.9091872],[-85.579606,42.909197],[-85.5790527,42.90922270000001],[-85.578616,42.909243],[-85.5783155,42.90925959999999],[-85.577968,42.9092786],[-85.5777468,42.9092879],[-85.5773171,42.9093061],[-85.5768177,42.9093232],[-85.5764856,42.9093346],[-85.5763045,42.9093408],[-85.576094,42.909348],[-85.5759483,42.9093484],[-85.5754768,42.9093497],[-85.5751386,42.90935060000001],[-85.5748947,42.909351],[-85.5746525,42.9093554],[-85.574323,42.9093586],[-85.574283,42.909359],[-85.573946,42.90939],[-85.573691,42.90942],[-85.57346,42.909472],[-85.5733876,42.909493],[-85.573147,42.909563],[-85.572537,42.909802],[-85.571987,42.91006699999999],[-85.571427,42.910346],[-85.571319,42.910392],[-85.5712046,42.9104311],[-85.571167,42.910444],[-85.5710758241705,42.910467879383916],[-85.57083032307438,42.91028147468715],[-85.57068747790962,42.91030796629699],[-85.57054463274486,42.91033445790683],[-85.57040178758011,42.910360949516665],[-85.57025610649737,42.91036779535401],[-85.57010889597049,42.91036404599395],[-85.56996168544363,42.910360296633904],[-85.56981447491677,42.91035654727384],[-85.5696672643899,42.91035279791379],[-85.56952005386303,42.910349048553734],[-85.56937284333618,42.91034529919368],[-85.5692256328093,42.91034154983362],[-85.56907842228244,42.91033780047356],[-85.56893121175558,42.91033405111351],[-85.56889025883156,42.91023272449298],[-85.56885342478732,42.91012761547011],[-85.5685166977525,42.910031792610866],[-85.5684296,42.908504],[-85.568401,42.908113],[-85.5683697,42.9075397],[-85.5683579,42.9073237],[-85.568346,42.90710599999999],[-85.568316,42.906543],[-85.5683096,42.9063788],[-85.5683033,42.9062737],[-85.5682829,42.9058683],[-85.5682624,42.9054628],[-85.5682576,42.9053082],[-85.5682201,42.9048214],[-85.5682168,42.904775],[-85.5681611,42.9039829],[-85.5681574,42.90390349999999],[-85.5681554,42.9038838],[-85.56812,42.90328220000001],[-85.5681127,42.90314390000001],[-85.5680973,42.9028996],[-85.5680961,42.9028773],[-85.5680765,42.9024519],[-85.568063,42.9022605],[-85.5679795,42.9010507],[-85.5679163,42.9000419],[-85.5679113,42.899974099999994],[-85.5678606,42.898922400000004],[-85.56785881738044,42.89887707982544],[-85.5678398464744,42.89877519547027],[-85.5677398017275,42.89869551875748],[-85.56763975698061,42.898615842044684],[-85.56753971223371,42.89853616533189],[-85.56743966748682,42.89845648861911],[-85.56733962273994,42.89837681190632],[-85.56723957799304,42.89829713519352],[-85.56713953324613,42.89821745848073],[-85.56703948849923,42.898137781767936],[-85.56693258256044,42.898048299986925],[-85.566812,42.8980478],[-85.5662867,42.89804699999999],[-85.5650749,42.8980459],[-85.5648448,42.8980454],[-85.5645108,42.8980447],[-85.5643012,42.8980443],[-85.5638911,42.8980435],[-85.5634245,42.898042499999995],[-85.562699,42.898041],[-85.5617504,42.898039000000004],[-85.5609903,42.8980374],[-85.5599219,42.8980351],[-85.5595144,42.898035199999995],[-85.5588629,42.8980329],[-85.558425,42.898032],[-85.5580118,42.8980325],[-85.5576662,42.8980329],[-85.5571294,42.8980335],[-85.556844,42.89803380000001],[-85.556643,42.898034],[-85.5560641,42.8980347],[-85.5555099,42.8980353],[-85.5550543,42.8980358],[-85.5536192,42.8980374],[-85.5530316,42.898038],[-85.552146,42.898039000000004],[-85.5513277,42.8980501],[-85.5494702,42.8980476],[-85.54839813645607,42.89805252423115],[-85.54825139265942,42.89781020427771],[-85.54798873371334,42.89773493031835],[-85.5479518,42.8971782],[-85.5479212,42.8964602],[-85.5479156,42.896143300000006],[-85.5478538,42.8953362],[-85.5478371,42.8951175],[-85.5477885,42.8944833],[-85.5477732,42.8942832],[-85.547703,42.893366],[-85.547668,42.8927767],[-85.5476282,42.8921866],[-85.547623,42.892109],[-85.54758,42.891539],[-85.547548,42.890859000000006],[-85.5475423,42.8907599],[-85.5473784,42.8879017],[-85.547319,42.886866],[-85.547265,42.88592],[-85.5472364,42.8854406],[-85.5472185,42.8851418],[-85.5472013,42.884851],[-85.5471762,42.8844277],[-85.5471736,42.8843584],[-85.54715904937278,42.88396432580789],[-85.547051249655,42.88390994072719],[-85.54691427505658,42.88387001512191],[-85.5467675638985,42.88363477278455],[-85.54609355214512,42.88365302270706],[-85.54595538028532,42.88352864052211],[-85.545391,42.883529],[-85.5447345,42.8835473],[-85.5441242,42.8835631],[-85.5434626,42.88357760000001],[-85.5415146,42.8836308],[-85.5408878,42.8836479],[-85.5398742,42.8836747],[-85.53827,42.8837189],[-85.53771531873006,42.88373353766158],[-85.5375681236639,42.88373743338409],[-85.5369149,42.8837548],[-85.5363541,42.8837692],[-85.5361148,42.8837754],[-85.535793,42.8837833],[-85.535508,42.8837903],[-85.5348969,42.8837713],[-85.5345371,42.88378180000001],[-85.5340329,42.8837964],[-85.5338278,42.8838024],[-85.5335372,42.8838089],[-85.5331702,42.8838172],[-85.5324385,42.8838343],[-85.5321377,42.88381939999999],[-85.5319077,42.8837988],[-85.53186148770968,42.8837946514353],[-85.53167350254041,42.883792777373735],[-85.5315172,42.8838026],[-85.5314145,42.8838334],[-85.5313071,42.88388979999999],[-85.531267,42.883929900000005],[-85.5309869,42.8841979],[-85.5305281,42.8846615],[-85.53007,42.8851244],[-85.5299684,42.8852285],[-85.5296341,42.885571],[-85.5292696,42.8859332],[-85.5291822,42.8859942],[-85.5291515,42.8860157],[-85.5291152,42.8860412],[-85.5290627,42.88606850000001],[-85.52900965556064,42.886092045910736],[-85.52909405748481,42.88637914419461],[-85.52911088706826,42.88647699971817],[-85.52916959122021,42.88657656382987],[-85.52922829537216,42.88667612794158],[-85.52928699952413,42.886775692053284],[-85.52934570367609,42.88687525616499],[-85.52940440782804,42.88697482027669],[-85.52946311198001,42.887074384388406],[-85.52952181613196,42.887173948500106],[-85.52959286596719,42.88726205975321],[-85.5297377363782,42.88728168904403],[-85.52988260678919,42.88730131833485],[-85.53002747720019,42.88732094762567],[-85.53017234761118,42.887340576916486],[-85.53031721802218,42.88736020620731],[-85.53046208843317,42.88737983549813],[-85.53064011060431,42.887617413777036],[-85.5307129,42.8876114],[-85.5311378,42.8875542],[-85.531326,42.887517],[-85.5314877,42.8874786],[-85.5315971,42.8874404],[-85.5317085,42.8873906],[-85.5317949,42.887341],[-85.5318864,42.8872771],[-85.5319859,42.8871921],[-85.5321814,42.8869954],[-85.5323749,42.8868059],[-85.5324946,42.8867099],[-85.5326297,42.8866181],[-85.5327665,42.8865395],[-85.533057,42.886411],[-85.53380760281179,42.886106274785895],[-85.53376957192019,42.88585205444074],[-85.53385574925088,42.88576401442534],[-85.53394192658155,42.88567597440995],[-85.53402810391222,42.88558793439455],[-85.53407040026593,42.88548907100298],[-85.53407348879017,42.885380536881236],[-85.53407657731442,42.8852720027595],[-85.53407966583866,42.88516346863776],[-85.5340827543629,42.88505493451603],[-85.53408584288715,42.884946400394284],[-85.53408893141139,42.88483786627255],[-85.53414117315198,42.88474553340333],[-85.5342488828381,42.88467148316668],[-85.53435659252425,42.884597432930015],[-85.53446430221037,42.88452338269335],[-85.5345720118965,42.88444933245669],[-85.53467972158262,42.884375282220034],[-85.53478743126875,42.884301231983365],[-85.5348951409549,42.88422718174671],[-85.53500285064102,42.88415313151005],[-85.53511056032715,42.884079081273384],[-85.5352328404962,42.88397267265509],[-85.5355129,42.8839664],[-85.5361576,42.8839463],[-85.5366886,42.8839332],[-85.5382779,42.8838879],[-85.5389378,42.8838672],[-85.5396714,42.8838443],[-85.540564,42.8838314],[-85.5423437,42.883781],[-85.5431872,42.8837493],[-85.543837,42.8837249],[-85.5449449,42.8836931],[-85.5453603,42.8836785],[-85.545762,42.883662],[-85.5469623,42.883629500000005],[-85.5470109420757,42.883628052797754],[-85.54716119286176,42.883624057516215],[-85.5473485,42.88362360000001],[-85.548468,42.8836252],[-85.5487266,42.8836255],[-85.5489088,42.88362570000001],[-85.5503695,42.8836275],[-85.550749,42.8836276],[-85.5508898,42.8836277],[-85.5517673,42.883628],[-85.5533717,42.8836285],[-85.5550663,42.88362669999999],[-85.5556049,42.8836261],[-85.5565956,42.88362500000001],[-85.5587031,42.8836227],[-85.5588799,42.8836228],[-85.5599429,42.8836231],[-85.5612592,42.88362360000001],[-85.5612941,42.88362360000001],[-85.5625054,42.8836232],[-85.5626741,42.8836231],[-85.5642805,42.8836226],[-85.5643263,42.8836226],[-85.56463644092884,42.883620411608156],[-85.56476751882259,42.883882424128196],[-85.5648958846116,42.883935666727375],[-85.5650242504006,42.883988909326554],[-85.56539154717755,42.88394254624901],[-85.5655477,42.884146],[-85.5656943,42.884335],[-85.5657226,42.884372799999994],[-85.5657592,42.884421599999996],[-85.566055,42.884806999999995],[-85.5663233,42.8851417],[-85.5664122,42.8852526],[-85.5664895,42.885349],[-85.5668314,42.8857701],[-85.5668802,42.8858365],[-85.567077,42.886082],[-85.56734803710052,42.88641983949268],[-85.56713176287828,42.88663360928263],[-85.56716237221148,42.886739797481304],[-85.567203,42.887033],[-85.567176,42.887096],[-85.567162,42.887165],[-85.5671727,42.8873681],[-85.5672087,42.8880471],[-85.5672371,42.8885839],[-85.567258,42.888979],[-85.567274,42.88933],[-85.5673078,42.8900717],[-85.56732,42.89034],[-85.567294,42.890465],[-85.5672647,42.8905205],[-85.567228,42.890589999999996],[-85.56714178551347,42.89071354447037],[-85.56722873382868,42.89085744090756],[-85.56722216568267,42.89096589091711],[-85.56721559753663,42.89107434092665],[-85.56720902939061,42.8911827909362],[-85.56720750851841,42.8912907344973],[-85.56725317755033,42.89139394297672],[-85.56729884658225,42.891497151456136],[-85.56734451561417,42.891600359935545],[-85.56739018464609,42.89170356841497],[-85.567435853678,42.891806776894384],[-85.56748152270993,42.8919099853738],[-85.56752719174185,42.89201319385322],[-85.56758605886469,42.89212996692245],[-85.567553,42.8921906],[-85.5675045,42.8923246],[-85.567473,42.892471],[-85.56747,42.89258809999999],[-85.567503,42.893159999999995],[-85.5675179,42.8933974],[-85.567581,42.894407],[-85.5675878,42.8945102],[-85.5676156,42.8949331],[-85.5676187,42.8950063],[-85.5677207,42.8966272],[-85.5677663,42.8973475],[-85.5677719,42.897439299999995],[-85.5677852,42.89761810000001],[-85.5678157,42.8979152],[-85.5678262,42.8980517],[-85.5678309,42.8981696],[-85.5678469,42.8985741],[-85.5678606,42.898922400000004],[-85.5679113,42.899974099999994],[-85.5679163,42.9000419],[-85.5679795,42.9010507],[-85.568063,42.9022605],[-85.5680765,42.9024519],[-85.5680961,42.9028773],[-85.5680973,42.9028996],[-85.5681127,42.90314390000001],[-85.56812,42.90328220000001],[-85.5681554,42.9038838],[-85.5681574,42.90390349999999],[-85.5681611,42.9039829],[-85.5682168,42.904775],[-85.5682201,42.9048214],[-85.5682576,42.9053082],[-85.5682624,42.9054628],[-85.5682829,42.9058683],[-85.5683033,42.9062737],[-85.5683096,42.9063788],[-85.568316,42.906543],[-85.568346,42.90710599999999],[-85.5683579,42.9073237],[-85.5683697,42.9075397],[-85.568401,42.908113],[-85.5684296,42.908504],[-85.56852053333604,42.91009907306333],[-85.56888281149685,42.910157334328],[-85.56901277506044,42.91020842820345],[-85.56914273862402,42.9102595220789],[-85.56927270218762,42.91031061595435],[-85.56941463964472,42.910583688514066],[-85.569817,42.91057200000001],[-85.5698644,42.910571],[-85.570361,42.91056],[-85.570764,42.910527],[-85.570891,42.910509],[-85.570999,42.910487999999994],[-85.571167,42.910444],[-85.5712046,42.9104311],[-85.571319,42.910392],[-85.571427,42.910346],[-85.571987,42.91006699999999],[-85.572537,42.909802],[-85.573147,42.909563],[-85.5733763,42.9094963],[-85.5734304704526,42.90948056520021],[-85.57368121208034,42.90965897590416],[-85.57382597967914,42.909638938852446],[-85.57397074727793,42.90961890180072],[-85.57407822610135,42.90937783676813],[-85.574283,42.909359],[-85.574323,42.9093586],[-85.5746525,42.9093554],[-85.5748947,42.909351],[-85.5751386,42.90935060000001],[-85.5754768,42.9093497],[-85.5759483,42.9093484],[-85.576094,42.909348],[-85.5763045,42.9093408],[-85.5764856,42.9093346],[-85.5768177,42.9093232],[-85.5773171,42.9093061],[-85.5777468,42.9092879],[-85.577968,42.9092786],[-85.5783155,42.90925959999999],[-85.578616,42.909243],[-85.5790527,42.90922270000001],[-85.579606,42.909197],[-85.5800445,42.9091872],[-85.58086771077961,42.90917026851321],[-85.58103552620082,42.909184575560104],[-85.5812088,42.9092065],[-85.5816435,42.9092026],[-85.5823653,42.9091932],[-85.5829119,42.90919310000001],[-85.5831183,42.9091919],[-85.5833422,42.9091906],[-85.583507,42.9091897],[-85.5838296,42.9091851],[-85.5841339,42.9091932],[-85.5843092,42.9092101],[-85.5844876,42.9092452],[-85.5845824,42.9092727],[-85.5846804,42.9093012],[-85.5849497,42.9094225],[-85.5851169,42.9095151],[-85.5855965,42.9097808],[-85.5858244,42.9099086],[-85.5859606,42.9099483],[-85.58598756068088,42.90995614866702],[-85.58612257258268,42.90999624688854],[-85.586538,42.910218],[-85.586798,42.910313],[-85.587012,42.910380999999994],[-85.5871303,42.9103983],[-85.587286,42.910421],[-85.5874933,42.9104365],[-85.587544,42.91044],[-85.5876383,42.9104404],[-85.588068,42.9104422],[-85.5882832,42.9104431],[-85.5884703,42.9104453],[-85.5892434,42.9104571],[-85.5905668,42.9104704],[-85.5907815,42.9104734],[-85.59102394069495,42.910475878943714],[-85.59116584450776,42.91058775770224],[-85.59123971194012,42.91068167863683],[-85.59131357937248,42.91077559957142],[-85.59138744680484,42.91086952050601],[-85.59146131423721,42.91096344144059],[-85.5918280614018,42.91104686456876],[-85.5918486,42.9113581],[-85.5918719,42.911711],[-85.5918855,42.9119183],[-85.5918938,42.9120441],[-85.591917,42.91239560000001],[-85.591926,42.912532],[-85.59178381522064,42.91274525728881],[-85.5917633265033,42.91285275996382],[-85.59174283778597,42.91296026263882],[-85.59172234906865,42.913067765313826],[-85.59170186035132,42.91317526798882],[-85.59168137163398,42.91328277066383],[-85.59166088291667,42.91339027333883],[-85.59152801280797,42.913410373115106],[-85.59138125585653,42.91341967261301],[-85.5912344989051,42.91342897211092],[-85.59108774195364,42.91343827160883],[-85.5909409850022,42.91344757110674],[-85.59079422805075,42.91345687060464],[-85.59064747109932,42.91346617010255],[-85.59050071414786,42.913475469600456],[-85.59035395719643,42.91348476909836],[-85.59020715452384,42.91349330177909],[-85.59005985642997,42.913493525446924],[-85.5899125583361,42.913493749114764],[-85.58976526024222,42.9134939727826],[-85.58961796214835,42.91349419645043],[-85.58947066405446,42.913494420118255],[-85.5893233659606,42.91349464378609],[-85.58917606786672,42.91349486745392],[-85.58902876977284,42.91349509112175],[-85.58888147167897,42.913495314789586]]}},{"type":"Feature","properties":{"routeId":"45","color":"#004987","dir":"Inbound","trips":54,"dests":"City/Health Campus / City Campus"},"geometry":{"type":"LineString","coordinates":[[-85.88940277674078,42.96229403980296],[-85.88951755348157,42.96236207960593],[-85.88963233022235,42.9624301194089],[-85.88974710696314,42.96249815921186],[-85.88986188370392,42.96256619901483],[-85.88997666044472,42.9626342388178],[-85.89031633431753,42.96261001806286],[-85.890342,42.962644],[-85.890438,42.962804],[-85.890495,42.96294700000001],[-85.890544,42.9631],[-85.8905689,42.9633315],[-85.89057601277733,42.96338496359118],[-85.8905729146904,42.96353418964784],[-85.8905687,42.9635681],[-85.890556,42.96367],[-85.890512,42.963803],[-85.890435,42.96398],[-85.890338,42.964133],[-85.890198,42.964311],[-85.89004,42.96448199999999],[-85.8899908,42.9645262],[-85.889728,42.964762],[-85.88943,42.96496499999999],[-85.8893802,42.9649942],[-85.889166,42.96512],[-85.888841,42.965301999999994],[-85.888688,42.965406],[-85.888613,42.965457],[-85.888455,42.965589],[-85.8882748,42.9657643],[-85.888055,42.96605399999999],[-85.8879947,42.9661555],[-85.887961,42.966212],[-85.8878828,42.9663711],[-85.8878646,42.9664145],[-85.8878206,42.966561],[-85.887761,42.966739],[-85.887733,42.96695],[-85.8877167,42.9674425],[-85.8877149,42.9674951],[-85.887703,42.968442],[-85.887701,42.968558],[-85.887716,42.968656],[-85.8877519,42.9687408],[-85.887768,42.968779],[-85.887821,42.968886],[-85.887886,42.969002],[-85.888119,42.969218],[-85.888296,42.96934400000001],[-85.888701,42.9695598],[-85.888889,42.96966],[-85.8890192,42.9697195],[-85.889265,42.969832],[-85.889683,42.969983],[-85.8901764,42.970154],[-85.890312,42.970201],[-85.8904093025781,42.97023582245868],[-85.8904000477673,42.97048951050321],[-85.89051076993839,42.970561106775456],[-85.89062149210947,42.9706327030477],[-85.89073221428056,42.97070429931995],[-85.89084293645165,42.9707758955922],[-85.89095365862273,42.97084749186445],[-85.89106438079382,42.97091908813669],[-85.89117510296491,42.970990684408946],[-85.89117712243197,42.97109158462592],[-85.89115521443205,42.971198935180794],[-85.89113330643214,42.971306285735665],[-85.89111139843222,42.971413636290535],[-85.89108949043231,42.971520986845405],[-85.89106758243238,42.97162833740027],[-85.89104567443246,42.97173568795514],[-85.89102376643254,42.971843038510016],[-85.89095619679864,42.9720037],[-85.890845,42.9720037],[-85.8895416,42.9720036],[-85.8891202,42.972005],[-85.8888088,42.97200600000001],[-85.8877622,42.9720028],[-85.887156,42.972001],[-85.8858382,42.9719985],[-85.883521,42.971982],[-85.880673,42.971962],[-85.8797262,42.9719679],[-85.8778274,42.971985],[-85.8734252,42.9720246],[-85.873057,42.9720326],[-85.871725,42.972047],[-85.869563,42.972071],[-85.867162,42.972094],[-85.8642553,42.9721234],[-85.8639,42.972127],[-85.860983,42.972157],[-85.859907,42.9721655],[-85.858831,42.97217400000001],[-85.858281,42.972172],[-85.857843,42.972171],[-85.855758,42.972198000000006],[-85.8536986,42.972225],[-85.853092,42.972233],[-85.8518977,42.9722407],[-85.8513674,42.9722442],[-85.850626,42.972249],[-85.8504448,42.9722469],[-85.849926,42.972241],[-85.8488925,42.972223],[-85.847859,42.97220500000001],[-85.8475211,42.9721919],[-85.8471135,42.9721762],[-85.8461221,42.972151999999994],[-85.845016,42.972125],[-85.843604,42.9720826],[-85.842916,42.972062],[-85.841683,42.97206700000001],[-85.84162042886538,42.97206641378817],[-85.8412347,42.972062799999996],[-85.8401862,42.9720754],[-85.8400512,42.9720783],[-85.8398726,42.972088],[-85.83955321084767,42.97210791664817],[-85.83940415385278,42.97212004342332],[-85.8387834,42.9721836],[-85.8375136,42.9723536],[-85.8366212,42.9724966],[-85.8365261,42.9725118],[-85.835002,42.9727268],[-85.8346962,42.9727503],[-85.8344236,42.9727797],[-85.8343426,42.9727884],[-85.834259,42.9727889],[-85.8339287,42.972791],[-85.8335171,42.9727936],[-85.833137,42.972795999999995],[-85.8322582,42.9728057],[-85.831497,42.9728161],[-85.830096,42.972825],[-85.8295033,42.9728283],[-85.827207,42.972838],[-85.826911,42.972841],[-85.8263069,42.9728356],[-85.8256077,42.9728302],[-85.825075,42.972826],[-85.824444,42.9728285],[-85.823279,42.972833],[-85.8231445,42.9728317],[-85.820968,42.9728115],[-85.819841,42.972801],[-85.817795,42.972803],[-85.815803,42.972776],[-85.8146992,42.9727693],[-85.8138087,42.972761],[-85.8127519,42.97275309999999],[-85.8122286,42.97274130000001],[-85.8118446,42.9727375],[-85.8112553,42.972731],[-85.8103719,42.9727234],[-85.809634,42.9727122],[-85.8085635,42.9726917],[-85.8063967,42.97264860000001],[-85.805879,42.9726401],[-85.804665,42.97261999999999],[-85.80324,42.9726118],[-85.8019075,42.9726041],[-85.8018116,42.97260359999999],[-85.801192,42.9726],[-85.800944,42.97259559999999],[-85.7999266,42.9725812],[-85.7996758,42.97257750000001],[-85.799038,42.972568],[-85.7975729,42.9725497],[-85.7963224,42.9725344],[-85.7957254,42.972529],[-85.7952055,42.9725217],[-85.7950498,42.9725202],[-85.7948684,42.9725183],[-85.7947662,42.9725173],[-85.7946982,42.9725166],[-85.7942674,42.9725121],[-85.794156,42.972511],[-85.7933968,42.972498400000006],[-85.7930236,42.972492100000004],[-85.791995,42.972475],[-85.7916274,42.9724676],[-85.7912724,42.9724605],[-85.7909563,42.9724541],[-85.7908855,42.97245269999999],[-85.790849,42.97245199999999],[-85.7904897,42.9724448],[-85.789805,42.972431],[-85.7893289,42.9724256],[-85.7883976,42.972415],[-85.7874662,42.9724044],[-85.7873702,42.9724032],[-85.7872675,42.9724014],[-85.7864112,42.9723833],[-85.7858443,42.9723727],[-85.7857112,42.9723702],[-85.785485,42.97236600000001],[-85.78512,42.97236600000001],[-85.78497104213471,42.97236438452577],[-85.78482439981867,42.972363019068354],[-85.7842254,42.9723613],[-85.783777,42.972357],[-85.7833403,42.9723532],[-85.782392,42.972345],[-85.7818263,42.9723403],[-85.781193,42.972335],[-85.7801897,42.9723241],[-85.779993,42.972322],[-85.7798677,42.9723212],[-85.7795649,42.97231790000001],[-85.7792531,42.9723159],[-85.7791251,42.9723167],[-85.7789023,42.9723154],[-85.7786807,42.9723147],[-85.778526,42.9723147],[-85.7782802,42.9723115],[-85.7779895,42.972304],[-85.7777078,42.9723073],[-85.7770922,42.9722979],[-85.776665,42.972291399999996],[-85.776315,42.972286],[-85.7760151,42.9722826],[-85.7755245,42.9722769],[-85.7754263,42.9722758],[-85.7752927,42.9722742],[-85.7748331,42.9722689],[-85.7747836,42.972268400000004],[-85.7747342,42.9722678],[-85.774569,42.9722666],[-85.7743841,42.9722653],[-85.7742979,42.972264],[-85.7739611,42.9722591],[-85.7738488,42.97225900000001],[-85.7737344,42.9722565],[-85.7734984,42.9722551],[-85.7732998,42.972254],[-85.7731498,42.97225310000001],[-85.7731227,42.9722525],[-85.7730106,42.97225240000001],[-85.7729614,42.9722521],[-85.7725983,42.9722487],[-85.7721229,42.9722432],[-85.7718679,42.97223950000001],[-85.771353,42.972232],[-85.7708356,42.97222800000001],[-85.7702198,42.9722222],[-85.76926,42.97221580000001],[-85.768892,42.972212999999996],[-85.7687404,42.9722115],[-85.7683392,42.9722074],[-85.767618,42.9722],[-85.7671772,42.9721964],[-85.7666058,42.9721916],[-85.766409,42.97219],[-85.7662858,42.9721887],[-85.7658618,42.9721841],[-85.7656875,42.9721819],[-85.7656078,42.97218089999999],[-85.7653739,42.9721783],[-85.7649356,42.9721742],[-85.7648217,42.972173],[-85.7639745,42.9721658],[-85.7638029,42.972164],[-85.763478,42.972158],[-85.763114,42.9721522],[-85.7628235,42.972149200000004],[-85.7619501,42.97213909999999],[-85.7618696,42.972139],[-85.7618224,42.97213909999999],[-85.7617754,42.9721392],[-85.7609735,42.9721282],[-85.7603967,42.972121699999995],[-85.7602769,42.97212059999999],[-85.7600254,42.972118200000004],[-85.7597986,42.9721149],[-85.7590789,42.9721063],[-85.7565953,42.972076],[-85.7546613,42.9720519],[-85.753822,42.972041],[-85.7534035,42.9720357],[-85.75277,42.9720285],[-85.7496234,42.9719877],[-85.7494155,42.9719851],[-85.7484198,42.9719717],[-85.747046,42.9719594],[-85.7468914,42.971958],[-85.746767,42.9719557],[-85.7455039,42.97193250000001],[-85.7448865,42.97192100000001],[-85.7441348,42.9719071],[-85.7427364,42.9718811],[-85.7420334,42.97187],[-85.740973,42.971847],[-85.7408237,42.9718445],[-85.7406912,42.971842200000005],[-85.7405018,42.9718389],[-85.7401431,42.97183209999999],[-85.7396742,42.9718231],[-85.738882,42.971808],[-85.7387883,42.9718068],[-85.7379912,42.971797],[-85.7374931,42.9717895],[-85.7372882,42.9717878],[-85.737183,42.971787],[-85.7370583,42.9717859],[-85.7365567,42.9717813],[-85.7363307,42.9717754],[-85.736194,42.9717719],[-85.7359042,42.9717644],[-85.73539,42.971751],[-85.7346582,42.9717329],[-85.7339699,42.9717158],[-85.7338965,42.971714],[-85.7338678,42.9717134],[-85.7331884,42.9716991],[-85.732982,42.971694799999995],[-85.732708,42.971689],[-85.7323918,42.9716834],[-85.731466,42.971667],[-85.730165,42.971642],[-85.7277679,42.9715983],[-85.7277224,42.9715975],[-85.7271207,42.9715865],[-85.726962,42.97158400000001],[-85.725571,42.9715689],[-85.7254202,42.9715663],[-85.725058,42.971558],[-85.7247783,42.9715511],[-85.7242352,42.9715394],[-85.723366,42.97151920000001],[-85.72238,42.9715071],[-85.722074,42.9715034],[-85.7219198,42.9715023],[-85.721376,42.971494],[-85.7206719,42.9714881],[-85.7203468,42.97148429999999],[-85.7200208,42.97148],[-85.7197712,42.9714755],[-85.7195615,42.9714717],[-85.7190305,42.9714621],[-85.7189917,42.9714624],[-85.7185508,42.97145329999999],[-85.7183285,42.9714485],[-85.71811644638642,42.9714453484601],[-85.7179058347854,42.97141212476488],[-85.7178187,42.9713879],[-85.7177241,42.9713838],[-85.717646,42.9713772],[-85.7175602,42.9713664],[-85.7174804,42.9713492],[-85.717402,42.9713291],[-85.7172321,42.9712815],[-85.7171091,42.971233],[-85.716958,42.9711722],[-85.7167582,42.9710779],[-85.7166122,42.9709901],[-85.7165383,42.9709513],[-85.7164149,42.9708993],[-85.71636930391192,42.97089399112434],[-85.7161561014204,42.97078884031263],[-85.716012,42.970688],[-85.7156759,42.970456],[-85.7151054,42.9700624],[-85.7144971,42.9696425],[-85.713147,42.968711],[-85.712062,42.967971],[-85.711762,42.967773],[-85.7112586,42.9674772],[-85.710923,42.96728],[-85.710325,42.966987],[-85.709885,42.966796],[-85.70958,42.966683],[-85.7090563,42.9665142],[-85.7081866,42.9662577],[-85.7068904,42.9659285],[-85.7063205,42.96581810000001],[-85.705822,42.965748399999995],[-85.7053462,42.9656932],[-85.7048527,42.9656708],[-85.7031813271094,42.9656393520096],[-85.70306819233303,42.965382988932035],[-85.70294836382111,42.96531985671211],[-85.70282853530918,42.96525672449219],[-85.70270870679724,42.96519359227228],[-85.7025888782853,42.96513046005236],[-85.70246904977337,42.96506732783244],[-85.70234922126144,42.96500419561253],[-85.70222939274952,42.96494106339261],[-85.70202666261294,42.96487356278383],[-85.70201116369911,42.96469588925167],[-85.70184529741724,42.964614544249564],[-85.70175341849284,42.964529693638106],[-85.70166153956846,42.964444843026655],[-85.70156966064408,42.964359992415204],[-85.70147778171969,42.96427514180375],[-85.7013859027953,42.964190291192295],[-85.70129402387091,42.964105440580845],[-85.70118999349864,42.96390332413753],[-85.700603,42.963881],[-85.6999595,42.9638761],[-85.6993479,42.9638571],[-85.6988376,42.9638441],[-85.6987313,42.963838],[-85.6986204,42.963838],[-85.6982821,42.9638254],[-85.6981384,42.96382],[-85.6974546,42.9637947],[-85.697346,42.96379099999999],[-85.6972381,42.9637873],[-85.6967325,42.96377319999999],[-85.6966867,42.9637718],[-85.6965753,42.9637686],[-85.6964531,42.963765],[-85.6959469,42.9637521],[-85.695793,42.9637482],[-85.6956967,42.963745700000004],[-85.6949783,42.9637225],[-85.694869,42.963719],[-85.6947551,42.9637158],[-85.6943621,42.9637047],[-85.6929046,42.9636637],[-85.6925048,42.9636525],[-85.692379,42.963649],[-85.6922809,42.96364640000001],[-85.6921856,42.9636439],[-85.6920738,42.9636409],[-85.6919549,42.9636378],[-85.6917172,42.9636315],[-85.6913712,42.9636224],[-85.6912739,42.9636198],[-85.691168,42.963617],[-85.6910662,42.9636148],[-85.6904271,42.9636013],[-85.6901976,42.9635964],[-85.6900359,42.963593],[-85.689934,42.9635908],[-85.6898216,42.9635894],[-85.6889151,42.9635789],[-85.688819,42.9635738],[-85.6887013,42.963571],[-85.6880269,42.96355510000001],[-85.6878639,42.9635512],[-85.6875728,42.96354430000001],[-85.687459,42.9635416],[-85.6873712,42.9635397],[-85.6868662,42.9635287],[-85.686543,42.96351949999999],[-85.6863638,42.9635117],[-85.686243,42.96350799999999],[-85.6861605,42.9635052],[-85.6856467,42.9634909],[-85.6851333,42.9634762],[-85.68502,42.963473],[-85.6849094,42.9634716],[-85.6844133,42.9634571],[-85.6838725,42.9634494],[-85.683778,42.963448],[-85.6836959,42.9634491],[-85.6829845,42.9634249],[-85.6827368,42.9634177],[-85.682609,42.963414],[-85.6823379,42.96341],[-85.6820617,42.963403500000005],[-85.6820327,42.963402800000004],[-85.6819755,42.963401399999995],[-85.6819434,42.9634006],[-85.6818597,42.96339859999999],[-85.681784,42.9633969],[-85.68162,42.963393],[-85.681517,42.96339],[-85.6814083,42.9633442],[-85.6813849,42.9633367],[-85.6806301,42.963320200000005],[-85.6805801,42.9633193],[-85.6796211,42.9633023],[-85.679385,42.9633535],[-85.679223,42.963348800000006],[-85.6777192,42.9633053],[-85.6771752,42.9632896],[-85.6751238,42.9632349],[-85.674567,42.9632329],[-85.6739174,42.9632473],[-85.67382169090932,42.96324958523119],[-85.67369080449217,42.96341173989615],[-85.67334240742298,42.963404459713],[-85.6731007,42.9637716],[-85.6730677,42.9638191],[-85.6730008,42.9639153],[-85.6728741,42.9640913],[-85.6727667,42.9642129],[-85.672714,42.9642624],[-85.6723732,42.9645791],[-85.6723131,42.9646349],[-85.672269,42.9646848],[-85.6721969,42.964793],[-85.6721846,42.96482],[-85.6721376,42.964923199999994],[-85.6721401,42.9650196],[-85.6721479,42.96531939999999],[-85.6721591,42.9662312],[-85.67216,42.96638],[-85.6721631,42.96646870000001],[-85.6721757,42.9667358],[-85.6721954,42.9671488],[-85.6721987,42.9672195],[-85.6722042,42.967324],[-85.6722202,42.9677878],[-85.6722132,42.9680704],[-85.6721595,42.968525],[-85.672153,42.9685965],[-85.6721996,42.9687058],[-85.6721956,42.9687902],[-85.6721908,42.9688908],[-85.6721883,42.9689424],[-85.6721396,42.9690329],[-85.6721626,42.9695536],[-85.6721748,42.9698283],[-85.67217738049565,42.969886614594124],[-85.67185815192612,42.969997018371096],[-85.67181489215398,42.97010078909712],[-85.67177163238182,42.97020455982314],[-85.67172837260968,42.97030833054916],[-85.67159845034143,42.97039647266232],[-85.6715088,42.9703987],[-85.6708722,42.9704146],[-85.6702278,42.9704273],[-85.6700952,42.9704297],[-85.6699872,42.9704316],[-85.6691906,42.9704468],[-85.6690185,42.9704501],[-85.6688924,42.9704479],[-85.66835723483504,42.970453942478265],[-85.6682140518781,42.97045855919965],[-85.6681531,42.9704614],[-85.667882,42.9704705],[-85.667561,42.9704788],[-85.6673234,42.9704844],[-85.6666534,42.9704954],[-85.6665617,42.9704969],[-85.6664514,42.9704998],[-85.6659484,42.9705136],[-85.66586,42.970516],[-85.6651863,42.97053090000001],[-85.6649459,42.9705261],[-85.6648305,42.970518000000006],[-85.6647051,42.9704993],[-85.6645355,42.9704658],[-85.6643568,42.970424],[-85.664191,42.97038700000001],[-85.664034,42.97036],[-85.6639133,42.9703535],[-85.663775,42.970346],[-85.6636816,42.97034059999999],[-85.663415,42.970325],[-85.66320776706687,42.97032061669472]]}},{"type":"Feature","properties":{"routeId":"7","color":"#F37053","dir":"Westbound","trips":50,"dests":"Meijer-Standale"},"geometry":{"type":"LineString","coordinates":[[-85.6737281494454,42.96087837813575],[-85.674665,42.9608798],[-85.6747976,42.960903],[-85.67492110849642,42.960924682788026],[-85.67506865321714,42.96096609732515],[-85.6751144,42.9609799],[-85.6752757,42.9610285],[-85.6755541,42.9610986],[-85.6756908,42.9611408],[-85.6758214,42.9611859],[-85.676334,42.961402],[-85.67652794253755,42.961503259247806],[-85.67664776792148,42.96156679054398],[-85.6768023,42.9616497],[-85.6769408,42.961727999999994],[-85.677072,42.9618129],[-85.6773364,42.9620072],[-85.6775418,42.9621384],[-85.6776449438106,42.96220119430999],[-85.67753353452363,42.96246411990605],[-85.67761601266922,42.96255406386073],[-85.67769849081479,42.96264400781541],[-85.67778096896038,42.96273395177009],[-85.67786344710596,42.962823895724775],[-85.67794592525154,42.96291383967945],[-85.67800569067761,42.963011503738926],[-85.67804497224886,42.963116130307036],[-85.67808425382013,42.963220756875145],[-85.6781235353914,42.96332538344325],[-85.67816281696267,42.963430010011365],[-85.67820209853393,42.963534636579475],[-85.67824138010519,42.96363926314758],[-85.67828066167647,42.96374388971569],[-85.67831994324773,42.9638485162838],[-85.678359224819,42.9639531428519],[-85.67835715382022,42.9640614454065],[-85.67835275421734,42.96416995495954],[-85.67834835461447,42.96427846451257],[-85.67834395501161,42.964386974065604],[-85.67833955540874,42.964495483618634],[-85.6784896,42.964793],[-85.678383,42.965396],[-85.6782806,42.9659311],[-85.6781365,42.9665051],[-85.67812515957249,42.966549869639515],[-85.67810896654242,42.966660069981245],[-85.6781064,42.9667153],[-85.6780996,42.9668795],[-85.6780422,42.9677212],[-85.6779653,42.9688854],[-85.677952,42.969087],[-85.6779062,42.96959210000001],[-85.6778329,42.9704371],[-85.6778241,42.9705386],[-85.6778015,42.97065979999999],[-85.6777931,42.97070480000001],[-85.6777346,42.9708598],[-85.6776609,42.9709775],[-85.6776416,42.9710084],[-85.6775779,42.9710751],[-85.6775315,42.9711192],[-85.6774764,42.9711721],[-85.6773783,42.97124769999999],[-85.677093,42.971433],[-85.676934,42.971524],[-85.6767053,42.9716633],[-85.67666713294223,42.9716919780936],[-85.67678519809259,42.97191386736971],[-85.67680336623671,42.972021596427304],[-85.67682153438085,42.97212932548491],[-85.67683970252499,42.9722370545425],[-85.67685787066911,42.9723447836001],[-85.67687603881325,42.972452512657696],[-85.67689420695737,42.97256024171529],[-85.67691237510151,42.97266797077289],[-85.67693054324565,42.97277569983049],[-85.67694871138978,42.97288342888808],[-85.6767517,42.9731032],[-85.676906,42.973277],[-85.67710009954065,42.973630146064515],[-85.67703498051415,42.973762985147424],[-85.6772515711583,42.97415103164935],[-85.67709430669883,42.97433330844964],[-85.67714,42.9743807],[-85.6772647,42.9745281],[-85.6773469,42.9746852],[-85.6773951,42.9748446],[-85.677405,42.9750019],[-85.677388,42.975193],[-85.6773252,42.9757473],[-85.6772328,42.9765622],[-85.6772099,42.9767641],[-85.6771993,42.9768577],[-85.6771897,42.9769536],[-85.6771818,42.9770319],[-85.6771185,42.9776606],[-85.6770874,42.9779697],[-85.6770465,42.9783759],[-85.676999,42.978847],[-85.6769752,42.9790843],[-85.6769625,42.9792096],[-85.6768882,42.9799487],[-85.6768761,42.9800565],[-85.67687,42.980129],[-85.6768307,42.9805218],[-85.676706,42.9817984],[-85.6766897,42.9819645],[-85.6766437,42.982433099999994],[-85.6766335,42.982537],[-85.6766037,42.9828394],[-85.6765798,42.9830831],[-85.6765582,42.9833031],[-85.6764931,42.9840048],[-85.67645528308401,42.98441239279516],[-85.6769523,42.984663000000005],[-85.6769554039487,42.98490492176132],[-85.67724416969578,42.98487075251787],[-85.67757,42.984882199999994],[-85.6776408,42.9848838],[-85.6776932,42.9848855],[-85.6778996,42.9848922],[-85.6781771,42.9849012],[-85.6782061,42.9849021],[-85.6786703,42.9849156],[-85.678769,42.984919],[-85.6788791,42.9849229],[-85.679332,42.984939000000004],[-85.67994,42.98496],[-85.680008,42.984964],[-85.680242,42.9849709],[-85.6805401,42.9849797],[-85.680785,42.984987],[-85.6812173,42.9850027],[-85.681309,42.985006],[-85.6814129,42.9850098],[-85.6817707,42.985023000000005],[-85.6821147,42.9850333],[-85.6822346,42.98503689999999],[-85.682474,42.985044],[-85.6827091,42.9850553],[-85.6829852,42.9850691],[-85.6830598,42.9850723],[-85.683174,42.9850773],[-85.6832761,42.9850804],[-85.6835116,42.9850876],[-85.6839427,42.9851008],[-85.684156,42.9851074],[-85.6842998,42.9851118],[-85.684405,42.98511500000001],[-85.6845176,42.9851187],[-85.6846505,42.9851231],[-85.6852642,42.9851434],[-85.6855274,42.9851521],[-85.685617,42.985155],[-85.6857385,42.9851599],[-85.6860539,42.9851725],[-85.6867511,42.9852005],[-85.6868381,42.985204],[-85.6869499,42.9852077],[-85.6874294,42.98522340000001],[-85.6879647,42.9852409],[-85.688059,42.985244],[-85.6882097,42.9852482],[-85.6884662,42.98525539999999],[-85.6887494,42.9852633],[-85.6892069,42.9852761],[-85.689311,42.985279],[-85.6895592,42.9852867],[-85.6903996,42.9853128],[-85.690535,42.985317],[-85.6908789,42.9853254],[-85.6912896,42.9853355],[-85.69139,42.98533799999999],[-85.691775,42.985346],[-85.6918483,42.98534850000001],[-85.6928752,42.9853822],[-85.692996,42.985387],[-85.6931092,42.98539170000001],[-85.6931343,42.98539269999999],[-85.6934323,42.9854012],[-85.6942095,42.9854266],[-85.6948447,42.9854411],[-85.6953533,42.98545270000001],[-85.695412,42.985454],[-85.695476,42.985456],[-85.6955522,42.98545819999999],[-85.6957197,42.985463100000004],[-85.6959734,42.9854705],[-85.696644,42.98549],[-85.697206,42.9855078],[-85.697811,42.985527],[-85.697875,42.98552900000001],[-85.6979913,42.9855339],[-85.698492,42.985555],[-85.6988934,42.9855702],[-85.6996675,42.9855994],[-85.700212,42.98562],[-85.700681,42.985643],[-85.7007411,42.98564499999999],[-85.7010602,42.9856558],[-85.7012326,42.9856643],[-85.7013263,42.9856641],[-85.701617,42.98567500000001],[-85.701725,42.9856794],[-85.7043629,42.9857878],[-85.7045352,42.9857937],[-85.707174,42.985907],[-85.7075332,42.9859136],[-85.707612,42.985915],[-85.7080469,42.9859267],[-85.7080808,42.9859274],[-85.7081655,42.9859292],[-85.7083056,42.9859335],[-85.708345,42.9859347],[-85.708764,42.985946],[-85.7090164,42.9859508],[-85.709123,42.9859528],[-85.709239,42.985955],[-85.709419,42.985956],[-85.7099556,42.9859591],[-85.710817,42.985964],[-85.711591,42.985963],[-85.711857,42.985969],[-85.713498,42.98598100000001],[-85.715209,42.985992],[-85.715395,42.985993],[-85.716244,42.986001],[-85.7167756,42.986002],[-85.7172595,42.9860028],[-85.717374,42.986003],[-85.7174704,42.9860044],[-85.7176637,42.9860072],[-85.717787,42.986009],[-85.7178835,42.9860105],[-85.7179785,42.98601200000001],[-85.7181221,42.9860143],[-85.7186152,42.9860221],[-85.7189385,42.9860273],[-85.7192194,42.98603179999999],[-85.7192892,42.9860329],[-85.7195234,42.98603669999999],[-85.719689,42.9860394],[-85.719789,42.986041],[-85.7199015,42.9860429],[-85.7202165,42.98604819999999],[-85.720506,42.986053],[-85.7206527,42.9860543],[-85.7208599,42.98605619999999],[-85.7214,42.986061],[-85.721782,42.986061],[-85.7222542,42.9860658],[-85.7228611,42.986071900000006],[-85.7233887,42.9860773],[-85.7237215,42.9860806],[-85.7239142,42.9860826],[-85.724053,42.986084],[-85.724655,42.98608999999999],[-85.724728,42.986091],[-85.7254664,42.9861013],[-85.7260715,42.9861098],[-85.7269715,42.9861223],[-85.72709,42.986124],[-85.7272279,42.9861267],[-85.7282303,42.9861464],[-85.7285247,42.9861522],[-85.729225,42.986166000000004],[-85.729661,42.986169],[-85.7297584,42.9861712],[-85.7302888,42.9861832],[-85.7310726,42.986201],[-85.731162,42.986203],[-85.7312732,42.9862052],[-85.7313971,42.9862076],[-85.7316441,42.9862124],[-85.7318941,42.9862173],[-85.732389,42.98622700000001],[-85.732824,42.98623599999999],[-85.7336235,42.9862512],[-85.733666,42.986252],[-85.734032,42.98626039999999],[-85.7345241,42.9862718],[-85.734574,42.986273],[-85.7352936,42.9862867],[-85.7355099,42.9862908],[-85.7363817,42.986311300000004],[-85.7365066,42.9863142],[-85.737052,42.986326999999996],[-85.7371686,42.9863303],[-85.7372479,42.9863325],[-85.738294,42.986362],[-85.7393627,42.9863867],[-85.739898,42.986399],[-85.740601,42.986413],[-85.7407934,42.9864185],[-85.7411498,42.9864287],[-85.741438,42.986437],[-85.7419614,42.9864461],[-85.7421326,42.9864491],[-85.7422119,42.9864505],[-85.742529,42.986456],[-85.743042,42.986463],[-85.743613,42.986473000000004],[-85.7441841,42.9864798],[-85.7444853,42.9864834],[-85.744702,42.986486],[-85.7450551,42.98649],[-85.745501,42.986495],[-85.745785,42.986498],[-85.746932,42.986518],[-85.747081,42.986517],[-85.7474633,42.9865208],[-85.7480572,42.9865339],[-85.7488272,42.9865463],[-85.749395,42.986559],[-85.7496559,42.9865597],[-85.7505404,42.9865623],[-85.751139,42.986564],[-85.7513716,42.9865677],[-85.7514622,42.9865692],[-85.7517878,42.9865725],[-85.7519253,42.986575],[-85.7520798,42.98657790000001],[-85.7526023,42.9865875],[-85.7527412,42.9865897],[-85.7528907,42.9865906],[-85.75303966669752,42.98659325427183],[-85.75317304397703,42.986844321322394],[-85.75331359155727,42.98687680927125],[-85.7534541391375,42.98690929722012],[-85.75359468671773,42.98694178516899],[-85.75373523429796,42.986974273117845],[-85.75387578187821,42.98700676106671],[-85.75401632945844,42.987039249015574],[-85.75415687703867,42.98707173696444],[-85.75424201511967,42.987145795672056],[-85.75428859441384,42.987248782957764],[-85.75460579249801,42.98734266683329],[-85.7546509,42.988071],[-85.754657,42.9881694],[-85.7546894,42.9886926],[-85.7547123,42.9890473],[-85.754737,42.9894102],[-85.7547572,42.989998199999995],[-85.754763,42.990154],[-85.754749,42.990318],[-85.7547138,42.9904297],[-85.754684,42.990524],[-85.754582,42.990671],[-85.7545005,42.9907421],[-85.7544842,42.9907563],[-85.754456,42.990781],[-85.754242,42.990944],[-85.75421494452075,42.990966903512465],[-85.75406679592717,42.991214251973844],[-85.7541506,42.9912767],[-85.754909,42.9918419],[-85.7552928,42.992128099999995],[-85.7553945,42.99221099999999],[-85.7554747,42.99230790000001],[-85.7555646,42.9923759],[-85.7558125,42.9925633],[-85.7560001,42.9926631],[-85.7562241,42.9928344],[-85.7566228,42.9931333],[-85.7569779,42.9933997],[-85.7575005,42.9937916],[-85.757613,42.993876],[-85.758125,42.99425899999999],[-85.760868,42.996322000000006],[-85.7610496,42.9964589],[-85.7611366,42.9965245],[-85.7614231,42.9967406],[-85.761799,42.997024],[-85.7619039,42.9971019],[-85.7620352,42.9971993],[-85.762346,42.99743],[-85.7625689,42.9975956],[-85.762848,42.99780299999999],[-85.764024,42.99867559999999],[-85.7644086,42.9989609],[-85.76491,42.999333],[-85.765011,42.9994132],[-85.7651636,42.9995345],[-85.7658473,43.00007720000001],[-85.7664214,43.0005054],[-85.7666521,43.0006771],[-85.7668899,43.0008544],[-85.7671085,43.0010168],[-85.767497,43.001306],[-85.7677022,43.001460300000005],[-85.7677672,43.00151009999999],[-85.76786,43.001579],[-85.7684904,43.0020539],[-85.7689479,43.0023976],[-85.7692245,43.00260540000001],[-85.7694772,43.0027952],[-85.771346,43.004199],[-85.7718163,43.0045528],[-85.7728547,43.005334],[-85.773829,43.006067],[-85.7742078,43.006351],[-85.7748964,43.0068674],[-85.77512,43.007035],[-85.7754413,43.0072852],[-85.7759761,43.0076995],[-85.7761513,43.0078154],[-85.7763111,43.0079391],[-85.7765432635191,43.008209297447436],[-85.77664185743794,43.00829680451201],[-85.7768405,43.0084592],[-85.7769065,43.0085213],[-85.7769786,43.0085758],[-85.7770301,43.00861],[-85.7770786,43.0086338],[-85.7771485,43.0086641],[-85.7772621,43.0087066],[-85.77731260111523,43.008727635034504],[-85.7774077803662,43.00868627209723],[-85.77749648720231,43.008599607418454],[-85.77758519403842,43.008512942739685],[-85.77767390087453,43.00842627806091],[-85.77776404354577,43.008330709311686],[-85.777762,43.0083069],[-85.7777495,43.0082327],[-85.7777276,43.0081461],[-85.7776792,43.00802379999999],[-85.7774984,43.0043209],[-85.7774632,43.00359960000001],[-85.7774616,43.0035673],[-85.7774549,43.0034286],[-85.777357,43.001422999999996],[-85.7773262,43.0004944],[-85.777278,42.999041],[-85.7772478,42.9983163],[-85.7771984,42.9971307],[-85.777157,42.996137],[-85.777106,42.994158],[-85.776978,42.990528],[-85.776903,42.9885008],[-85.776842,42.986853],[-85.7768299,42.986461500000004],[-85.7768243,42.9862826],[-85.7768135,42.9859781],[-85.7768126,42.9857758],[-85.776812,42.9856356],[-85.7767857,42.9850387],[-85.7767462,42.9840907],[-85.7767398,42.9840222],[-85.776675,42.982457],[-85.7766674,42.9822364],[-85.776574,42.979526],[-85.7765,42.977788],[-85.7764961,42.9776629],[-85.7764379,42.97580959999999],[-85.776434,42.975687],[-85.7764301,42.9755864],[-85.7763824,42.9743493],[-85.776355,42.973638],[-85.776348,42.9733926],[-85.7763471,42.97336119999999],[-85.7763475,42.9731281],[-85.7763426,42.9729153],[-85.7763453,42.972825],[-85.7763217,42.9725051],[-85.776315,42.972286],[-85.7763135,42.9720939],[-85.7763118,42.9718866],[-85.7763094,42.97158400000001],[-85.7763051,42.9713466],[-85.7762997,42.9710496],[-85.7762999,42.9709689],[-85.7762882,42.970596],[-85.7762785,42.9702182],[-85.7762766,42.9699404],[-85.7762701,42.9693293],[-85.7762693,42.9692497],[-85.7762674,42.969074],[-85.77661203405764,42.96896046062426],[-85.7766552376322,42.96885667718238],[-85.77669844120678,42.9687528937405],[-85.77674164478135,42.96864911029863],[-85.77678484835593,42.96854532685675]]}},{"type":"Feature","properties":{"routeId":"1","color":"#913F98","dir":"Southbound","trips":50,"dests":"UM Health - West"},"geometry":{"type":"LineString","coordinates":[[-85.67236567806566,42.96094830635314],[-85.6723663,42.9609727],[-85.672383,42.961637],[-85.672396,42.962202],[-85.6724072293883,42.96263270433362],[-85.67204583374647,42.962737103911074],[-85.67198879796422,42.962837193345244],[-85.67193176218197,42.962937282779414],[-85.67187472639972,42.96303737221359],[-85.67173441369307,42.96325041524149],[-85.6715252,42.9632509],[-85.6714393,42.9632511],[-85.6711061,42.9632489],[-85.67084,42.9632472],[-85.6708114,42.963247],[-85.6706618,42.963243899999995],[-85.6703911,42.9632382],[-85.6702836,42.963236],[-85.6701797,42.963235],[-85.6697538,42.9632307],[-85.6693664,42.9632258],[-85.6692282,42.9632241],[-85.6691879,42.9632239],[-85.6690832,42.9632234],[-85.66864143337837,42.96322143002621],[-85.6685559482965,42.96299973125631],[-85.66847515340176,42.96290896126534],[-85.66839435850703,42.962818191274366],[-85.6683135636123,42.9627274212834],[-85.66823276871757,42.96263665129242],[-85.6678683563277,42.962547820595596],[-85.6678659,42.9623527],[-85.667865,42.962281],[-85.6678535,42.96214719999999],[-85.6678502,42.9620663],[-85.6678331,42.961639500000004],[-85.6678255,42.9614504],[-85.6678144,42.9611739],[-85.6678109,42.961086800000004],[-85.667807,42.96099100000001],[-85.6678048,42.9609256],[-85.667803,42.96087],[-85.6677904,42.9604657],[-85.6677817,42.9601855],[-85.6677661,42.959683],[-85.66777144739086,42.95954811986292],[-85.6677774,42.9595234],[-85.6677821,42.9590758],[-85.6677813,42.958941599999996],[-85.6677795,42.9587545],[-85.6677649,42.9583913],[-85.6677544,42.9580278],[-85.6677524,42.9579366],[-85.6677485,42.9578368],[-85.6677291,42.9573241],[-85.6677217,42.9570677],[-85.6677208,42.9569209],[-85.66772,42.9568602],[-85.6677197,42.9568322],[-85.6677178,42.956639200000005],[-85.66769196596549,42.95652362668774],[-85.66768161171771,42.956409154060744],[-85.6676728,42.956067700000006],[-85.6676697,42.9559533],[-85.6676682,42.9558602],[-85.6676661,42.955784400000006],[-85.6676622,42.95548370000001],[-85.6677152,42.9551391],[-85.6677137,42.95506369999999],[-85.6677126,42.9550008],[-85.66771039477199,42.95488866007202],[-85.66771496468645,42.95478004215404],[-85.66763104160708,42.95467190916678],[-85.6676284,42.95438939999999],[-85.6676234,42.95416],[-85.6676116,42.9536719],[-85.6676,42.953192],[-85.6675998,42.9530755],[-85.6675972,42.952992],[-85.6675791,42.9524067],[-85.667561,42.951642],[-85.6675615,42.9513213],[-85.6675388,42.9505388],[-85.667523,42.950169],[-85.6675168,42.9498012],[-85.667514,42.949631],[-85.6675121,42.9494278],[-85.6675113,42.9493398],[-85.6675106,42.9492584],[-85.6675118,42.949161],[-85.6675104,42.9490635],[-85.6675102,42.94904449999999],[-85.66750869715186,42.948953786416496],[-85.66716582685812,42.948851996870175],[-85.66707760143395,42.948729237438],[-85.6666498,42.9487218],[-85.666204,42.9487096],[-85.6660573,42.948706],[-85.6657546,42.9486985],[-85.66461,42.948672699999996],[-85.6643222,42.9486666],[-85.6639755,42.9486592],[-85.6638106,42.9486678],[-85.6634359,42.9486604],[-85.6633638,42.948659],[-85.6628695,42.9486501],[-85.662736,42.948647599999994],[-85.6623313,42.94863960000001],[-85.6622285,42.9486373],[-85.6621423,42.9486353],[-85.6619942,42.9486304],[-85.6617425,42.9486266],[-85.6616271,42.9486234],[-85.6615319,42.9486227],[-85.661079,42.9486139],[-85.6605175,42.948603000000006],[-85.6603915,42.9486],[-85.660294,42.94859879999999],[-85.6597569,42.9485871],[-85.65958964414814,42.948573795557245],[-85.65948009071742,42.948330823714436],[-85.6593397992955,42.94829773986166],[-85.65919950787357,42.9482646560089],[-85.65905658337273,42.948175796763394],[-85.6590562,42.948112699999996],[-85.659056,42.9480753],[-85.6590546,42.9478556],[-85.6590535,42.9476709],[-85.6590555,42.9476278],[-85.6590578,42.947578],[-85.6590511,42.947297600000006],[-85.6590422,42.946922],[-85.65904,42.946829],[-85.6590458,42.9464401],[-85.659042,42.945837],[-85.6590355,42.945545800000005],[-85.659032,42.945391],[-85.659037,42.9450337],[-85.659039,42.944892],[-85.6590345,42.9446249],[-85.659032,42.94448],[-85.6590279,42.9435701],[-85.65902,42.942662],[-85.6590183,42.942344000000006],[-85.6590155,42.941826],[-85.6590083,42.9416838],[-85.6590022,42.9414102],[-85.6590001,42.9413824],[-85.6589919,42.9412725],[-85.6589834,42.94114770000001],[-85.6589652,42.9408814],[-85.6589543,42.9407296],[-85.6589503,42.940687],[-85.6589488,42.9406264],[-85.658939,42.94023],[-85.658903,42.9398969],[-85.6588904,42.9397801],[-85.6588933,42.9397162],[-85.6588729,42.93948650000001],[-85.658858,42.939319],[-85.6588226,42.9388645],[-85.6587768,42.938276],[-85.6587419,42.9378281],[-85.6587416,42.9375895],[-85.6587068,42.937377],[-85.6586721,42.936931],[-85.6586552,42.9367051],[-85.6586453,42.9365719],[-85.6586425,42.9365339],[-85.6586407,42.9364883],[-85.6586331,42.9364082],[-85.6586106,42.9361061],[-85.6586068,42.9360551],[-85.6586039,42.9360173],[-85.658568,42.935558],[-85.6585673,42.9355234],[-85.658503,42.93466],[-85.6584468,42.9339635],[-85.6584081,42.9334849],[-85.658403,42.933444],[-85.6583549,42.9328279],[-85.658349,42.932753],[-85.6583441,42.9326744],[-85.6583315,42.9324721],[-85.6582973,42.9319231],[-85.6582426,42.9311372],[-85.6582379,42.93107],[-85.6582337,42.931021300000005],[-85.658144,42.929975],[-85.658133,42.9298255],[-85.658119,42.929635],[-85.658077,42.929161],[-85.65807,42.9289748],[-85.6580337,42.9285674],[-85.65801594027265,42.92836851580585],[-85.65834989756914,42.92825396590039],[-85.6584039819559,42.92815299051118],[-85.65845806634265,42.92805201512198],[-85.65851215072941,42.92795103973277],[-85.65856623511617,42.92785006434356],[-85.65862031950292,42.927749088954364],[-85.65867440388968,42.927648113565155],[-85.65878584163036,42.92740299154882],[-85.659165,42.927407],[-85.6598937,42.9274147],[-85.660403,42.92742],[-85.661638,42.927438],[-85.662119,42.927441],[-85.6621965,42.9274418],[-85.6627232,42.9274475],[-85.662865,42.927449],[-85.6629913,42.9274512],[-85.6634412,42.927459],[-85.6640362,42.9274694],[-85.664131,42.927471000000004],[-85.6642448,42.9274725],[-85.6652809,42.9274858],[-85.66537,42.927487],[-85.6654866,42.9274918],[-85.6660453,42.92751489999999],[-85.66607768972709,42.927516242115765],[-85.66623045234337,42.927295000852226],[-85.66636912876027,42.92725840504043],[-85.66650780517716,42.927221809228655],[-85.66663589797369,42.92716812218203],[-85.6666329,42.92709990000001],[-85.666611,42.926603],[-85.6666078,42.9265323],[-85.6665949,42.92600319999999],[-85.6665827,42.925731],[-85.6665764,42.9256367],[-85.66657,42.925542],[-85.6665595,42.9253288],[-85.6665522,42.9251959],[-85.6665481,42.9249182],[-85.666546,42.9248589],[-85.6665417,42.9248049],[-85.666528,42.9245996],[-85.6665242,42.9245593],[-85.6665086,42.9242252],[-85.666505,42.9240088],[-85.6665019,42.9239545],[-85.6664995,42.9238951],[-85.6664855,42.9235722],[-85.6664806,42.9235138],[-85.6664739,42.923399399999994],[-85.6664657,42.923142],[-85.6664635,42.9230498],[-85.6664615,42.9229971],[-85.6664234,42.9223298],[-85.666421,42.922261],[-85.666409,42.92199],[-85.6664004,42.9217443],[-85.666397,42.921649],[-85.6663948,42.9215945],[-85.6663874,42.9214121],[-85.6663747,42.92109880000001],[-85.6663647,42.9208508],[-85.666362,42.920785],[-85.6663569,42.9206549],[-85.6663499,42.92042380000001],[-85.6663439,42.9203292],[-85.6663384,42.9202494],[-85.6663333,42.9201398],[-85.6663222,42.9199706],[-85.6663118,42.9197612],[-85.6663073,42.9196696],[-85.6662933,42.919387],[-85.666288,42.919281],[-85.666282,42.919159],[-85.6662746,42.9189206],[-85.6662658,42.9186351],[-85.666254,42.9183744],[-85.6662514,42.9182804],[-85.6662457,42.9181682],[-85.66624,42.9180558],[-85.6662342,42.9179419],[-85.6662299,42.91785],[-85.6661798,42.916867],[-85.6661717,42.916728],[-85.6661603,42.91648279999999],[-85.6661502,42.9162693],[-85.6661397,42.916002999999996],[-85.6660921,42.9152856],[-85.666084,42.91512899999999],[-85.6660765,42.9148311],[-85.6660601,42.9144307],[-85.666046,42.914271],[-85.6660266,42.913919],[-85.666023,42.913853],[-85.6660199,42.913748000000005],[-85.6660169,42.913643],[-85.6660114,42.9134733],[-85.6660026,42.9132036],[-85.6659984,42.9130731],[-85.6659918,42.912899],[-85.6659737,42.9124201],[-85.6659663,42.9122232],[-85.665954,42.9119992],[-85.6659509,42.9119493],[-85.6659359,42.911712],[-85.6659218,42.9114952],[-85.6659163,42.9114008],[-85.6659127,42.9113354],[-85.6659036,42.911098],[-85.6659013,42.9110385],[-85.6658942,42.9109094],[-85.665876,42.9105784],[-85.6658705,42.91043849999999],[-85.6658695,42.9103589],[-85.665863,42.9102356],[-85.6658409,42.9098176],[-85.6658231,42.9094796],[-85.6658181,42.90938609999999],[-85.6658058,42.9091254],[-85.6657931,42.908919],[-85.6657874,42.9087768],[-85.6657791,42.9085715],[-85.665758,42.908179700000005],[-85.6657573,42.90815080000001],[-85.6657483,42.9076734],[-85.6657345,42.9074042],[-85.6657203,42.9071271],[-85.6657132,42.9069882],[-85.6656987,42.9067463],[-85.6656971,42.9065828],[-85.6656896,42.906484000000006],[-85.6656807,42.906351],[-85.6656741,42.9062688],[-85.6656552,42.9060288],[-85.6656407,42.9058372],[-85.6656372,42.9057243],[-85.6656308,42.9055174],[-85.6656202,42.9051781],[-85.6656163,42.905052],[-85.6656065,42.9048809],[-85.6655842,42.90449180000001],[-85.6655756,42.9043428],[-85.6655593,42.9040453],[-85.6655442,42.9036696],[-85.6655423,42.9036215],[-85.6655355,42.9034277],[-85.6655308,42.9032919],[-85.6655193,42.9029641],[-85.6655156,42.9028585],[-85.6655059,42.9025811],[-85.6654933,42.9022251],[-85.665478,42.9019509],[-85.6654526,42.90149589999999],[-85.6654513,42.9014622],[-85.6654391,42.9011388],[-85.6654315,42.9009384],[-85.6654233,42.9007205],[-85.6654164,42.9005542],[-85.6654143,42.9005035],[-85.6654105,42.9003793],[-85.6654083,42.9003073],[-85.6654056,42.9002203],[-85.6654015,42.9000865],[-85.6653976,42.8999583],[-85.6653921,42.8997813],[-85.6653858,42.8995757],[-85.6653839,42.8995123],[-85.6653474,42.898733199999995],[-85.6653419,42.898615400000004],[-85.6653358,42.8984938],[-85.665323,42.8982398],[-85.665304,42.8978618],[-85.6652927,42.8976377],[-85.6652895,42.8975713],[-85.6652805,42.897385],[-85.6652713,42.8971937],[-85.6652552,42.8968593],[-85.6652466,42.8966812],[-85.6652339,42.8964183],[-85.66523,42.89633739999999],[-85.6652229,42.896155],[-85.6652131,42.8960069],[-85.6651946,42.8957061],[-85.6651761,42.89547139999999],[-85.6651732,42.8953984],[-85.665166,42.8952146],[-85.6651557,42.894951],[-85.6651443,42.8946586],[-85.665137,42.8944719],[-85.6651301,42.8942875],[-85.665126,42.8941722],[-85.6651225,42.8940872],[-85.6651192,42.8940004],[-85.6651155,42.8939009],[-85.6651133,42.8938429],[-85.6651051,42.8936257],[-85.6651029,42.8935671],[-85.6650967,42.8933675],[-85.6650907,42.8931745],[-85.6650897,42.89314149999999],[-85.66508,42.8929797],[-85.66506,42.8926442],[-85.6650539,42.8922549],[-85.6650372,42.8919095],[-85.6650288,42.8917356],[-85.6650117,42.8913377],[-85.6650023,42.89111830000001],[-85.6649898,42.890826],[-85.6649803,42.890447099999996],[-85.6649611,42.8899227],[-85.6649505,42.8896404],[-85.6649466,42.88953550000001],[-85.6649383,42.8892512],[-85.6649315,42.8890177],[-85.664926,42.8888322],[-85.6649131,42.88858940000001],[-85.6648991,42.8881554],[-85.6648981,42.8881331],[-85.6648853,42.8878604],[-85.6648789,42.8877229],[-85.664855,42.8871124],[-85.6648452,42.8868092],[-85.6648397,42.8866302],[-85.6648295,42.8862934],[-85.6648226,42.88606879999999],[-85.6648122,42.88589360000001],[-85.6648068,42.8857732],[-85.664799,42.885601199999996],[-85.6647736,42.885038400000006],[-85.6647683,42.8849904],[-85.6647665,42.8848508],[-85.6647626,42.8845455],[-85.6647574,42.884134800000005],[-85.6647564,42.8840587],[-85.664753,42.8839425],[-85.6647474,42.8838311],[-85.6647334,42.8835505],[-85.6647324,42.88352979999999],[-85.6647257,42.8833951],[-85.6647227,42.8833587],[-85.6647021,42.8829361],[-85.6646917,42.8827121],[-85.6646526,42.8818081],[-85.6646464,42.8816663],[-85.6646423,42.8815782],[-85.6646385,42.881442099999994],[-85.664617,42.880665699999994],[-85.664612,42.8804854],[-85.6646031,42.88028310000001],[-85.6645943,42.880085],[-85.664589,42.8799644],[-85.6645872,42.8799166],[-85.6645769,42.8796599],[-85.664576,42.879636299999994],[-85.6645617,42.8793446],[-85.6645515,42.8791125],[-85.664548,42.879034],[-85.664531,42.87859329999999],[-85.664513,42.878129],[-85.6645005,42.8776353],[-85.664476,42.877216],[-85.6644514,42.8767438],[-85.664452,42.8765458],[-85.6644498,42.87635],[-85.6644497,42.8763138],[-85.6644362,42.8760427],[-85.6644319,42.8759554],[-85.6644301,42.875899],[-85.664416,42.87545600000001],[-85.6644102,42.8752015],[-85.6643998,42.8747505],[-85.6643965,42.8746607],[-85.6643874,42.87441539999999],[-85.664367,42.8738611],[-85.6643632,42.8737579],[-85.6643553,42.8735187],[-85.6643439,42.8731638],[-85.664342,42.873106],[-85.6643317,42.872746],[-85.6643292,42.8726596],[-85.6643244,42.8724948],[-85.6643213,42.872385],[-85.664317,42.87223680000001],[-85.6643135,42.87211030000001],[-85.6643072,42.8715387],[-85.6643064,42.8714704],[-85.664294,42.8712833],[-85.6642936,42.871175],[-85.6642779,42.8705894],[-85.6642755,42.8704868],[-85.6642664,42.8700955],[-85.6642643,42.8700039],[-85.6642534,42.8695329],[-85.6642491,42.8694386],[-85.6642377,42.86918719999999],[-85.6642252,42.8689106],[-85.6641962,42.868271799999995],[-85.6641838,42.8679999],[-85.6641766,42.8678416],[-85.6641742,42.86778880000001],[-85.6641447,42.867137],[-85.66413125587677,42.866841309313834],[-85.66431488475793,42.86673843095014],[-85.66440996783398,42.866655519889406],[-85.66450505091005,42.86657260882866],[-85.6646001339861,42.866489697767925],[-85.66469521706216,42.86640678670719],[-85.66479030013821,42.866323875646444],[-85.66488538321427,42.86624096458571],[-85.66498046629033,42.86615805352496],[-85.66507554936639,42.866075142464226],[-85.66518343878684,42.865837863488956],[-85.6653086,42.8658402],[-85.6658361,42.8658501],[-85.6658866,42.865851],[-85.666136,42.8658557],[-85.6664736,42.865862],[-85.6668117,42.8658683],[-85.666958,42.865871],[-85.6671482,42.8658718],[-85.6674421,42.865873],[-85.6679938,42.8658857],[-85.6682485,42.8658916],[-85.6689834,42.865905],[-85.6692087,42.8659083],[-85.6693572,42.8659106],[-85.670366,42.8659229],[-85.6704494,42.86592310000001],[-85.6715021,42.8659466],[-85.672614,42.865958],[-85.6734502,42.86597179999999],[-85.6734761,42.865973],[-85.6739102,42.8659843],[-85.6741091,42.8659868],[-85.674472,42.8659937],[-85.6750421,42.8660024],[-85.6755161,42.8660116],[-85.6756761,42.8660156],[-85.6758657,42.8660679],[-85.6759257,42.86607850000001],[-85.675987,42.8660843],[-85.6768668,42.86609169999999],[-85.6771345,42.8660957],[-85.67816,42.8660901],[-85.6787116,42.8660948],[-85.6791425,42.8660992],[-85.6800166,42.8661097],[-85.68034159183136,42.866112743970405],[-85.68048833273488,42.86599046390177],[-85.68085,42.865993800000005],[-85.6814939,42.865999],[-85.6817620610549,42.86600479329998],[-85.68189644153044,42.865763066592294],[-85.68202339701268,42.86570801792295],[-85.68215035249493,42.8656529692536],[-85.68227730797719,42.86559792058425],[-85.68240426345942,42.86554287191491],[-85.68253121894168,42.865487823245566],[-85.6826579002949,42.86546408571611],[-85.68278388134439,42.86552033719034],[-85.68290986239388,42.86557658866457],[-85.68303584344338,42.865632840138794],[-85.68316182449287,42.86568909161302],[-85.68328780554236,42.86574534308725],[-85.68341122882681,42.86601424468871],[-85.6836646,42.8660159],[-85.68379035775196,42.86601787200775],[-85.68392236268701,42.86601917340896],[-85.6841166,42.8660179],[-85.6846408,42.86602619999999],[-85.6847246,42.86603110000001],[-85.684789,42.866037000000006],[-85.6848506,42.8660458],[-85.68507957753538,42.866086944400884],[-85.6852489290686,42.86609063410341],[-85.6855771,42.8660878],[-85.6857199,42.866086],[-85.6858573,42.866081],[-85.685963,42.8660769],[-85.6860654,42.8660682],[-85.68612963338566,42.86606237199525],[-85.68623246154644,42.865805040751574],[-85.68637274644007,42.86577194186625],[-85.6865130313337,42.86573884298093],[-85.68665331622735,42.86570574409561],[-85.68679352024698,42.8656725192331],[-85.68691721083532,42.86561357144821],[-85.68704090142366,42.865554623663314],[-85.68734275260033,42.86567261251885],[-85.6874331,42.8656232],[-85.6875477,42.8655581],[-85.6876611,42.8654804],[-85.6877611,42.8654026],[-85.6878191,42.8653572],[-85.6879255,42.8652705],[-85.6881472,42.8650753],[-85.688877,42.864371],[-85.6892482,42.8640153],[-85.68978242822352,42.863503229908716],[-85.69012631817323,42.863561827129395],[-85.69022715904404,42.86348269741862],[-85.69032799991487,42.86340356770784],[-85.69042884078569,42.86332443799707],[-85.69053381617701,42.86324866691629],[-85.69065046252788,42.86318237660477],[-85.69076710887876,42.863116086293246],[-85.69088375522963,42.86304979598174],[-85.69100040158051,42.862983505670215],[-85.69111704793139,42.86291721535869],[-85.69109558391187,42.86266405073244],[-85.691997,42.8623022],[-85.6921699,42.8622328],[-85.6922589,42.8621971],[-85.692583,42.862067],[-85.692935,42.861921],[-85.69315078849299,42.86183455040079],[-85.69342881460543,42.86198497152806],[-85.69356458872724,42.86194287758703],[-85.69370036284909,42.86190078364602],[-85.69383613697093,42.86185868970501],[-85.69397191109276,42.86181659576399],[-85.6941076852146,42.86177450182298],[-85.69424345933643,42.86173240788196],[-85.69437923345828,42.86169031394095],[-85.69451500758011,42.861648219999935],[-85.69465078170195,42.861606126058916],[-85.6947865558238,42.861564032117904],[-85.69492232994563,42.861521938176885],[-85.6950598860248,42.8614832273339],[-85.69519863516678,42.861446781555536],[-85.69533738430877,42.861410335777165],[-85.69547613345075,42.8613738899988],[-85.69561488259275,42.86133744422043],[-85.69575363173473,42.86130099844207],[-85.69589238087673,42.861264552663705],[-85.69603113001871,42.86122810688534],[-85.6961698791607,42.86119166110698],[-85.6963086283027,42.86115521532861],[-85.69644737744468,42.861118769550245],[-85.69658686656321,42.86108406528235],[-85.69672903927213,42.861055676756266],[-85.69687121198105,42.861027288230176],[-85.69701338468997,42.860998899704086],[-85.69715555739889,42.860970511177996],[-85.6972977301078,42.86094212265192],[-85.69744494207956,42.86069271135702],[-85.697549,42.860694],[-85.6977468,42.8606946],[-85.6989175,42.8606982],[-85.699601,42.8607098],[-85.7000628,42.8607101],[-85.7001516,42.8607098],[-85.7006393,42.8607055],[-85.7010547,42.8606859],[-85.7015799,42.860649900000006],[-85.7019058,42.8606319],[-85.7020778,42.86062660000001],[-85.7023438,42.8606191],[-85.7032299,42.8606135],[-85.703439,42.860613],[-85.7036147,42.86061469999999],[-85.7041963,42.8606202],[-85.7044878,42.8606229],[-85.704821,42.860626],[-85.7051512,42.86063180000001],[-85.706119,42.8606439],[-85.7076177,42.8606605],[-85.7080513,42.8606658],[-85.708784,42.8606728],[-85.7096664,42.860681],[-85.7104678,42.8606899],[-85.7117829,42.860700099999995],[-85.7121183,42.8607027],[-85.712237,42.860704],[-85.7124481,42.8607056],[-85.7128289,42.8607084],[-85.7133229,42.8607121],[-85.71344,42.860713],[-85.7135949,42.8607147],[-85.713891,42.860718],[-85.7140317,42.8607194],[-85.7143344,42.860724499999996],[-85.715181,42.8607369],[-85.7161054553625,42.860748300234285],[-85.7162454216606,42.860988940167864],[-85.71639041731437,42.86100806058606],[-85.71653541296814,42.861027181004246],[-85.71667870126792,42.861050114465144],[-85.71681065939566,42.86109835165897],[-85.7169426175234,42.8611465888528],[-85.71707457565117,42.861194826046635],[-85.7172065337789,42.861243063240465],[-85.71733849190666,42.86129130043429],[-85.71747045003441,42.861339537628126],[-85.71760240816215,42.86138777482196],[-85.7177343662899,42.86143601201578],[-85.71786632441764,42.86148424920962],[-85.7179982825454,42.86153248640345],[-85.71813024067315,42.861580723597285],[-85.71826247320806,42.86162854752882],[-85.71839512268969,42.86167574353085],[-85.7185277721713,42.861722939532896],[-85.71866042165291,42.86177013553494],[-85.71879307113454,42.86181733153698],[-85.71892572061616,42.86186452753902],[-85.71925724261186,42.86177047082262],[-85.719713,42.862119],[-85.7198376,42.862214200000004],[-85.7199622,42.8623015],[-85.72006,42.862359],[-85.7201639,42.862414],[-85.7203079,42.8624851],[-85.7204074,42.862528],[-85.72070188551017,42.86238326927601],[-85.72084194498326,42.86241688268681],[-85.72098200445637,42.8624504960976],[-85.7211220639295,42.8624841095084],[-85.72126212340261,42.86251772291919],[-85.72140416400593,42.86251809406993],[-85.72154768290493,42.8624936602444],[-85.72169120180389,42.86246922641887],[-85.72183472070287,42.86244479259334],[-85.72197823960185,42.8624203587678],[-85.72212175850083,42.86239592494227],[-85.72226527739981,42.86237149111674],[-85.72240879629878,42.86234705729121],[-85.72255231519776,42.86232262346569],[-85.72269583409674,42.86229818964016],[-85.72283935299572,42.86227375581462],[-85.72306924836955,42.86217263024933],[-85.7230657,42.8620003],[-85.7230619,42.8618179],[-85.7230566,42.8616129],[-85.72305181748483,42.86143362963789],[-85.72321291233546,42.86132584357898],[-85.7232117,42.86127749999999],[-85.7232054,42.8610821],[-85.7231976,42.8607153],[-85.7232018,42.860631],[-85.7232087,42.8605022],[-85.7232089,42.8604368],[-85.7231981,42.86012790000001],[-85.723195,42.8599956],[-85.7231916,42.85986690000001],[-85.7231727,42.85915979999999],[-85.7231715,42.85903189999999],[-85.7231603,42.85873079999999],[-85.7231516,42.858419999999995],[-85.7231492,42.8583351],[-85.7231429,42.8581062],[-85.7231367,42.8579857],[-85.72313562147714,42.85796463196032],[-85.72293117592291,42.85786831663018],[-85.7229303,42.8578237],[-85.7229273,42.8576704],[-85.72292081760109,42.857404251222455],[-85.72253604098641,42.8573164620379],[-85.72245750505948,42.85722462148583],[-85.72237896913255,42.85713278093374],[-85.72230043320562,42.857040940381665],[-85.72222189727867,42.85694909982959],[-85.72214336135174,42.85685725927751],[-85.72204062508165,42.8568079129743],[-85.7219101,42.8568054],[-85.7217891,42.8568011],[-85.7216802,42.856795],[-85.7215944,42.8567871],[-85.7215146,42.8567743],[-85.7214361,42.8567576],[-85.7213575,42.8567381],[-85.721287,42.8567187],[-85.7212028,42.8566901],[-85.7211271,42.856658100000004],[-85.7210488,42.8566221],[-85.7209263,42.8565561],[-85.7208617,42.8565178],[-85.7208065,42.8564794],[-85.72077,42.856451799999995],[-85.7207269,42.8564183],[-85.7206698,42.8563688],[-85.72063151953436,42.85633181847233],[-85.72061414739314,42.85621906981221],[-85.72047720621059,42.856179081994426],[-85.72034026502804,42.85613909417665],[-85.72020332384551,42.85609910635887],[-85.72002717021024,42.856083305110516],[-85.7198876,42.8559604],[-85.7198439,42.8559393],[-85.7196957,42.855868],[-85.7195949,42.8558454],[-85.7194446,42.8558097],[-85.7192654,42.8557905],[-85.7189229,42.8557905],[-85.7185358,42.855783],[-85.7181546,42.8557804],[-85.7180399,42.855779600000005],[-85.7176384115269,42.85579477026465],[-85.71749116364867,42.855797613467175],[-85.71735456375622,42.855835536303836],[-85.71721970747022,42.855879203426696],[-85.71708485118424,42.855922870549556],[-85.71694999489824,42.85596653767241],[-85.71681513861226,42.85601020479526],[-85.71668028232628,42.85605387191812],[-85.7165454260403,42.85609753904098],[-85.71641056975432,42.85614120616384],[-85.71627571346833,42.85618487328669],[-85.71614687322902,42.8562349155671],[-85.71604439755099,42.85631289616666],[-85.71594192187295,42.85639087676623],[-85.71583944619493,42.85646885736579],[-85.7157369705169,42.856546837965354],[-85.71563449483887,42.85662481856491],[-85.71553201916085,42.85670279916448],[-85.71542954348281,42.856780779764044],[-85.71532706780478,42.85685876036361],[-85.71522459212676,42.85693674096317],[-85.71512211644873,42.857014721562734],[-85.71501964077069,42.85709270216229],[-85.71500256576407,42.85717610516783],[-85.7149917,42.8572406],[-85.7149796,42.85729760000001],[-85.7149594,42.8573616],[-85.7149369,42.857423700000005],[-85.7149144,42.857474],[-85.714879,42.8575424],[-85.7148561,42.8575831],[-85.7148306,42.8576238],[-85.7147904,42.8576835],[-85.7147385,42.8577487],[-85.7146854,42.857811],[-85.7138292,42.85872530000001],[-85.7137695,42.85879010000001],[-85.7137183,42.858851],[-85.71370082589723,42.858874335903685],[-85.71391074030451,42.859078829234],[-85.71387817590794,42.859184701084025],[-85.71384561151137,42.859290572934036],[-85.7138130471148,42.85939644478406],[-85.71388664156825,42.859460833765176],[-85.71402104818547,42.85972652495819],[-85.7152788,42.8597349],[-85.7168412,42.8597464],[-85.718061,42.8597669],[-85.7193565,42.8597874],[-85.719467,42.8597901],[-85.7195857,42.8597914],[-85.7198466472602,42.85979153865422],[-85.71998933371559,42.85983290062101],[-85.72008071441051,42.85974775827176],[-85.72017209510547,42.8596626159225],[-85.72026347580042,42.859577473573246],[-85.72035485649536,42.859492331224],[-85.72044623719032,42.85940718887474],[-85.72053761788524,42.859322046525484],[-85.7206289985802,42.859236904176235],[-85.72072037927515,42.859151761826986],[-85.72081175997009,42.85906661947773],[-85.72083471914021,42.85896213514087],[-85.7208318,42.8588551],[-85.7208211,42.8584896],[-85.7208186,42.85838859999999],[-85.7208137,42.85828579999999],[-85.72081158945475,42.85822123294906],[-85.72049593137373,42.85812095635932],[-85.72045978853868,42.85801571708479],[-85.72036593281587,42.857981764774266],[-85.72022310395488,42.85800830408832],[-85.72008027509389,42.858034843402386],[-85.71993744623289,42.85806138271645],[-85.7197946173719,42.85808792203051],[-85.71965178851092,42.85811446134457],[-85.71950895964993,42.85814100065863]]}},{"type":"Feature","properties":{"routeId":"15","color":"#F49AC1","dir":"Westbound","trips":50,"dests":"Central Station"},"geometry":{"type":"LineString","coordinates":[[-85.5931245424537,42.99784800824128],[-85.593193,42.9977994],[-85.59329126105104,42.997723649202605],[-85.59365130384498,42.99770543948489],[-85.5938954,42.997708],[-85.59492430872572,42.99771880602409],[-85.59505846002477,42.99795477900507],[-85.59519643928134,42.99799277919533],[-85.59529513650278,42.998059420285585],[-85.59534521062477,42.998161512933386],[-85.59539528474676,42.99826360558119],[-85.59544535886874,42.99836569822899],[-85.59549543299073,42.99846779087679],[-85.59554550711273,42.99856988352459],[-85.5955955812347,42.99867197617239],[-85.59568889266527,42.99879825466378],[-85.59685824228033,42.99880226733466],[-85.59695357876907,42.99854189567196],[-85.59703744994883,42.99845265415446],[-85.59712132112858,42.99836341263698],[-85.59720519230834,42.99827417111948],[-85.59728906348809,42.99818492960198],[-85.59737293466785,42.99809568808448],[-85.59735079618926,42.99799611837198],[-85.5973493,42.9979573],[-85.5973548,42.9973722],[-85.5973566,42.997178899999994],[-85.5973759,42.9964831],[-85.59738,42.9964263],[-85.5974625,42.9962365],[-85.5975656,42.996061700000006],[-85.5976448,42.9958082],[-85.5976555,42.9956097],[-85.5976053,42.9954371],[-85.5974504,42.9951551],[-85.59767881956088,42.99496269066992],[-85.59768720133636,42.99485430857939],[-85.59769558311183,42.994745926488854],[-85.5977039648873,42.99463754439832],[-85.59771234666277,42.994529162307785],[-85.59772072843825,42.99442078021725],[-85.59766588290694,42.994269322404726],[-85.5978547,42.9940145],[-85.5980039,42.9936178],[-85.5980312,42.9932315],[-85.597976,42.9931049],[-85.5978861,42.9928987],[-85.59780820635336,42.99277710339517],[-85.59802418054318,42.992595329131184],[-85.5980485253122,42.99249492334213],[-85.5981732952166,42.9924372242638],[-85.598298065121,42.99237952518547],[-85.5984228350254,42.99232182610714],[-85.5985476049298,42.992264127028804],[-85.59867237483422,42.99220642795048],[-85.59879714473863,42.992148728872145],[-85.59892191464303,42.99209102979381],[-85.59905010475924,42.992038394111916],[-85.59918778193351,42.99199980338937],[-85.5992579158141,42.99175174057991],[-85.5993358,42.9917381],[-85.5998259,42.9916994],[-85.60015179457594,42.99170108720699],[-85.6002410466219,42.99165544721079],[-85.60055592076824,42.99155549917392],[-85.6005574,42.9914012],[-85.6005584,42.9912942],[-85.6005628,42.9910965],[-85.6005637,42.99077290000001],[-85.6005753,42.9896394],[-85.6005766,42.9895143],[-85.6005769,42.9894848],[-85.6005823,42.98895029999999],[-85.6005853,42.9886584],[-85.6005904,42.9881636],[-85.600592,42.9880087],[-85.6005936,42.9878475],[-85.6005995,42.98727070000001],[-85.6006035,42.98687970000001],[-85.6006181,42.9854477],[-85.6006247,42.9848018],[-85.6006271501901,42.984558111092355],[-85.60041021743011,42.98435175536636],[-85.5998465,42.984352],[-85.5989074,42.9843523],[-85.5976753,42.9843528],[-85.5966575,42.9843497],[-85.596505,42.9843492],[-85.5964507,42.984349],[-85.5964125,42.984348],[-85.5960551,42.9843382],[-85.595753,42.9843373],[-85.5937258,42.9843312],[-85.5931399,42.9843295],[-85.592657,42.98433],[-85.5919414,42.9843334],[-85.59159261990152,42.98433968142408],[-85.59146116949435,42.984227078132406],[-85.59136904852645,42.9841423701864],[-85.59127692755854,42.98405766224039],[-85.59118480659063,42.98397295429437],[-85.59109268562273,42.983888246348364],[-85.59100056465482,42.983803538402356],[-85.59090844368691,42.98371883045635],[-85.59075587667702,42.98362779261354],[-85.5907552,42.9836038],[-85.5907544,42.9835091],[-85.5907467,42.9828838],[-85.590755,42.9820061],[-85.590755,42.98198500000001],[-85.590763,42.980685],[-85.5907843,42.9800958],[-85.5907971,42.97974080000001],[-85.5908045,42.9795354],[-85.5908143,42.9792647],[-85.5908132,42.9788525],[-85.5907924,42.9783921],[-85.5907948,42.977939500000005],[-85.5907983,42.9772653],[-85.590799,42.97712200000001],[-85.590796,42.9766183],[-85.5908075,42.9760952],[-85.5908063,42.97598980000001],[-85.5908076,42.9751024],[-85.5907944,42.9744072],[-85.59078725028895,42.97407460603407],[-85.5907208,42.9739629],[-85.5907204,42.9736639],[-85.5907222,42.9732958],[-85.5907211,42.973133999999995],[-85.5907121,42.9722763],[-85.5907081,42.9716863],[-85.590707,42.9715156],[-85.5907043,42.97097000000001],[-85.5907071,42.96997],[-85.5907048,42.96987020000001],[-85.5907,42.9696648],[-85.59069932024785,42.969631071934366],[-85.59108495846117,42.969587771810325],[-85.59122471004326,42.96955346940081],[-85.59136446162536,42.9695191669913],[-85.59150421320744,42.96948486458178],[-85.59164396478954,42.96945056217226],[-85.59178371637164,42.969416259762745],[-85.59198163434615,42.96934267847338],[-85.592041,42.969372],[-85.59243,42.969581999999996],[-85.5927358,42.9696986],[-85.5930009,42.9697794],[-85.5933134,42.9698352],[-85.5934322,42.9698499],[-85.593635,42.969875],[-85.59396,42.96989],[-85.5945256,42.9698951],[-85.5957682,42.9699063],[-85.598066,42.969927],[-85.5981418,42.9699276],[-85.5987383,42.9699324],[-85.5993918,42.9699377],[-85.6004739,42.969946500000006],[-85.600535,42.969947],[-85.6016642,42.9699541],[-85.602592,42.96996],[-85.6031052,42.9699626],[-85.6043875,42.969969],[-85.6049423,42.9699718],[-85.6051862,42.969972999999996],[-85.6052405,42.96997329999999],[-85.605456,42.9699744],[-85.6061723,42.969978],[-85.6064403,42.9699791],[-85.6068448,42.9699808],[-85.6076027,42.969984],[-85.6078495,42.9699851],[-85.6085622,42.9699881],[-85.609022,42.9699901],[-85.6091676,42.96999069999999],[-85.60966080467715,42.969992803803336],[-85.60977284227039,42.97009275222194],[-85.60987141991374,42.97017341606181],[-85.6099699975571,42.97025407990169],[-85.61006857520044,42.97033474374157],[-85.6101671528438,42.97041540758145],[-85.61026573048714,42.97049607142132],[-85.6103643081305,42.970576735261204],[-85.61041435175115,42.97068162201091],[-85.610411,42.971299],[-85.6104146,42.9718571],[-85.6104268,42.9726163],[-85.6104335,42.9730324],[-85.6104347,42.9732726],[-85.6104363,42.9735728],[-85.6104383,42.9739609],[-85.6104392,42.974143899999994],[-85.61044,42.9742942],[-85.6104416,42.9745946],[-85.610442,42.974681],[-85.610445,42.9748016],[-85.610456,42.975712],[-85.610444,42.9764496],[-85.6104534,42.97707559999999],[-85.6104652,42.9776441],[-85.6104654,42.9776832],[-85.6104663,42.9778605],[-85.6104665,42.977903600000005],[-85.6104683,42.9782199],[-85.6104692,42.9783903],[-85.6104703,42.9786126],[-85.6104727,42.9790486],[-85.610473,42.979105],[-85.610473,42.979294],[-85.610473,42.9793705],[-85.610473,42.9796666],[-85.610473,42.980602],[-85.610473,42.982612],[-85.610474,42.9826961],[-85.6104775,42.9829754],[-85.6104893,42.9839178],[-85.61049012259663,42.98398443032756],[-85.61079879295515,42.98407553709715],[-85.61087553179856,42.98416819912392],[-85.61095227064196,42.9842608611507],[-85.61102900948536,42.98435352317748],[-85.61116494312544,42.98438527299825],[-85.611324,42.9843865],[-85.6117384,42.98439],[-85.6121529,42.9843934],[-85.6140229,42.9843984],[-85.614146,42.984399],[-85.614243,42.9843994],[-85.6147806,42.9844011],[-85.6152291,42.9844024],[-85.615517,42.9844033],[-85.6156809,42.9844038],[-85.6159525,42.9844047],[-85.616048,42.984405],[-85.616299,42.984405],[-85.6169287,42.9844066],[-85.6178365,42.984409],[-85.6192752,42.9844096],[-85.6193518,42.9844096],[-85.6196717,42.9844098],[-85.6198397,42.9844099],[-85.6201352,42.98441110000001],[-85.6202688,42.984412],[-85.6209547,42.9844169],[-85.621065,42.9844174],[-85.6211986,42.9844186],[-85.6220482,42.984426400000004],[-85.6234995,42.9844273],[-85.6237618,42.984427100000005],[-85.6239703,42.9844284],[-85.6243639,42.9844303],[-85.6250345,42.9844352],[-85.62516,42.984436],[-85.6252793,42.9844364],[-85.6256778,42.984437899999996],[-85.6257608,42.9844382],[-85.6258139,42.9844384],[-85.6259581,42.9844389],[-85.6262031,42.9844398],[-85.6266391,42.98444140000001],[-85.627126,42.9844432],[-85.6274957,42.9844446],[-85.6276956,42.9844453],[-85.6277252,42.9844453],[-85.6286852,42.9844438],[-85.628862,42.9844437],[-85.6289182,42.9844438],[-85.6291837,42.9844441],[-85.6294253,42.9844445],[-85.6299435,42.9844442],[-85.6300512,42.9844442],[-85.6301769,42.9844437],[-85.6307128,42.9844402],[-85.6308153,42.9844416],[-85.6310591,42.9844408],[-85.631299,42.984440000000006],[-85.632529,42.984436],[-85.6331253,42.984436499999994],[-85.63376,42.984437],[-85.6349417,42.9844427],[-85.6353475,42.9844441],[-85.6367454,42.9844409],[-85.6370349,42.9844395],[-85.6373175,42.984439300000005],[-85.6376657,42.9844376],[-85.6379901,42.9844373],[-85.6382473,42.9844366],[-85.6390748,42.9844342],[-85.6391579,42.984434],[-85.639274,42.984433700000004],[-85.6393591,42.9844335],[-85.6394264,42.9844333],[-85.6395937,42.9844329],[-85.6396521,42.9844328],[-85.6397354,42.9844324],[-85.639869,42.984434],[-85.640039,42.9844331],[-85.6401268,42.9844336],[-85.6402638,42.984434400000005],[-85.640434,42.9844354],[-85.6405489,42.9844361],[-85.6407575,42.9844374],[-85.6409905,42.9844388],[-85.6411084,42.9844401],[-85.6415181,42.9844448],[-85.6415498,42.984445],[-85.6420797,42.98444799999999],[-85.6421772,42.9844485],[-85.6422737,42.9844492],[-85.6431625,42.9844544],[-85.6434906,42.9844577],[-85.6435975,42.9844586],[-85.6443436,42.9844649],[-85.6446963,42.9844679],[-85.6448006,42.9844688],[-85.6449057,42.9844691],[-85.6454052,42.98447199999999],[-85.6459271,42.984475],[-85.6460309,42.9844762],[-85.6461297,42.98447689999999],[-85.6464257,42.9844758],[-85.6474343,42.9844878],[-85.6479919,42.98449020000001],[-85.6480783,42.9844906],[-85.6484223,42.9844946],[-85.6486643,42.9844951],[-85.648782,42.9844949],[-85.6494626,42.9844973],[-85.6495672,42.9844977],[-85.6497005,42.9844982],[-85.6505852,42.9845045],[-85.6516059,42.9845093],[-85.6518039,42.9845093],[-85.6528814,42.9845175],[-85.6539841,42.984521199999996],[-85.6545518,42.9845231],[-85.6546595,42.9845234],[-85.6547671,42.9845241],[-85.6558983,42.984531],[-85.6565042,42.984534],[-85.6566635,42.9845349],[-85.6567896,42.9845354],[-85.65694793317387,42.98453620816592],[-85.65712769589173,42.98434678680072],[-85.6571249,42.984086],[-85.65712,42.983637],[-85.657112,42.9827326],[-85.6571043,42.9818387],[-85.6571011,42.9814665],[-85.6570965,42.9809299],[-85.6570834,42.980013299999996],[-85.6570783,42.9795553],[-85.6570733,42.9791088],[-85.6570727,42.9790276],[-85.657047,42.978248],[-85.6570598,42.9773804],[-85.6570567,42.97697279999999],[-85.6570551,42.9769064],[-85.657049,42.9761707],[-85.6570478,42.975927],[-85.6570274,42.9743501],[-85.6570338,42.973949],[-85.6570294,42.9735357],[-85.6570274,42.9732851],[-85.6570267,42.9732021],[-85.6570261,42.9731258],[-85.6570211,42.9725173],[-85.6570203,42.9724216],[-85.6570194,42.9723119],[-85.6570164,42.9719825],[-85.6570172,42.9716024],[-85.6570164,42.9711674],[-85.6570114,42.971043],[-85.6570057,42.9708787],[-85.6569986,42.9706749],[-85.6569956,42.9705876],[-85.6569926,42.9705018],[-85.656985,42.970284],[-85.656981,42.9701837],[-85.6569802,42.9700788],[-85.65698,42.969934300000006],[-85.6569793,42.9698797],[-85.6569788,42.9698371],[-85.6569763,42.9696295],[-85.6569708,42.96899199999999],[-85.65697,42.968898],[-85.6569688,42.9688314],[-85.6569623,42.9684681],[-85.6569446,42.9674827],[-85.656943,42.967394],[-85.65694,42.967321],[-85.6569241,42.9669271],[-85.656911,42.966604],[-85.6569085,42.9664379],[-85.6569003,42.9658949],[-85.6568998,42.965864800000006],[-85.6568989,42.9658089],[-85.6568976,42.9657228],[-85.6568913,42.9653132],[-85.65689,42.965225],[-85.6568885,42.9651548],[-85.6568769,42.9646027],[-85.6568697,42.9642649],[-85.6568641,42.9639982],[-85.6568626,42.9639286],[-85.65685214725143,42.963432637071925],[-85.65715726934904,42.96333112108292],[-85.65721852889784,42.96323239669831],[-85.65727978844666,42.9631336723137],[-85.65740248052043,42.96299185368607],[-85.6578251,42.9630011],[-85.6580163,42.9630053],[-85.658535,42.9630166],[-85.6586813,42.963019],[-85.6592978,42.9630332],[-85.6594406,42.9630382],[-85.6595814,42.9630387],[-85.660161,42.9630514],[-85.6610409,42.9630692],[-85.661339,42.96307519999999],[-85.6616523,42.963081499999994],[-85.6617684,42.9630842],[-85.6618711,42.9630863],[-85.6625047,42.9631023],[-85.662651,42.9631049],[-85.6630531,42.9631144],[-85.6631197,42.96311600000001],[-85.6633692,42.9631281],[-85.6634175,42.9631321],[-85.663636,42.9631504],[-85.6637284,42.9631561],[-85.6637602,42.963158],[-85.6640912,42.9631632],[-85.6642126,42.9631656],[-85.6643414,42.9631696],[-85.6649082,42.9631837],[-85.6649995,42.9631851],[-85.6651173,42.9631873],[-85.6654196,42.9631931],[-85.6655152,42.9631945],[-85.6660057,42.9632037],[-85.6665901,42.9632162],[-85.6667287,42.9632192],[-85.6668557,42.96322],[-85.6669515,42.9632218],[-85.6677446,42.963219],[-85.66785115075182,42.9632188401339],[-85.66799835479407,42.963218519655264],[-85.668545,42.963221],[-85.6690832,42.9632234],[-85.6691879,42.9632239],[-85.6692282,42.9632241],[-85.6693664,42.9632258],[-85.6697538,42.9632307],[-85.6701797,42.963235],[-85.6702836,42.963236],[-85.6703911,42.9632382],[-85.6706618,42.963243899999995],[-85.6708114,42.963247],[-85.67084,42.9632472],[-85.6711061,42.9632489],[-85.6714393,42.9632511],[-85.6715252,42.9632509],[-85.67188939184977,42.96325005614941],[-85.67201272852385,42.96298445842383],[-85.67213694933703,42.962926119383106],[-85.6722611701502,42.96286778034237],[-85.67236906321416,42.96279689067099],[-85.67245337554989,42.962707875230585],[-85.67253768788564,42.9626188597902],[-85.67262200022137,42.9625298443498],[-85.6727063125571,42.962440828909415],[-85.67279062489284,42.96235181346902],[-85.67287493722857,42.96226279802863],[-85.67295275871916,42.96217067077505],[-85.67302899949313,42.96207778570108],[-85.67310524026708,42.961984900627094],[-85.67318148104103,42.96189201555312],[-85.67350891471385,42.9617923535751],[-85.6734806,42.9612223],[-85.6734804,42.9611828],[-85.6734795,42.9609822],[-85.673479,42.960878],[-85.67347103214573,42.960647566032634]]}},{"type":"Feature","properties":{"routeId":"45","color":"#004987","dir":"Outbound","trips":44,"dests":"Valley Campus"},"geometry":{"type":"LineString","coordinates":[[-85.66178456632072,42.97028309318756],[-85.6618347,42.97028449999999],[-85.661921,42.970287],[-85.6620498,42.9702904],[-85.6627616,42.9703092],[-85.6628084,42.9703106],[-85.6628672,42.9703122],[-85.6630528,42.9703171],[-85.663086,42.970318],[-85.6631597,42.9703196],[-85.663415,42.970325],[-85.6636816,42.97034059999999],[-85.663775,42.970346],[-85.6639133,42.9703535],[-85.664034,42.97036],[-85.664191,42.97038700000001],[-85.6643568,42.970424],[-85.6645355,42.9704658],[-85.6647051,42.9704993],[-85.6648305,42.970518000000006],[-85.6649459,42.9705261],[-85.6651863,42.97053090000001],[-85.66586,42.970516],[-85.6659484,42.9705136],[-85.6664514,42.9704998],[-85.6665617,42.9704969],[-85.6666534,42.9704954],[-85.6673234,42.9704844],[-85.667561,42.9704788],[-85.667882,42.9704705],[-85.6681531,42.9704614],[-85.66823458177772,42.97045760235717],[-85.66838539344785,42.97045362454314],[-85.6688924,42.9704479],[-85.6690185,42.9704501],[-85.6691906,42.9704468],[-85.6699872,42.9704316],[-85.6700952,42.9704297],[-85.6702278,42.9704273],[-85.6708722,42.9704146],[-85.67103484568526,42.97041053769024],[-85.67116741206911,42.970404026382234],[-85.67127872034362,42.97033292544474],[-85.67139002861815,42.97026182450723],[-85.67150133689267,42.970190723569736],[-85.6716126451672,42.970119622632225],[-85.67172395344174,42.97004852169473],[-85.67183526171627,42.96997742075723],[-85.6719465699908,42.96990631981973],[-85.67205787826532,42.96983521888223],[-85.67216918653985,42.96976411794472],[-85.6721673001861,42.96965943123961],[-85.6721626,42.9695536],[-85.6721396,42.9690329],[-85.6721883,42.9689424],[-85.6721908,42.9688908],[-85.6721956,42.9687902],[-85.6721996,42.9687058],[-85.672153,42.9685965],[-85.6721595,42.968525],[-85.6722132,42.9680704],[-85.6722202,42.9677878],[-85.6722042,42.967324],[-85.6721987,42.9672195],[-85.6721954,42.9671488],[-85.6721757,42.9667358],[-85.6721631,42.96646870000001],[-85.67216,42.96638],[-85.6721591,42.9662312],[-85.6721479,42.96531939999999],[-85.6721401,42.9650196],[-85.6721376,42.964923199999994],[-85.6721846,42.96482],[-85.6721969,42.964793],[-85.672269,42.9646848],[-85.6723131,42.9646349],[-85.6723732,42.9645791],[-85.672714,42.9642624],[-85.6727667,42.9642129],[-85.6728741,42.9640913],[-85.6730008,42.9639153],[-85.6730677,42.9638191],[-85.6731007,42.9637716],[-85.67324010491318,42.96355985160105],[-85.67344568078128,42.963542341681816],[-85.67359028805024,42.963521685361684],[-85.6737348953192,42.96350102904155],[-85.67387950258815,42.963480372721406],[-85.67401535207908,42.963245128648495],[-85.674567,42.9632329],[-85.6751238,42.9632349],[-85.6771752,42.9632896],[-85.6777192,42.9633053],[-85.679223,42.963348800000006],[-85.67930789972874,42.963351263140275],[-85.67947363174534,42.96338071558555],[-85.6795563,42.9634061],[-85.6805588,42.9634319],[-85.6813766,42.9634429],[-85.6814909664821,42.9634001823784],[-85.6816626860563,42.96339401509524],[-85.681784,42.9633969],[-85.6818597,42.96339859999999],[-85.6819434,42.9634006],[-85.6819755,42.963401399999995],[-85.6820327,42.963402800000004],[-85.6820617,42.963403500000005],[-85.6823379,42.96341],[-85.682609,42.963414],[-85.6827368,42.9634177],[-85.6829845,42.9634249],[-85.6836959,42.9634491],[-85.683778,42.963448],[-85.6838725,42.9634494],[-85.6844133,42.9634571],[-85.6849094,42.9634716],[-85.68502,42.963473],[-85.6851333,42.9634762],[-85.6856467,42.9634909],[-85.6861605,42.9635052],[-85.686243,42.96350799999999],[-85.6863638,42.9635117],[-85.686543,42.96351949999999],[-85.6868662,42.9635287],[-85.6873712,42.9635397],[-85.687459,42.9635416],[-85.6875728,42.96354430000001],[-85.6878639,42.9635512],[-85.6880269,42.96355510000001],[-85.6887013,42.963571],[-85.688819,42.9635738],[-85.6889151,42.9635789],[-85.6898216,42.9635894],[-85.689934,42.9635908],[-85.6900359,42.963593],[-85.6901976,42.9635964],[-85.6904271,42.9636013],[-85.6910662,42.9636148],[-85.691168,42.963617],[-85.6912739,42.9636198],[-85.6913712,42.9636224],[-85.6917172,42.9636315],[-85.6919549,42.9636378],[-85.6920738,42.9636409],[-85.6921856,42.9636439],[-85.6922809,42.96364640000001],[-85.692379,42.963649],[-85.6925048,42.9636525],[-85.6929046,42.9636637],[-85.6943621,42.9637047],[-85.6947551,42.9637158],[-85.694869,42.963719],[-85.6949783,42.9637225],[-85.6956967,42.963745700000004],[-85.695793,42.9637482],[-85.6959469,42.9637521],[-85.6964531,42.963765],[-85.6965753,42.9637686],[-85.6966867,42.9637718],[-85.6967325,42.96377319999999],[-85.6972381,42.9637873],[-85.697346,42.96379099999999],[-85.6974546,42.9637947],[-85.6981384,42.96382],[-85.6982821,42.9638254],[-85.6986204,42.963838],[-85.6987313,42.963838],[-85.6988376,42.9638441],[-85.6993479,42.9638571],[-85.6999595,42.9638761],[-85.700603,42.963881],[-85.70107676486614,42.96389901790318],[-85.70118608829507,42.9641470190488],[-85.70128308734945,42.96422871572907],[-85.70138008640384,42.96431041240933],[-85.70147708545822,42.964392109089594],[-85.70157408451261,42.96447380576986],[-85.701671083567,42.96455550245012],[-85.7017680826214,42.96463719913039],[-85.70186508167579,42.96471889581065],[-85.70196208073017,42.96480059249092],[-85.70205907978456,42.96488228917118],[-85.70215607883894,42.96496398585144],[-85.70226125179455,42.96503892895904],[-85.70238242195263,42.96510065459967],[-85.7025035921107,42.965162380240294],[-85.70262476226877,42.96522410588092],[-85.70274593242685,42.965285831521555],[-85.70286710258493,42.96534755716218],[-85.70298827274301,42.96540928280281],[-85.70310366191131,42.96563789068735],[-85.7048527,42.9656708],[-85.7053462,42.9656932],[-85.705822,42.965748399999995],[-85.7063205,42.96581810000001],[-85.7068904,42.9659285],[-85.7081866,42.9662577],[-85.7090563,42.9665142],[-85.70958,42.966683],[-85.709885,42.966796],[-85.710325,42.966987],[-85.710923,42.96728],[-85.7112586,42.9674772],[-85.711762,42.967773],[-85.712062,42.967971],[-85.713147,42.968711],[-85.7144971,42.9696425],[-85.7151054,42.9700624],[-85.7156759,42.970456],[-85.716012,42.970688],[-85.7162938,42.9708852],[-85.7163535,42.9709732],[-85.7164071,42.97102610000001],[-85.7164761,42.9710743],[-85.7165593,42.9711338],[-85.7166426,42.9711796],[-85.7167306,42.9712293],[-85.7168993,42.971308699999994],[-85.716963,42.971336900000004],[-85.7171058,42.9713731],[-85.7172326,42.9714006],[-85.717387,42.9714383],[-85.7174642,42.9714532],[-85.7175683,42.9714681],[-85.7176562,42.971475600000005],[-85.717773,42.9714739],[-85.7178811,42.9714657],[-85.7179812,42.9714438],[-85.7180172,42.9714438],[-85.718093,42.971445],[-85.7183285,42.9714485],[-85.7185508,42.97145329999999],[-85.7189917,42.9714624],[-85.7190305,42.9714621],[-85.7195615,42.9714717],[-85.7197712,42.9714755],[-85.7200208,42.97148],[-85.7203468,42.97148429999999],[-85.7206719,42.9714881],[-85.721376,42.971494],[-85.7219198,42.9715023],[-85.722074,42.9715034],[-85.72238,42.9715071],[-85.723366,42.97151920000001],[-85.7242352,42.9715394],[-85.7247783,42.9715511],[-85.725058,42.971558],[-85.7254202,42.9715663],[-85.725571,42.9715689],[-85.726962,42.97158400000001],[-85.7271207,42.9715865],[-85.7277224,42.9715975],[-85.7277679,42.9715983],[-85.730165,42.971642],[-85.731466,42.971667],[-85.7323918,42.9716834],[-85.732708,42.971689],[-85.732982,42.971694799999995],[-85.7331884,42.9716991],[-85.7338678,42.9717134],[-85.7338965,42.971714],[-85.7339699,42.9717158],[-85.7346582,42.9717329],[-85.73539,42.971751],[-85.7359042,42.9717644],[-85.736194,42.9717719],[-85.7363307,42.9717754],[-85.7365567,42.9717813],[-85.7370583,42.9717859],[-85.737183,42.971787],[-85.7372882,42.9717878],[-85.7374931,42.9717895],[-85.7379912,42.971797],[-85.7387883,42.9718068],[-85.738882,42.971808],[-85.7396742,42.9718231],[-85.7401431,42.97183209999999],[-85.7405018,42.9718389],[-85.7406912,42.971842200000005],[-85.7408237,42.9718445],[-85.740973,42.971847],[-85.7420334,42.97187],[-85.7427364,42.9718811],[-85.7441348,42.9719071],[-85.7448865,42.97192100000001],[-85.7455039,42.97193250000001],[-85.746767,42.9719557],[-85.7468914,42.971958],[-85.747046,42.9719594],[-85.7484198,42.9719717],[-85.7494155,42.9719851],[-85.7496234,42.9719877],[-85.75277,42.9720285],[-85.7534035,42.9720357],[-85.753822,42.972041],[-85.7546613,42.9720519],[-85.7565953,42.972076],[-85.7590789,42.9721063],[-85.7597986,42.9721149],[-85.7600254,42.972118200000004],[-85.7602769,42.97212059999999],[-85.7603967,42.972121699999995],[-85.7609735,42.9721282],[-85.7617754,42.9721392],[-85.7618224,42.97213909999999],[-85.7618696,42.972139],[-85.7619501,42.97213909999999],[-85.7628235,42.972149200000004],[-85.763114,42.9721522],[-85.763478,42.972158],[-85.7638029,42.972164],[-85.7639745,42.9721658],[-85.7648217,42.972173],[-85.7649356,42.9721742],[-85.7653739,42.9721783],[-85.7656078,42.97218089999999],[-85.7656875,42.9721819],[-85.7658618,42.9721841],[-85.7662858,42.9721887],[-85.766409,42.97219],[-85.7666058,42.9721916],[-85.7671772,42.9721964],[-85.767618,42.9722],[-85.7683392,42.9722074],[-85.7687404,42.9722115],[-85.768892,42.972212999999996],[-85.76926,42.97221580000001],[-85.7702198,42.9722222],[-85.7708356,42.97222800000001],[-85.771353,42.972232],[-85.7718679,42.97223950000001],[-85.7721229,42.9722432],[-85.7725983,42.9722487],[-85.7729614,42.9722521],[-85.7730106,42.97225240000001],[-85.7731227,42.9722525],[-85.7731498,42.97225310000001],[-85.7732998,42.972254],[-85.7734984,42.9722551],[-85.7737344,42.9722565],[-85.7738488,42.97225900000001],[-85.7739611,42.9722591],[-85.7742979,42.972264],[-85.7743841,42.9722653],[-85.774569,42.9722666],[-85.7747342,42.9722678],[-85.7747836,42.972268400000004],[-85.7748331,42.9722689],[-85.7752927,42.9722742],[-85.7754263,42.9722758],[-85.7755245,42.9722769],[-85.7760151,42.9722826],[-85.776315,42.972286],[-85.776665,42.972291399999996],[-85.7770922,42.9722979],[-85.7777078,42.9723073],[-85.7779895,42.972304],[-85.7782802,42.9723115],[-85.778526,42.9723147],[-85.7786807,42.9723147],[-85.7789023,42.9723154],[-85.7791251,42.9723167],[-85.7792531,42.9723159],[-85.7795649,42.97231790000001],[-85.7798677,42.9723212],[-85.779993,42.972322],[-85.7801897,42.9723241],[-85.781193,42.972335],[-85.7818263,42.9723403],[-85.782392,42.972345],[-85.7833403,42.9723532],[-85.783777,42.972357],[-85.7842254,42.9723613],[-85.78477379973205,42.972362873851274],[-85.78492205393258,42.97236385324011],[-85.78512,42.97236600000001],[-85.785485,42.97236600000001],[-85.7857112,42.9723702],[-85.7858443,42.9723727],[-85.7864112,42.9723833],[-85.7872675,42.9724014],[-85.7873702,42.9724032],[-85.7874662,42.9724044],[-85.7883976,42.972415],[-85.7893289,42.9724256],[-85.789805,42.972431],[-85.7904897,42.9724448],[-85.790849,42.97245199999999],[-85.7908855,42.97245269999999],[-85.7909563,42.9724541],[-85.7912724,42.9724605],[-85.7916274,42.9724676],[-85.791995,42.972475],[-85.7930236,42.972492100000004],[-85.7933968,42.972498400000006],[-85.794156,42.972511],[-85.7942674,42.9725121],[-85.7946982,42.9725166],[-85.7947662,42.9725173],[-85.7948684,42.9725183],[-85.7950498,42.9725202],[-85.7952055,42.9725217],[-85.7957254,42.972529],[-85.7963224,42.9725344],[-85.7975729,42.9725497],[-85.799038,42.972568],[-85.7996758,42.97257750000001],[-85.7999266,42.9725812],[-85.800944,42.97259559999999],[-85.801192,42.9726],[-85.8018116,42.97260359999999],[-85.8019075,42.9726041],[-85.80324,42.9726118],[-85.804665,42.97261999999999],[-85.805879,42.9726401],[-85.8063967,42.97264860000001],[-85.8085635,42.9726917],[-85.809634,42.9727122],[-85.8103719,42.9727234],[-85.8112553,42.972731],[-85.8118446,42.9727375],[-85.8122286,42.97274130000001],[-85.8127519,42.97275309999999],[-85.8138087,42.972761],[-85.8146992,42.9727693],[-85.815803,42.972776],[-85.817795,42.972803],[-85.819841,42.972801],[-85.820968,42.9728115],[-85.8231445,42.9728317],[-85.823279,42.972833],[-85.824444,42.9728285],[-85.825075,42.972826],[-85.8256077,42.9728302],[-85.8263069,42.9728356],[-85.826911,42.972841],[-85.827207,42.972838],[-85.8295033,42.9728283],[-85.830096,42.972825],[-85.831497,42.9728161],[-85.8322582,42.9728057],[-85.833137,42.972795999999995],[-85.8335171,42.9727936],[-85.8339287,42.972791],[-85.834259,42.9727889],[-85.8343426,42.9727884],[-85.8344236,42.9727797],[-85.8346962,42.9727503],[-85.835002,42.9727268],[-85.8365261,42.9725118],[-85.8366212,42.9724966],[-85.8375136,42.9723536],[-85.8387834,42.9721836],[-85.83933888864784,42.97212672567423],[-85.83949705906228,42.97211141819274],[-85.8398726,42.972088],[-85.8400512,42.9720783],[-85.8401862,42.9720754],[-85.8412347,42.972062799999996],[-85.84157802266303,42.97206601649607],[-85.841683,42.97206700000001],[-85.842916,42.972062],[-85.843604,42.9720826],[-85.845016,42.972125],[-85.8461221,42.972151999999994],[-85.8471135,42.9721762],[-85.8475211,42.9721919],[-85.847859,42.97220500000001],[-85.8488925,42.972223],[-85.849926,42.972241],[-85.8504448,42.9722469],[-85.850626,42.972249],[-85.8513674,42.9722442],[-85.8518977,42.9722407],[-85.853092,42.972233],[-85.8536986,42.972225],[-85.855758,42.972198000000006],[-85.857843,42.972171],[-85.858281,42.972172],[-85.858831,42.97217400000001],[-85.859907,42.9721655],[-85.860983,42.972157],[-85.8639,42.972127],[-85.8642553,42.9721234],[-85.867162,42.972094],[-85.869563,42.972071],[-85.871725,42.972047],[-85.873057,42.9720326],[-85.8734252,42.9720246],[-85.8778274,42.971985],[-85.8797262,42.9719679],[-85.880673,42.971962],[-85.883521,42.971982],[-85.8858382,42.9719985],[-85.887156,42.972001],[-85.8877622,42.9720028],[-85.8888088,42.97200600000001],[-85.8891202,42.972005],[-85.8895416,42.9720036],[-85.890845,42.9720037],[-85.8913454237647,42.9720037],[-85.89146851089765,42.97175084055115],[-85.89159159803062,42.97169121062312],[-85.8916150444656,42.97159553617012],[-85.8915676,42.9713112],[-85.8913834,42.970958],[-85.8911132,42.9706621],[-85.8909356,42.9705249],[-85.8909099,42.970505100000004],[-85.8907166,42.970383],[-85.8905646,42.9702914],[-85.890312,42.970201],[-85.8901764,42.970154],[-85.889683,42.969983],[-85.889265,42.969832],[-85.8890192,42.9697195],[-85.888889,42.96966],[-85.88882082730306,42.96962366540301],[-85.88889433354285,42.9693701452143],[-85.88880216295598,42.969285466590826],[-85.88870999236912,42.96920078796736],[-85.88861782178225,42.96911610934389],[-85.88852565119538,42.96903143072042],[-85.88843348060853,42.96894675209695],[-85.8883766638089,42.96884690787452],[-85.88832228077676,42.96874601964679],[-85.88826789774464,42.96864513141904],[-85.88821351471249,42.9685442431913],[-85.88815913168037,42.96844335496357],[-85.88810474864823,42.96834246673582],[-85.8880503656161,42.968241578508085],[-85.8877068114638,42.96813871637993],[-85.8877149,42.9674951],[-85.8877167,42.9674425],[-85.887733,42.96695],[-85.887761,42.966739],[-85.8878206,42.966561],[-85.8878646,42.9664145],[-85.8878828,42.9663711],[-85.887961,42.966212],[-85.8879947,42.9661555],[-85.888055,42.96605399999999],[-85.8882748,42.9657643],[-85.888455,42.965589],[-85.888613,42.965457],[-85.888688,42.965406],[-85.888841,42.965301999999994],[-85.889166,42.96512],[-85.8893802,42.9649942],[-85.88943,42.96496499999999],[-85.889728,42.964762],[-85.8899908,42.9645262],[-85.89004,42.96448199999999],[-85.890198,42.964311],[-85.890338,42.964133],[-85.89037063076674,42.96408153085245],[-85.89014967516837,42.96389046470371],[-85.89017194448581,42.96378315453785],[-85.89019421380324,42.96367584437199],[-85.89021648312068,42.96356853420614],[-85.89023875243812,42.96346122404027],[-85.89026102175555,42.96335391387442],[-85.89028329107299,42.96324660370857],[-85.89028769980429,42.9631418313293],[-85.89021289480274,42.96304831432251],[-85.8901380898012,42.96295479731572],[-85.89006328479967,42.962861280308935],[-85.88998847979812,42.96276776330214],[-85.88991367479657,42.96267424629535],[-85.88983886979503,42.962580729288554],[-85.88976406479348,42.96248721228176],[-85.88968925979194,42.962393695274976],[-85.88961445479039,42.96230017826818],[-85.88953964978886,42.96220666126139],[-85.88945129484424,42.9621560017476],[-85.88932810643489,42.96221551797132],[-85.88920491802554,42.962275034195045]]}},{"type":"Feature","properties":{"routeId":"3","color":"#F4D90C","dir":"Northbound","trips":41,"dests":"Central Station"},"geometry":{"type":"LineString","coordinates":[[-85.74138721531381,42.88339196987859],[-85.74124243062761,42.883411939757174],[-85.74109764594141,42.88343190963576],[-85.74095286125521,42.88345187951435],[-85.74080807656901,42.88347184939293],[-85.74066329188283,42.88349181927151],[-85.74051850719661,42.8835117891501],[-85.74037372251041,42.88353175902868],[-85.74024989897973,42.88358357722508],[-85.7401389878166,42.883655014434616],[-85.74002807665346,42.88372645164416],[-85.73991716549033,42.88379788885369],[-85.73980625432718,42.883869326063234],[-85.73969534316404,42.88394076327277],[-85.73958443200091,42.8840122004823],[-85.73947352083778,42.884083637691845],[-85.73935559347589,42.88414784777495],[-85.73922804791908,42.884202150511754],[-85.73910050236228,42.884256453248554],[-85.73899498351712,42.884533582242256],[-85.7383968,42.8845657],[-85.738123,42.8845804],[-85.7379507,42.8845864],[-85.7376751,42.8845961],[-85.7375257,42.8845968],[-85.7367788,42.8846003],[-85.7363015,42.8846025],[-85.7361317,42.8846033],[-85.7359765,42.8846125],[-85.734314,42.8846149],[-85.7337851,42.8846154],[-85.7334102,42.8846256],[-85.7330289,42.8846327],[-85.7329396,42.8846348],[-85.7328373,42.884636],[-85.7325045,42.8846382],[-85.7320329,42.8846336],[-85.7319605,42.8846319],[-85.7318544,42.8846319],[-85.7317323,42.884634500000004],[-85.7316118,42.8846383],[-85.7309262,42.8846393],[-85.7301018,42.884647400000006],[-85.7300071,42.8846483],[-85.7298567,42.8846498],[-85.7295746,42.8846536],[-85.7294146,42.8846557],[-85.7292884,42.8846559],[-85.7290416,42.8846568],[-85.7290053,42.8846573],[-85.7282775,42.8846604],[-85.7271895,42.8846654],[-85.7257957,42.8846761],[-85.7251005,42.884679799999994],[-85.72462520299524,42.88468025884416],[-85.72454349036477,42.88481652355788],[-85.72448838381891,42.88491719831592],[-85.72415843771287,42.88502365691814],[-85.724162,42.8851156],[-85.7241744,42.8855056],[-85.7241788,42.8856466],[-85.7241869,42.8859064],[-85.7241959,42.886188000000004],[-85.7242098,42.886487],[-85.724225,42.886945],[-85.7242437,42.8875574],[-85.7242476,42.887788900000004],[-85.724272,42.888529],[-85.7243019,42.8899163],[-85.724309,42.890243],[-85.7243166,42.8904146],[-85.724335,42.890832],[-85.724339,42.891412],[-85.72435,42.891666],[-85.724362,42.892402],[-85.724393,42.893138],[-85.724395,42.893297],[-85.7244195,42.8945426],[-85.7244425,42.8957095],[-85.7244441,42.8960789],[-85.7244455,42.8963982],[-85.724446,42.896521],[-85.72448,42.8976311],[-85.7244832,42.89773339999999],[-85.7244873,42.89786719999999],[-85.7244892,42.8979293],[-85.724493,42.898053299999994],[-85.7245055,42.8984627],[-85.7245122,42.8986814],[-85.7245188,42.8988965],[-85.7245214,42.8989816],[-85.724529,42.899230100000004],[-85.7245323,42.8993365],[-85.724534,42.899453],[-85.7245374,42.8996807],[-85.7245407,42.8999018],[-85.7245473,42.9003524],[-85.7245485,42.900433],[-85.7245501,42.9005395],[-85.7245591,42.9011452],[-85.72459,42.9019009],[-85.7246111,42.9026717],[-85.7246159,42.9029885],[-85.7246245,42.9035636],[-85.72463,42.903927],[-85.724635,42.9040733],[-85.724651,42.9045443],[-85.7246612,42.9048463],[-85.724663,42.905214],[-85.7246873,42.905706200000004],[-85.72469223553071,42.906108261591136],[-85.72431877632665,42.90620544904199],[-85.72424791303862,42.906300618908],[-85.72417704975058,42.906395788774006],[-85.72410618646254,42.90649095864001],[-85.723946253532,42.90659407842936],[-85.7228141,42.906556],[-85.7226276,42.9065511],[-85.7215185,42.9065187],[-85.7214301,42.9065162],[-85.7203599,42.9064859],[-85.719987,42.9064754],[-85.7195672,42.90647839999999],[-85.7192821,42.906505],[-85.719126,42.9065196],[-85.7189664,42.9065452],[-85.7186982,42.9065972],[-85.718438,42.9066631],[-85.7181725,42.9067407],[-85.717974,42.9068183],[-85.7176709,42.9069381],[-85.7170798,42.9071645],[-85.7168193,42.9072642],[-85.7156767,42.9076984],[-85.7154554,42.907775],[-85.7150987,42.9078723],[-85.7146286,42.907969],[-85.7141157,42.9080746],[-85.7137576,42.9081444],[-85.7135189,42.9082003],[-85.7132477,42.9082779],[-85.7127598,42.9084253],[-85.712391,42.9085294],[-85.7121442,42.9085726],[-85.7118755,42.9085681],[-85.7117378,42.908565800000005],[-85.7115059,42.9085618],[-85.7114688,42.9085614],[-85.7111692,42.9085579],[-85.7108541,42.9085913],[-85.7105523,42.90865809999999],[-85.7102828,42.9087426],[-85.7100722,42.908828],[-85.7099614,42.9088782],[-85.7097879,42.9089567],[-85.709623,42.9090471],[-85.7094781,42.9091424],[-85.7093306,42.9092602],[-85.7087711,42.909824],[-85.7086533,42.9099272],[-85.7083878,42.9101168],[-85.7081182,42.9102661],[-85.7078379,42.91039179999999],[-85.7075147,42.9104959],[-85.7071821,42.9105696],[-85.7068415,42.91061280000001],[-85.7066189,42.910624600000006],[-85.7063828,42.9106265],[-85.70546955805264,42.91060584509328],[-85.70516290760725,42.91039661888743],[-85.7051575,42.9102368],[-85.705146,42.909896],[-85.7051345,42.9095431],[-85.7051256,42.909272],[-85.7051066,42.908691600000004],[-85.705094,42.908308],[-85.70509,42.90809780000001],[-85.7050801,42.9078474],[-85.705069,42.907577],[-85.705059,42.907115],[-85.705033,42.906656],[-85.7050318,42.9065958],[-85.705024,42.906203],[-85.705021,42.905782],[-85.7050132,42.9056363],[-85.70498,42.905015],[-85.704976,42.904917],[-85.704929,42.903683],[-85.70491,42.90311],[-85.704907,42.903022],[-85.704856,42.901876],[-85.704822,42.900707999999995],[-85.7047905,42.9001174],[-85.704774,42.899807],[-85.70476515142995,42.89944434617093],[-85.70467441554422,42.89936685552312],[-85.70456248234942,42.89929628946799],[-85.7044505491546,42.89922572341287],[-85.7043386159598,42.89915515735774],[-85.704226682765,42.89908459130262],[-85.7041147495702,42.899014025247496],[-85.7040028163754,42.898943459192374],[-85.70389088318058,42.89887289313725],[-85.70374633038504,42.89885959572651],[-85.7036278,42.8988587],[-85.7029978,42.8988503],[-85.7023354,42.8988473],[-85.7017721,42.8988463],[-85.7016271,42.898844700000005],[-85.7004603,42.8988387],[-85.7001342,42.8988322],[-85.6998137,42.8988258],[-85.6988681,42.8988277],[-85.6978542,42.8988198],[-85.697398,42.8988153],[-85.69684,42.8988098],[-85.69623580221509,42.8988087971821],[-85.69609116939093,42.898914005933484],[-85.6958806,42.8989154],[-85.69522149120736,42.89890914483746],[-85.69489985007985,42.89905696900872],[-85.6949163,42.8995395],[-85.694957,42.900666],[-85.6949795,42.9010282],[-85.6949817,42.90124120000001],[-85.6949956,42.9015638],[-85.6950329,42.9024309],[-85.695035,42.902479],[-85.6950384,42.9025778],[-85.6950619,42.903262],[-85.695089,42.904051],[-85.6950945,42.9042333],[-85.695097,42.904317],[-85.6951305,42.9048555],[-85.6951641,42.90568],[-85.695176,42.906143],[-85.695205,42.907059],[-85.6952446,42.90796],[-85.695272,42.908751],[-85.6953168,42.9095604],[-85.6953328,42.910002],[-85.6953466,42.9103847],[-85.6953488,42.9104589],[-85.6953012,42.9105652],[-85.6953023,42.9106287],[-85.6953081,42.9109569],[-85.695319,42.9112551],[-85.6953237,42.9113826],[-85.695329,42.91152889999999],[-85.6953534,42.9121968],[-85.695357,42.9122963],[-85.6953804,42.9129044],[-85.6953932,42.9132495],[-85.6954031,42.91327480000001],[-85.69543050561283,42.9133449023731],[-85.69545584226111,42.913462070897445],[-85.6954587,42.9135506],[-85.6954695,42.9138892],[-85.6954734,42.91401],[-85.695475,42.914061],[-85.6954869,42.914422],[-85.6954904,42.914527199999995],[-85.695496,42.914696],[-85.6955161,42.91506799999999],[-85.69554,42.91551],[-85.6955451,42.91557989999999],[-85.6955668,42.9158585],[-85.6955826,42.9160396],[-85.695667,42.916544],[-85.695719,42.91683199999999],[-85.695755,42.917059],[-85.6958298,42.9173842],[-85.695931,42.917824],[-85.696287,42.91942],[-85.696383,42.919867],[-85.6964763,42.9202757],[-85.696493,42.920349],[-85.69658,42.920656],[-85.696637,42.920818],[-85.6967352,42.921070199999996],[-85.696748,42.921103],[-85.696864,42.921347],[-85.6970105,42.921592],[-85.697041,42.921653],[-85.697548,42.92239200000001],[-85.6975921,42.9224921],[-85.697622,42.922576],[-85.6976312,42.9226452],[-85.6976425,42.9227304],[-85.697652,42.922802],[-85.69763951012152,42.92294988629132],[-85.6976179074865,42.92306316744056],[-85.697548,42.923331],[-85.69749,42.923647],[-85.697463,42.923895],[-85.697456,42.924167],[-85.697452,42.924297],[-85.697467,42.924705],[-85.6975666,42.9274578],[-85.6975745,42.927676],[-85.6975844,42.9279504],[-85.697588,42.928049],[-85.6975973,42.9281384],[-85.697607,42.92823099999999],[-85.6976679,42.9283952],[-85.697679,42.928425],[-85.697753,42.928555],[-85.697792,42.928689],[-85.6978099,42.9287639],[-85.6978392,42.9293294],[-85.6978437,42.9294006],[-85.6978483,42.9294718],[-85.6978887,42.9302256],[-85.6978934,42.93030199999999],[-85.6978982,42.930380799999995],[-85.697941,42.931117],[-85.69794319135097,42.93115935264401],[-85.69792185045708,42.93133610243321],[-85.6979142,42.931393],[-85.697914,42.9314215],[-85.6979109,42.9314638],[-85.6979049,42.931492],[-85.6978946,42.9315202],[-85.697879,42.93154259999999],[-85.6978556,42.9315666],[-85.6978159,42.9315939],[-85.6977711,42.9316162],[-85.6973008,42.9318042],[-85.6968994,42.931975],[-85.696834,42.932004000000006],[-85.696761,42.9320384],[-85.6966716,42.9320857],[-85.6965021,42.9321752],[-85.6964113,42.9322248],[-85.6963404,42.9322598],[-85.6962767,42.9322874],[-85.6950126,42.9328138],[-85.6940483,42.9332106],[-85.6940102,42.9332262],[-85.6939064,42.9332663],[-85.6937984,42.9333074],[-85.6935546,42.933404],[-85.6934384,42.9334447],[-85.6933157,42.93348540000001],[-85.692909,42.933587],[-85.692784,42.933633],[-85.69172425303275,42.93407654281258],[-85.69172254920008,42.934291965189395],[-85.6915628,42.9343551],[-85.6914017,42.9344325],[-85.691215,42.934531],[-85.6910557,42.9346378],[-85.690914,42.934779],[-85.690843,42.93488700000001],[-85.690794,42.934984],[-85.69078068582958,42.93503293857234],[-85.69049400090458,42.935099521078754],[-85.690482,42.935169],[-85.69048431433357,42.9353818440326],[-85.69025538324733,42.935534125247486],[-85.68983,42.935538],[-85.6897319,42.9355399],[-85.689197,42.935552],[-85.688831,42.935575],[-85.68838,42.935637],[-85.688197,42.935669],[-85.6881367,42.935683899999994],[-85.6878834,42.9357465],[-85.6876108,42.9358279],[-85.6872936,42.9359215],[-85.687242,42.9359363],[-85.687162,42.93596],[-85.6869903,42.9360089],[-85.6869433,42.9360217],[-85.68682039072135,42.93605612886906],[-85.68668375733698,42.936099542282],[-85.6866327,42.93611599999999],[-85.6865787,42.9361359],[-85.686424,42.936192000000005],[-85.686392,42.936206],[-85.686145,42.936312],[-85.68601,42.9363773],[-85.685713,42.936521],[-85.6855155,42.9366303],[-85.6854289,42.9367186],[-85.685373,42.936792],[-85.685302,42.936907],[-85.6852859,42.9369356],[-85.6852332,42.9370292],[-85.685196,42.9370975],[-85.6850903,42.9372919],[-85.684999,42.937444],[-85.6847027,42.937971],[-85.684617,42.938113],[-85.684408,42.938488],[-85.684297,42.938676],[-85.6840516,42.9391115],[-85.6839481,42.9393047],[-85.6836934,42.9398016],[-85.6836138,42.9399509],[-85.6834437,42.9402617],[-85.683208,42.9406765],[-85.6828922,42.94124],[-85.68271331248687,42.941560255177066],[-85.68237346332306,42.941638643683355],[-85.6823269,42.9416377],[-85.682018,42.9416337],[-85.681378,42.941619],[-85.6807707,42.9416116],[-85.680148,42.941602],[-85.6801078,42.9416013],[-85.6800297,42.9415999],[-85.67989981109731,42.941472433320236],[-85.67980277564288,42.94139076012204],[-85.67970574018845,42.94130908692384],[-85.67960870473402,42.94122741372565],[-85.6795116692796,42.94114574052745],[-85.67941463382517,42.94106406732926],[-85.67931759837074,42.94098239413106],[-85.67922056291631,42.940900720932866],[-85.6791209570776,42.940849678689595],[-85.67901100614604,42.94092191765087],[-85.67890105521451,42.940994156612135],[-85.67856180673205,42.94101327648171],[-85.6784373,42.941305199999995],[-85.6781776,42.94186280000001],[-85.677968,42.942299],[-85.6772816,42.943752],[-85.676617,42.945159],[-85.67635,42.945793],[-85.676028,42.946712],[-85.6758987,42.9470953],[-85.675725,42.94761],[-85.6756205,42.947905000000006],[-85.675366,42.948624],[-85.6752418781433,42.94916822660247],[-85.67556786611625,42.94925708458248],[-85.67568820605653,42.94931968619159],[-85.67573546411242,42.94951802918203],[-85.6763809,42.9497067],[-85.67749237873738,42.9500312618699],[-85.6775293206587,42.95014915039622],[-85.67777959795544,42.95034080555747],[-85.677748,42.950396],[-85.6777019,42.9504828],[-85.6773577,42.9511015],[-85.677308,42.951191],[-85.676804,42.9521159],[-85.6767617,42.95219229999999],[-85.6765979,42.95249900000001],[-85.6762163,42.9531836],[-85.6761342,42.9533323],[-85.6761061,42.9533839],[-85.676034,42.9535163],[-85.6759987,42.9535811],[-85.6758537,42.9538311],[-85.6755971,42.95428110000001],[-85.6755745,42.9543224],[-85.675528,42.954383],[-85.6754146,42.9545865],[-85.675297,42.9547974],[-85.675087,42.955174],[-85.6749504,42.9554198],[-85.674878,42.95555],[-85.6746674,42.955955499999995],[-85.674624,42.956039]]}},{"type":"Feature","properties":{"routeId":"24","color":"#BED62F","dir":"Westbound","trips":41,"dests":"Target-Rivertown"},"geometry":{"type":"LineString","coordinates":[[-85.58783214911344,42.91370010914648],[-85.58771229822688,42.91376321829297],[-85.58759244734033,42.91382632743945],[-85.58747259645376,42.91388943658593],[-85.58735274556722,42.91395254573242],[-85.58723289468065,42.914015654878895],[-85.5871130437941,42.914078764025376],[-85.58699409791673,42.91414266122262],[-85.58688983786628,42.914219346330945],[-85.58678557781585,42.91429603143927],[-85.58668131776541,42.9143727165476],[-85.58657705771496,42.91444940165592],[-85.58647279766453,42.91452608676425],[-85.58636853761408,42.91460277187257],[-85.58626427756363,42.91467945698091],[-85.5861600175132,42.91475614208924],[-85.58605575746274,42.914832827197564],[-85.58595149741231,42.91490951230589],[-85.58584723736186,42.914986197414215],[-85.58574297731141,42.91506288252254],[-85.58563871726098,42.91513956763087],[-85.58553445721054,42.91521625273919],[-85.5854301971601,42.91529293784752],[-85.58532593710966,42.91536962295584],[-85.58524256865265,42.91545787392156],[-85.58517167770317,42.915553032597465],[-85.5851007867537,42.91564819127336],[-85.58502989580423,42.91574334994925],[-85.58495900485475,42.91583850862516],[-85.58488811390528,42.915933667301054],[-85.5848172229558,42.91602882597695],[-85.58474633200632,42.916123984652856],[-85.58467544105686,42.91621914332875],[-85.58460455010739,42.91631430200465],[-85.58453365915791,42.916409460680555],[-85.58446276820844,42.91650461935645],[-85.58439187725897,42.91659977803235],[-85.58432098630949,42.916694936708254],[-85.58425009536002,42.916790095384144],[-85.5842283207614,42.91688707835302],[-85.58428587123011,42.91698700763529],[-85.58434342169882,42.91708693691756],[-85.58440097216753,42.91718686619983],[-85.58445852263624,42.917286795482106],[-85.58451607310495,42.91738672476438],[-85.58457362357366,42.91748665404665],[-85.58463117404236,42.91758658332892],[-85.58468872451107,42.9176865126112],[-85.58474627497979,42.91778644189347],[-85.5848038254485,42.91788637117574],[-85.5848613759172,42.91798630045802],[-85.58491892638591,42.91808622974029],[-85.58497647685462,42.91818615902256],[-85.58503402732333,42.91828608830483],[-85.58509157779204,42.91838601758711],[-85.58502220892925,42.91844343807648],[-85.58488221750972,42.91847720511918],[-85.58474222609017,42.91851097216189],[-85.58460223467063,42.9185447392046],[-85.5844622432511,42.9185785062473],[-85.58432225183155,42.91861227329],[-85.584182260412,42.91864604033272],[-85.58404226899248,42.91867980737542],[-85.58390227757293,42.91871357441812],[-85.58377151317254,42.91896221206358],[-85.5835791,42.9189667],[-85.5829783,42.9189809],[-85.582812,42.9189843],[-85.5827052,42.91898629999999],[-85.5825064,42.9189887],[-85.5824047,42.9189862],[-85.5823118,42.91897929999999],[-85.5822274,42.9189695],[-85.5821588,42.91895769999999],[-85.5820982,42.91894380000001],[-85.5820185,42.9189198],[-85.58197616333266,42.91890614301054],[-85.5817494485867,42.91906108167325],[-85.5816041537498,42.91907892591516],[-85.58145885891288,42.91909677015706],[-85.58131356407598,42.91911461439897],[-85.58116826923909,42.91913245864088],[-85.58102297440219,42.919150302882784],[-85.5808782612111,42.919170007410166],[-85.58073702245873,42.91920082428058],[-85.58059578370637,42.919231641151],[-85.58045454495404,42.919262458021414],[-85.58031330620167,42.919293274891835],[-85.58017206744931,42.91932409176225],[-85.58003082869696,42.91935490863267],[-85.5798895899446,42.91938572550308],[-85.57974835119226,42.919416542373504],[-85.5796071124399,42.91944735924392],[-85.57946587368754,42.91947817611434],[-85.57932907098194,42.91972636263361],[-85.5791994,42.9197278],[-85.579094,42.919729],[-85.578834,42.919736],[-85.5784953,42.9197353],[-85.577896,42.919734],[-85.576221,42.919737],[-85.575217,42.919742],[-85.574555,42.919745],[-85.573923,42.919749],[-85.573607,42.919743],[-85.573348,42.919753],[-85.57322,42.919776],[-85.572969,42.919871],[-85.572094,42.920336],[-85.571826,42.920455],[-85.571582,42.920535],[-85.571111,42.920591],[-85.56959918130237,42.920577774359515],[-85.56945247910153,42.92081505303096],[-85.56917967896126,42.9208659318223],[-85.5691847,42.92095380000001],[-85.5691917,42.9210833],[-85.5691943,42.92112279999999],[-85.5692206,42.9215799],[-85.569222,42.921607],[-85.5692291,42.9217615],[-85.569289,42.9225823],[-85.5692931,42.922643],[-85.569305,42.9228131],[-85.5693079,42.9228589],[-85.569349,42.92347],[-85.5694242,42.9245362],[-85.569454,42.925068],[-85.5694731,42.925384699999995],[-85.5695109,42.9259952],[-85.56952183145735,42.92617172433214],[-85.5696068894118,42.92625665604566],[-85.56972983847426,42.92631644048876],[-85.5698527875367,42.92637622493186],[-85.56997573659915,42.926436009374946],[-85.57009868566159,42.92649579381804],[-85.57022163472405,42.92655557826114],[-85.5703445837865,42.92661536270423],[-85.57046753284894,42.92667514714733],[-85.5705904819114,42.92673493159042],[-85.57071466173636,42.926985155114565],[-85.5713286,42.926983],[-85.5714942,42.9269824],[-85.5719227,42.926981],[-85.5723542,42.9269795],[-85.5725592,42.9269789],[-85.5731789,42.9269772],[-85.5735667,42.9269754],[-85.5738653,42.92697439999999],[-85.5745392,42.9269721],[-85.575176,42.92697],[-85.5754161,42.926970600000004],[-85.575609,42.926971],[-85.576271,42.92697],[-85.576561,42.926964],[-85.577692,42.926958],[-85.578944,42.926953],[-85.579447,42.926953],[-85.579541,42.926951],[-85.5796092,42.9269496],[-85.579642,42.92694900000001],[-85.5801664,42.9269471],[-85.5812379,42.9269433],[-85.5821983,42.9269438],[-85.5822604,42.9269436],[-85.5836079,42.9269362],[-85.5843704,42.9269342],[-85.584449,42.926934],[-85.584806,42.926927],[-85.5849275,42.9269265],[-85.5854167,42.9269248],[-85.5868795,42.9269196],[-85.5869113,42.92691940000001],[-85.5869459,42.9269196],[-85.587022,42.92692],[-85.5871747,42.9269196],[-85.5872322,42.92691969999999],[-85.5872612,42.9269198],[-85.5889763,42.9269235],[-85.5890685,42.9269252],[-85.5892117,42.926924],[-85.589438,42.926922],[-85.590072,42.926917],[-85.5905815,42.926921099999994],[-85.591072,42.926925],[-85.5918393,42.9269395],[-85.592144,42.926943],[-85.593203,42.926953],[-85.59372,42.92696],[-85.594343,42.926967],[-85.59496,42.92697299999999],[-85.5954304,42.9269825],[-85.5961426,42.9269941],[-85.596194,42.926995000000005],[-85.596812,42.927],[-85.597794,42.9270127],[-85.598053,42.927016],[-85.598654,42.92702],[-85.599298,42.927031],[-85.5994133,42.9270325],[-85.600078,42.927040999999996],[-85.6008493,42.9270502],[-85.6013229,42.9270559],[-85.6022439,42.9270669],[-85.6026827,42.9270721],[-85.6030169,42.9270761],[-85.603515,42.927082],[-85.6041177,42.92708700000001],[-85.6044579,42.9270899],[-85.6055601,42.9270979],[-85.606398,42.927106],[-85.6068107,42.927115],[-85.6077654,42.9271235],[-85.6079778,42.9271273],[-85.6083444,42.9271339],[-85.608633,42.92713440000001],[-85.6089741,42.9271399],[-85.6091548,42.927143],[-85.6093012,42.9271415],[-85.6097945,42.927139],[-85.6098665,42.927140300000005],[-85.6103666,42.9271425],[-85.6108883,42.927138],[-85.6113932,42.927138],[-85.611615,42.927138],[-85.6123364,42.9271336],[-85.613432,42.927127],[-85.6136386,42.927125],[-85.613849,42.927123],[-85.6147166,42.9271182],[-85.615468,42.927114],[-85.616649,42.927104],[-85.617072,42.927104],[-85.617368,42.927104],[-85.6177424,42.9271016],[-85.617827,42.927101],[-85.6189151,42.927094999999994],[-85.618994,42.927092],[-85.6191792,42.9270923],[-85.6194224,42.9270927],[-85.620177,42.927094],[-85.621464,42.927094],[-85.621993,42.927096],[-85.6223412,42.9270928],[-85.622654,42.92709],[-85.6228527,42.9270898],[-85.6231711,42.9270896],[-85.6237732,42.927089099999996],[-85.6239,42.927089],[-85.6240582,42.9270895],[-85.625165,42.927093],[-85.6252849,42.9270931],[-85.6254263,42.9270932],[-85.6262841,42.9270939],[-85.626397,42.927094],[-85.6265168,42.9270941],[-85.628151,42.9270954],[-85.6283856,42.9270956],[-85.6287582,42.9270959],[-85.628872,42.927096],[-85.6293358,42.9270989],[-85.6294001,42.9270993],[-85.630007,42.927103],[-85.6301363,42.9271049],[-85.631156,42.92712],[-85.63248,42.92713679999999],[-85.6325403,42.9271376],[-85.6328407,42.9271414],[-85.633043,42.927144],[-85.6336226,42.9271512],[-85.633688,42.9271528],[-85.633772,42.927153],[-85.633932,42.9271538],[-85.6344675,42.9271566],[-85.6345533,42.9271571],[-85.634907,42.927159],[-85.636023,42.92717199999999],[-85.6363407,42.927176],[-85.636417,42.927177],[-85.6369528,42.9271809],[-85.6372331,42.9271841],[-85.6374572,42.9271845],[-85.6377089,42.927186299999995],[-85.637801,42.927187],[-85.6384474,42.9271953],[-85.6385009,42.9271959],[-85.6385984,42.9271977],[-85.6387043,42.9271996],[-85.6388253,42.9272018],[-85.639108,42.927207],[-85.6394731,42.9272136],[-85.6397096,42.9272178],[-85.6399909,42.9272228],[-85.640225,42.927227],[-85.641146,42.927237],[-85.641426,42.927241],[-85.643135,42.927261],[-85.64324,42.92726300000001],[-85.645043,42.927295],[-85.645563,42.927302000000005],[-85.6469567,42.9273218],[-85.64718745160724,42.92732512315546],[-85.64732654889991,42.92755648324028],[-85.64747124150846,42.92757681237309],[-85.64761593411698,42.92759714150589],[-85.64776062672551,42.9276174706387],[-85.64790531933406,42.92763779977151],[-85.64805673796558,42.92766955810035],[-85.6480754,42.927872],[-85.6481037,42.9281797],[-85.648108,42.9282447],[-85.648135,42.9285141],[-85.6481716,42.9288788],[-85.648196,42.929129],[-85.6482324,42.929539],[-85.648274,42.930007],[-85.648316,42.930437],[-85.6483561,42.9308828],[-85.648363,42.93096],[-85.648404,42.931402],[-85.6484785,42.9321592],[-85.648495,42.932327],[-85.6485069,42.93252150000001],[-85.648513,42.932628],[-85.6485301,42.93282260000001],[-85.6485444,42.932985300000006],[-85.6485851,42.9334463],[-85.648601,42.933627],[-85.648624,42.933813],[-85.6486376,42.9339385],[-85.648665,42.9341967],[-85.6486951,42.93451410000001],[-85.6487028,42.9346007],[-85.6487119,42.9348102],[-85.648715,42.9348809],[-85.648722,42.934918999999994],[-85.648752,42.935474],[-85.6487577,42.9355409],[-85.6488234,42.9363122],[-85.648828,42.936366],[-85.6488336,42.9364446],[-85.648888,42.9372091],[-85.648893,42.93728],[-85.6488982,42.9373626],[-85.6489088,42.9375314],[-85.6489275,42.9378278],[-85.6489468,42.9381292],[-85.64895,42.938184],[-85.6489546,42.9382478],[-85.6489741,42.9386566],[-85.648999,42.939144999999996],[-85.6490487,42.939643999999994],[-85.649098,42.9401384],[-85.64911313993032,42.940346532448714],[-85.64923073028054,42.94042073124254],[-85.6493584862706,42.9404747646262],[-85.64948624226068,42.94052879800987],[-85.64961399825076,42.94058283139354],[-85.64974175424082,42.940636864777204],[-85.6498695102309,42.940690898160874],[-85.64999726622098,42.94074493154455],[-85.65012502221104,42.94079896492821],[-85.65025277820112,42.94085299831188],[-85.6503805341912,42.940907031695545],[-85.6505034168993,42.941153312683724],[-85.651207,42.941163],[-85.652096,42.941177999999994],[-85.652685,42.941188],[-85.653586,42.941194],[-85.654086,42.94120199999999],[-85.65512,42.941217],[-85.6563157,42.94123269999999],[-85.6565131,42.9412353],[-85.657598,42.9412496],[-85.6579918,42.9412548],[-85.658344,42.9412594],[-85.65838258358696,42.94126017838723],[-85.6584583064952,42.94118231341503],[-85.65849139862343,42.94107653048315],[-85.65852449075166,42.94097074755128],[-85.6585575828799,42.940864964619415],[-85.65859067500813,42.94075918168755],[-85.65862376713635,42.94065339875567],[-85.658946756018,42.94054372301336],[-85.658939,42.94023],[-85.658903,42.9398969],[-85.6588904,42.9397801],[-85.6588933,42.9397162],[-85.6588729,42.93948650000001],[-85.658858,42.939319],[-85.6588226,42.9388645],[-85.6587768,42.938276],[-85.6587419,42.9378281],[-85.6587416,42.9375895],[-85.6587068,42.937377],[-85.6586721,42.936931],[-85.6586552,42.9367051],[-85.6586453,42.9365719],[-85.6586425,42.9365339],[-85.6586407,42.9364883],[-85.6586331,42.9364082],[-85.6586106,42.9361061],[-85.6586068,42.9360551],[-85.6586039,42.9360173],[-85.658568,42.935558],[-85.6585673,42.9355234],[-85.658503,42.93466],[-85.6584468,42.9339635],[-85.6584081,42.9334849],[-85.658403,42.933444],[-85.6583549,42.9328279],[-85.658349,42.932753],[-85.6583441,42.9326744],[-85.6583315,42.9324721],[-85.6582973,42.9319231],[-85.6582426,42.9311372],[-85.6582379,42.93107],[-85.6582337,42.931021300000005],[-85.658144,42.929975],[-85.658133,42.9298255],[-85.658119,42.929635],[-85.658077,42.929161],[-85.65807,42.9289748],[-85.65820113800656,42.92886114032462],[-85.658296259071,42.92877825293494],[-85.65839138013541,42.928695365545245],[-85.65848650119983,42.928612478155564],[-85.65858162226426,42.928529590765876],[-85.65867674332867,42.92844670337619],[-85.6587718643931,42.9283638159865],[-85.65886698545751,42.92828092859681],[-85.65896210652194,42.928198041207125],[-85.65905722758636,42.92811515381744],[-85.65915234865078,42.928032266427756],[-85.65924746971521,42.92794937903806],[-85.65934259077962,42.92786649164837],[-85.65943771184405,42.92778360425869],[-85.65953283290847,42.927700716869005],[-85.65962795397289,42.92761782947932],[-85.65973197652843,42.92741299110645],[-85.6598937,42.9274147],[-85.660403,42.92742],[-85.661638,42.927438],[-85.662119,42.927441],[-85.6621965,42.9274418],[-85.6627232,42.9274475],[-85.662865,42.927449],[-85.6629913,42.9274512],[-85.6634412,42.927459],[-85.6640362,42.9274694],[-85.664131,42.927471000000004],[-85.6642448,42.9274725],[-85.6652809,42.9274858],[-85.66537,42.927487],[-85.6654866,42.9274918],[-85.6660453,42.92751489999999],[-85.6660815,42.9275164],[-85.66618,42.9275204],[-85.666422,42.927536],[-85.66651122330472,42.92754407705706],[-85.666653,42.927557],[-85.6667853,42.927559],[-85.667263,42.9275657],[-85.667385,42.9275676],[-85.6676174,42.9275713],[-85.667896,42.9275757],[-85.6683735,42.927583],[-85.6689634,42.9275917],[-85.6692915,42.9275965],[-85.669667,42.927602],[-85.6698721,42.92760450000001],[-85.6702203,42.9276087],[-85.6704654,42.9276117],[-85.6705882,42.9276142],[-85.671139,42.9276199],[-85.6714632,42.9276238],[-85.671562,42.927625],[-85.6716834,42.927626800000006],[-85.6723038,42.927636199999995],[-85.6725513,42.9276399],[-85.6731362,42.9276488],[-85.6733081,42.9276515],[-85.673407,42.927653],[-85.6734551,42.9276539],[-85.6735032,42.9276548],[-85.6739722,42.9276626],[-85.6741255,42.92766509999999],[-85.6743084,42.927667199999995],[-85.6743702,42.927667899999996],[-85.6745466,42.9276698],[-85.6746375,42.9276709],[-85.6747732,42.927672799999996],[-85.6753216,42.9276802],[-85.675861,42.92768850000001],[-85.6770727,42.9277084],[-85.6771926,42.9277108],[-85.6776348,42.9277213],[-85.6779974,42.9277314],[-85.6780592,42.9277331],[-85.678198,42.927737],[-85.6783239,42.9277398],[-85.6784247,42.92774180000001],[-85.6787039,42.9277472],[-85.6796038,42.9277647],[-85.6802963,42.927783],[-85.6810893,42.927798],[-85.6811722,42.9277998],[-85.6812042,42.9278005],[-85.681319,42.927803],[-85.6814504,42.927805899999996],[-85.6819993,42.9278218],[-85.6824454,42.9278367],[-85.6827732,42.927849],[-85.6831143,42.92785709999999],[-85.6832084,42.927859],[-85.6836754,42.9278722],[-85.6838704,42.9278722],[-85.6840656,42.9278725],[-85.6841772,42.9278719],[-85.6842761,42.9278676],[-85.6844572,42.9278652],[-85.6847309,42.9278682],[-85.68501522655991,42.92787722249093],[-85.68517044820506,42.92765411914718],[-85.68531404789853,42.92762994453589],[-85.68545764759199,42.9276057699246],[-85.68560124728546,42.92758159531331],[-85.68574484697892,42.92755742070203],[-85.6858884466724,42.92753324609074],[-85.68603204636584,42.92750907147945],[-85.68620590863135,42.92741516817648],[-85.6861999,42.9272075],[-85.686172,42.9261],[-85.686127,42.925082],[-85.68612,42.924616],[-85.686087,42.923814],[-85.686058,42.922915],[-85.686038,42.922453999999995],[-85.686018,42.9220952],[-85.686013,42.922006],[-85.6860009,42.9215714],[-85.6859975,42.9214475],[-85.6859911,42.9212202],[-85.685988,42.921107],[-85.685973,42.920635],[-85.685956,42.920188],[-85.6859319,42.9196386],[-85.6859182,42.9193275],[-85.6858881,42.9183746],[-85.6858593,42.9177755],[-85.6858315,42.9170793],[-85.6858282,42.9169987],[-85.6858243,42.9169186],[-85.685782,42.916136],[-85.6857297,42.91484499999999],[-85.6857194,42.9147213],[-85.68571132250433,42.91453887870515],[-85.6860587361024,42.91443117110521],[-85.68611383444106,42.9143304939073],[-85.68616893277972,42.91422981670939],[-85.68622403111839,42.91412913951148],[-85.68627912945703,42.91402846231357],[-85.6863342277957,42.91392778511565],[-85.68638932613436,42.91382710791775],[-85.68644442447302,42.913726430719834],[-85.68649952281169,42.91362575352192],[-85.68655462115034,42.913525076324014],[-85.68667338178304,42.913361770521405],[-85.68687,42.913363],[-85.6871696,42.9133639],[-85.6872727,42.9133642],[-85.6874015,42.9133646],[-85.687489,42.9133648],[-85.6879762,42.9133662],[-85.688246,42.913367],[-85.6887659,42.91337],[-85.6894355,42.9133739],[-85.689616,42.913375],[-85.6897522,42.91337579999999],[-85.6902308,42.913378599999994],[-85.6911386,42.9133879],[-85.6912746,42.9133868],[-85.6914831,42.9133851],[-85.6918362,42.913383499999995],[-85.6920793,42.913386300000006],[-85.6921592,42.9133872],[-85.692405,42.91338799999999],[-85.6924829,42.9133886],[-85.6928874,42.9133919],[-85.6931287,42.9133939],[-85.693631,42.913398],[-85.6936576,42.913398],[-85.69388856910851,42.9133982358432],[-85.69403272695568,42.91350353082047],[-85.69413995604243,42.913577958944416],[-85.6942471851292,42.91365238706837],[-85.69435441421594,42.91372681519231],[-85.6944616433027,42.913801243316264],[-85.69456887238944,42.91387567144021],[-85.69467610147619,42.913950099564154],[-85.69478333056294,42.914024527688106],[-85.69489055964969,42.91409895581205],[-85.69499778873646,42.914173383936],[-85.6951050178232,42.91424781205995],[-85.69521224690995,42.9143222401839],[-85.6953194759967,42.914396668307845],[-85.69542670508345,42.9144710964318],[-85.69549192708567,42.91457323072496],[-85.695496,42.914696],[-85.6955161,42.91506799999999],[-85.69554,42.91551],[-85.6955451,42.91557989999999],[-85.6955668,42.9158585],[-85.6955826,42.9160396],[-85.695667,42.916544],[-85.695719,42.91683199999999],[-85.695755,42.917059],[-85.6958298,42.9173842],[-85.695931,42.917824],[-85.696287,42.91942],[-85.696383,42.919867],[-85.6964763,42.9202757],[-85.696493,42.920349],[-85.69658,42.920656],[-85.696637,42.920818],[-85.6967352,42.921070199999996],[-85.696748,42.921103],[-85.696864,42.921347],[-85.6970105,42.921592],[-85.697041,42.921653],[-85.69740403596748,42.92218215893486],[-85.69719279567553,42.92237875237577],[-85.6972247323419,42.92248472803695],[-85.69725666900825,42.92259070369812],[-85.69728860567459,42.9226966793593],[-85.69732054234095,42.922802655020476],[-85.6976357,42.922995],[-85.697548,42.923331],[-85.69749,42.923647],[-85.697463,42.923895],[-85.697456,42.924167],[-85.697452,42.924297],[-85.697467,42.924705],[-85.69754690173444,42.926913368419264],[-85.69761378689881,42.92700509120243],[-85.6977134462479,42.9270850298234],[-85.69781310559699,42.92716496844438],[-85.69791276494608,42.92724490706536],[-85.69801242429517,42.927324845686336],[-85.69811208364428,42.927404784307306],[-85.69821174299337,42.92748472292829],[-85.69831140234245,42.92756466154926],[-85.69841106169156,42.92764460017025],[-85.69851072104065,42.92772453879122],[-85.69861038038974,42.927804477412195],[-85.69871003973883,42.92788441603318],[-85.69880969908792,42.92796435465415],[-85.698909358437,42.92804429327513],[-85.69904164809341,42.92806518059805],[-85.699259,42.9280668],[-85.6996047,42.9280694],[-85.6997764,42.928072500000006],[-85.6999627,42.9280738],[-85.7001038,42.9280767],[-85.7004221,42.9280821],[-85.700509,42.9280829],[-85.7005879,42.9280837],[-85.700902,42.92808639999999],[-85.7014055,42.9280943],[-85.7016956,42.9280991],[-85.7018792,42.9281003],[-85.7028534,42.9281162],[-85.703008,42.928117799999995],[-85.7032203,42.9281208],[-85.7038202,42.9281246],[-85.7039137,42.9281245],[-85.70427610892939,42.92812809052569],[-85.7044036712198,42.92790164127976],[-85.70452816142723,42.927843614981754],[-85.70465265163467,42.927785588683754],[-85.70477714184211,42.92772756238575],[-85.70490163204956,42.92766953608774],[-85.705026122257,42.92761150978973],[-85.70515061246444,42.92755348349172],[-85.70527510267188,42.927495457193714],[-85.70539959287933,42.92743743089571],[-85.70552408308677,42.9273794045977],[-85.70574991345906,42.92730036869219],[-85.7057493,42.927281],[-85.7057442,42.9270789],[-85.7057386,42.9269021],[-85.7057366,42.9268395],[-85.7057269,42.9266041],[-85.7057093,42.9261783],[-85.7056988,42.9257756],[-85.7056689,42.9246287],[-85.7056522,42.92398829999999],[-85.7056336,42.9232745],[-85.7056326,42.9232379],[-85.7056071,42.9222626],[-85.7056066,42.9222416],[-85.70560285430761,42.92209795372072],[-85.7057679007541,42.92199876469552],[-85.70586010530377,42.92191410615748],[-85.70595230985344,42.92182944761944],[-85.7060445144031,42.921744789081394],[-85.70613671895278,42.92166013054336],[-85.70622892350244,42.92157547200531],[-85.7063211280521,42.921490813467265],[-85.70641333260177,42.92140615492922],[-85.70650553715144,42.92132149639118],[-85.7065977417011,42.92123683785314],[-85.70668994625078,42.92115217931509],[-85.70678215080044,42.921067520777044],[-85.7068743553501,42.92098286223901],[-85.70698348125057,42.92086878827246],[-85.7073814,42.9208774],[-85.7074993,42.92088],[-85.7077159,42.9208847],[-85.7083256,42.920898],[-85.7085634,42.9209032],[-85.7090751,42.9209143],[-85.709197,42.920917],[-85.710016,42.920933],[-85.710436,42.920942],[-85.710721,42.92095],[-85.711441,42.920964],[-85.712055,42.920978],[-85.712533,42.920989000000006],[-85.71306,42.921],[-85.713315,42.921005],[-85.713627,42.921013],[-85.714731,42.921037],[-85.715326,42.92105099999999],[-85.7155754,42.9210569],[-85.7156767,42.9210593],[-85.7161467,42.9210704],[-85.7171,42.921093],[-85.717975,42.92111100000001],[-85.718266,42.9211166],[-85.7187663,42.9211264],[-85.719418,42.921139],[-85.7197902,42.921147899999994],[-85.7202194,42.9211581],[-85.7205907,42.9211669],[-85.721274,42.921182],[-85.721614,42.92118899999999],[-85.7224557,42.921208199999995],[-85.722668,42.921213],[-85.722734,42.921214],[-85.723192,42.921225],[-85.7235632,42.9212343],[-85.7244586,42.9212567],[-85.724896,42.9212676],[-85.7250339,42.9212711],[-85.7251705,42.9212676],[-85.7256739,42.9212548],[-85.726097,42.921244],[-85.726896,42.921225],[-85.7272222,42.9212208],[-85.727284,42.92121999999999],[-85.727744,42.921208],[-85.728295,42.921195999999995],[-85.72933,42.921172999999996],[-85.729919,42.921162],[-85.730452,42.921150000000004],[-85.730861,42.921141999999996],[-85.731686,42.921127000000006],[-85.732249,42.921116],[-85.732916,42.921102],[-85.733726,42.921082],[-85.7340779,42.9210748],[-85.734856,42.921059],[-85.7363446,42.9210396],[-85.7365822,42.9210698],[-85.7367769,42.921175100000006],[-85.7368152,42.9212074],[-85.73694,42.92132699999999],[-85.7377743,42.9223229],[-85.7377892,42.9223408],[-85.7378416475534,42.92240340537994],[-85.73809707572515,42.92239275456259],[-85.73823222722336,42.92234958602564],[-85.73836737872158,42.92230641748869],[-85.7385025302198,42.92226324895175],[-85.73863768171802,42.922220080414796],[-85.73877283321623,42.922176911877855],[-85.73890798471446,42.92213374334091],[-85.73904313621267,42.92209057480396],[-85.73917828771089,42.92204740626701],[-85.73947825710951,42.92216858413752],[-85.739729,42.922031999999994],[-85.7397925,42.921993],[-85.7401673,42.9217629],[-85.74019,42.92174899999999],[-85.7405597,42.9215103],[-85.740743,42.921392],[-85.741123,42.921137],[-85.741431,42.920911],[-85.741705,42.9207],[-85.743634723301,42.91914637661697],[-85.74349088975859,42.91891427475313],[-85.7435390076582,42.918811672405276],[-85.74358712555782,42.91870907005744],[-85.74363524345745,42.918606467709594],[-85.74368336135707,42.91850386536175],[-85.7437314792567,42.918401263013905],[-85.74377959715632,42.91829866066606],[-85.74382771505594,42.91819605831822],[-85.74387583295557,42.91809345597037],[-85.74419390030656,42.917986603341845],[-85.7441905,42.9178693],[-85.74417,42.91716100000001],[-85.744155,42.916857799999995],[-85.744141,42.916454],[-85.744129,42.916131],[-85.744115,42.915744],[-85.7440977,42.91545210000001],[-85.7440959,42.9153972],[-85.744088,42.915024],[-85.7440709,42.9145734],[-85.744061,42.914311],[-85.7440552,42.9141523],[-85.7440395,42.913717],[-85.744034,42.913566],[-85.7440318,42.9134154],[-85.7440255,42.91297790000001],[-85.744017,42.912395],[-85.7440188,42.912351],[-85.7440006,42.9113203],[-85.7439865,42.9103987],[-85.743984,42.91023499999999],[-85.7439834,42.9101398],[-85.743983,42.910073],[-85.743981,42.9099428],[-85.7439803,42.9098976],[-85.743972,42.909364],[-85.743966,42.909113],[-85.7439665,42.90892720000001],[-85.743967,42.908764],[-85.7439643,42.9086448],[-85.7439586,42.9083887],[-85.743954,42.908185],[-85.7439485,42.9078825],[-85.743942,42.9075232],[-85.7439352,42.9071437],[-85.7439294,42.9068247],[-85.743923,42.9064297],[-85.74392,42.906306],[-85.743919,42.9061931],[-85.7439091,42.9050209],[-85.743908,42.904893],[-85.7438996,42.9042916],[-85.7438958,42.904018199999996],[-85.7438927,42.903803],[-85.7438772,42.9026973],[-85.7438647,42.9021285],[-85.7438623,42.9019746],[-85.7438493,42.9009217],[-85.7438431,42.9004008],[-85.743828,42.899205],[-85.74378,42.897956],[-85.7437734,42.8973728],[-85.7437371,42.89636699999999],[-85.7437307,42.8962183],[-85.7437264,42.8960935],[-85.7437114,42.8956456],[-85.7436951,42.89514390000001],[-85.7436664,42.894367],[-85.7436581,42.8940969],[-85.743646,42.893750999999995],[-85.74362,42.8930719],[-85.743574,42.892001],[-85.743514,42.89039689999999],[-85.7434435,42.8887868],[-85.743429,42.888456],[-85.7433989,42.8877156],[-85.7433887,42.887463800000006],[-85.743367,42.88693],[-85.7433559,42.886547300000004],[-85.7433301,42.8857841],[-85.7433269,42.8856894],[-85.743324,42.8856419],[-85.7432897,42.8848536],[-85.7432879,42.8847642],[-85.7432822,42.8844908],[-85.7432639,42.8843924],[-85.7432599,42.883472000000005],[-85.74325719920841,42.882873774663494],[-85.74357504822758,42.882781474887764],[-85.74365385680886,42.8826897612841],[-85.74373266539016,42.882598047680425],[-85.74381147397143,42.88250633407676],[-85.74389028255271,42.88241462047309],[-85.74396909113399,42.882322906869426],[-85.74404789971528,42.88223119326576],[-85.74412670829656,42.88213947966209],[-85.74420551687786,42.88204776605842],[-85.74428432545913,42.881956052454754],[-85.74436313404043,42.88186433885109],[-85.7444419426217,42.881772625247415],[-85.74455487557022,42.881692486391195],[-85.7447262,42.8816936],[-85.745403,42.881698],[-85.745658,42.881695],[-85.745876,42.88168],[-85.7460503,42.8816569],[-85.74611,42.881649],[-85.7462888,42.881616699999995],[-85.746359,42.881604],[-85.746645,42.881559],[-85.746707,42.8815501],[-85.7467507,42.8815439],[-85.746815,42.881537],[-85.747179,42.881515],[-85.747883,42.881505],[-85.748053,42.8814973],[-85.748138,42.881495],[-85.748385,42.881461],[-85.74861,42.881405],[-85.748834,42.881326],[-85.749105,42.881201],[-85.749749,42.880867],[-85.74988,42.880811],[-85.74992059248108,42.880796861045916],[-85.75019249926409,42.88097284617332],[-85.75033614572784,42.88094882296152],[-85.7504797921916,42.880924799749714],[-85.75062343865537,42.88090077653791],[-85.75076708511912,42.880876753326106],[-85.75091073158289,42.880852730114306],[-85.75105437804665,42.8808287069025],[-85.7511980245104,42.8808046836907],[-85.75134167097416,42.880780660478884],[-85.75147532305814,42.88074851186607],[-85.75152181645561,42.88064550350047],[-85.75156830985308,42.880542495134875],[-85.75161480325056,42.880439486769276],[-85.75166129664802,42.880336478403684],[-85.7517077900455,42.880233470038085],[-85.75175428344296,42.8801304616725],[-85.75180077684044,42.8800274533069],[-85.7518472702379,42.87992444494131],[-85.75189376363538,42.87982143657571],[-85.75175541709906,42.87981478121098],[-85.75165561978265,42.87989462628713],[-85.75155582246623,42.879974471363276],[-85.75145602514982,42.88005431643943],[-85.7513562278334,42.880134161515564],[-85.75125643051699,42.88021400659171],[-85.75115663320057,42.88029385166786],[-85.7510174,42.8805614],[-85.7508346,42.880594],[-85.750252,42.880698],[-85.7501135,42.8807344],[-85.750058,42.880748999999994],[-85.74988,42.880811],[-85.749749,42.880867],[-85.749105,42.881201],[-85.748834,42.881326],[-85.74861,42.881405],[-85.748385,42.881461],[-85.748138,42.881495],[-85.748053,42.8814973],[-85.747883,42.881505],[-85.747179,42.881515],[-85.746815,42.881537],[-85.7467507,42.8815439],[-85.746707,42.8815501],[-85.746645,42.881559],[-85.746359,42.881604],[-85.7462888,42.881616699999995],[-85.74611,42.881649],[-85.7460503,42.8816569],[-85.745876,42.88168],[-85.745658,42.881695],[-85.745403,42.881698],[-85.7447262,42.8816936],[-85.7445262,42.88169229999999],[-85.7443678,42.88169130000001],[-85.7437096,42.881687],[-85.7434291,42.8816852],[-85.7434019,42.881685000000004],[-85.74326122456355,42.88168406153812],[-85.74313393932046,42.881929586046766],[-85.7430089639318,42.881987043068804],[-85.74288398854316,42.88204450009085],[-85.7427590131545,42.88210195711289],[-85.74263403776585,42.88215941413493],[-85.7425090623772,42.88221687115697],[-85.74238408698854,42.882274328179015],[-85.74225911159989,42.88233178520105],[-85.74213413621123,42.8823892422231],[-85.74200916082259,42.882446699245136],[-85.74188418543393,42.88250415626718]]}},{"type":"Feature","properties":{"routeId":"3","color":"#F4D90C","dir":"Southbound","trips":36,"dests":"Target-RiverTown"},"geometry":{"type":"LineString","coordinates":[[-85.6743184463912,42.956563459760396],[-85.6743788,42.9564497],[-85.6744332,42.9563515],[-85.674536,42.956165999999996],[-85.6745482,42.9561484],[-85.674624,42.956039],[-85.6746674,42.955955499999995],[-85.674878,42.95555],[-85.6749504,42.9554198],[-85.675087,42.955174],[-85.675297,42.9547974],[-85.6754146,42.9545865],[-85.675528,42.954383],[-85.6755745,42.9543224],[-85.6755971,42.95428110000001],[-85.6758537,42.9538311],[-85.6759987,42.9535811],[-85.676034,42.9535163],[-85.6761061,42.9533839],[-85.6761342,42.9533323],[-85.6762163,42.9531836],[-85.6765979,42.95249900000001],[-85.6767617,42.95219229999999],[-85.676804,42.9521159],[-85.677308,42.951191],[-85.6773577,42.9511015],[-85.6777019,42.9504828],[-85.677748,42.950396],[-85.6778487,42.9502201],[-85.6778899,42.950149],[-85.678195,42.949599],[-85.67840236514245,42.94923210593389],[-85.67831214653101,42.94916425875058],[-85.67818856865703,42.94910518270138],[-85.67806882783016,42.94887219352845],[-85.6780193,42.9488716],[-85.6779507,42.9488705],[-85.6778047,42.9488701],[-85.6773187,42.9488628],[-85.6768867,42.9488542],[-85.6767422,42.9488513],[-85.6765207,42.94884689999999],[-85.6762992,42.9488425],[-85.6761856,42.94884029999999],[-85.676077,42.9488383],[-85.67594331815843,42.948837033189534],[-85.67579601160998,42.9490664895603],[-85.67565229327307,42.94909027813718],[-85.675610882283,42.94900489802141],[-85.67531151488043,42.94886289629352],[-85.675366,42.948624],[-85.6756205,42.947905000000006],[-85.675725,42.94761],[-85.6758987,42.9470953],[-85.676028,42.946712],[-85.67635,42.945793],[-85.676617,42.945159],[-85.6772816,42.943752],[-85.677968,42.942299],[-85.6781776,42.94186280000001],[-85.6784373,42.941305199999995],[-85.6785847,42.9409596],[-85.67861080535107,42.94089570605199],[-85.67883502003782,42.940895112260556],[-85.67894207725158,42.94096967465201],[-85.67904913446532,42.941044237043464],[-85.67915619167907,42.941118799434925],[-85.67926324889282,42.94119336182638],[-85.67937030610656,42.941267924217826],[-85.67948866137773,42.94133031607172],[-85.67961476930243,42.94159261104175],[-85.6800297,42.9415999],[-85.6801078,42.9416013],[-85.680148,42.941602],[-85.6807707,42.9416116],[-85.681378,42.941619],[-85.682018,42.9416337],[-85.6823269,42.9416377],[-85.68266369837247,42.94164897019801],[-85.6827115,42.9415635],[-85.6828922,42.94124],[-85.683208,42.9406765],[-85.6834437,42.9402617],[-85.6836138,42.9399509],[-85.6836934,42.9398016],[-85.6839481,42.9393047],[-85.6840516,42.9391115],[-85.684297,42.938676],[-85.684408,42.938488],[-85.684617,42.938113],[-85.6847027,42.937971],[-85.684999,42.937444],[-85.6850903,42.9372919],[-85.685196,42.9370975],[-85.6852332,42.9370292],[-85.6852859,42.9369356],[-85.685302,42.936907],[-85.685373,42.936792],[-85.6854289,42.9367186],[-85.6855155,42.9366303],[-85.685713,42.936521],[-85.68601,42.9363773],[-85.686145,42.936312],[-85.686392,42.936206],[-85.686424,42.936192000000005],[-85.6865684,42.9361396],[-85.6866327,42.93611599999999],[-85.68670187366976,42.9360937027002],[-85.68684133426767,42.93605026224433],[-85.6869433,42.9360217],[-85.6869903,42.9360089],[-85.687162,42.93596],[-85.687242,42.9359363],[-85.6872936,42.9359215],[-85.6876108,42.9358279],[-85.6878834,42.9357465],[-85.6881367,42.935683899999994],[-85.688197,42.935669],[-85.68838,42.935637],[-85.688831,42.935575],[-85.689197,42.935552],[-85.6897319,42.9355399],[-85.68983,42.935538],[-85.6904887,42.93553200000001],[-85.69063424424856,42.93526291894778],[-85.69076134293276,42.935208050056076],[-85.69075886378563,42.935113149328494],[-85.690794,42.934984],[-85.690843,42.93488700000001],[-85.690914,42.934779],[-85.691042,42.934647],[-85.691215,42.934531],[-85.6914017,42.9344325],[-85.6915628,42.9343551],[-85.69277,42.933878],[-85.6932932,42.9336581],[-85.6937661,42.9334612],[-85.6938063,42.9334444],[-85.6939117,42.9333989],[-85.6940162,42.933357],[-85.694881,42.932995],[-85.696276,42.932419],[-85.6963025,42.9324071],[-85.697225,42.932026],[-85.69731190243779,42.93198989667448],[-85.69732771493047,42.931793440895326],[-85.6977711,42.9316162],[-85.6978159,42.9315939],[-85.6978556,42.9315666],[-85.697879,42.93154259999999],[-85.6978946,42.9315202],[-85.6979049,42.931492],[-85.6979109,42.9314638],[-85.697914,42.9314215],[-85.6979142,42.931393],[-85.69791310114809,42.93135870012238],[-85.69794766361697,42.931249811589915],[-85.6979455,42.9312059],[-85.6979418,42.9311313],[-85.6978982,42.930380799999995],[-85.6978934,42.93030199999999],[-85.6978887,42.9302256],[-85.6978483,42.9294718],[-85.6978437,42.9294006],[-85.6978392,42.9293294],[-85.6978099,42.9287639],[-85.697792,42.928689],[-85.697753,42.928555],[-85.697679,42.928425],[-85.6976679,42.9283952],[-85.697607,42.92823099999999],[-85.6975973,42.9281384],[-85.697588,42.928049],[-85.6975844,42.9279504],[-85.6975745,42.927676],[-85.6975666,42.9274578],[-85.697467,42.924705],[-85.697452,42.924297],[-85.697456,42.924167],[-85.697463,42.923895],[-85.69749,42.923647],[-85.697548,42.923331],[-85.69761777749139,42.92306366548343],[-85.69730549410082,42.92291398334177],[-85.69728843657661,42.92280615570375],[-85.6972711303384,42.922698350295285],[-85.69725272125913,42.922590643456466],[-85.69723431217987,42.922482936617655],[-85.69747122120145,42.922280087707854],[-85.697041,42.921653],[-85.6970105,42.921592],[-85.696864,42.921347],[-85.696748,42.921103],[-85.6967352,42.921070199999996],[-85.696637,42.920818],[-85.69658,42.920656],[-85.696493,42.920349],[-85.6964763,42.9202757],[-85.696383,42.919867],[-85.696287,42.91942],[-85.695931,42.917824],[-85.6958298,42.9173842],[-85.695755,42.917059],[-85.695719,42.91683199999999],[-85.695667,42.916544],[-85.6955826,42.9160396],[-85.6955668,42.9158585],[-85.6955451,42.91557989999999],[-85.69554,42.91551],[-85.6955161,42.91506799999999],[-85.695496,42.914696],[-85.6954904,42.914527199999995],[-85.6954869,42.914422],[-85.695475,42.914061],[-85.6954734,42.91401],[-85.6954695,42.9138892],[-85.6954587,42.9135506],[-85.69545631966001,42.91347686010593],[-85.695454,42.913405],[-85.6954031,42.91327480000001],[-85.6953932,42.9132495],[-85.6953804,42.9129044],[-85.695357,42.9122963],[-85.6953534,42.9121968],[-85.695329,42.91152889999999],[-85.6953237,42.9113826],[-85.695319,42.9112551],[-85.6953081,42.9109569],[-85.6953023,42.9106287],[-85.6953012,42.9105652],[-85.6953488,42.9104589],[-85.6953466,42.9103847],[-85.6953328,42.910002],[-85.6953168,42.9095604],[-85.695272,42.908751],[-85.6952446,42.90796],[-85.695205,42.907059],[-85.695176,42.906143],[-85.6951641,42.90568],[-85.6951305,42.9048555],[-85.695097,42.904317],[-85.6950945,42.9042333],[-85.695089,42.904051],[-85.69507054735539,42.90351376248722],[-85.69475587181259,42.90361564680601],[-85.69469037492237,42.903712882434704],[-85.69478608036717,42.90376597876874],[-85.69492703603768,42.903734465766206],[-85.6950679917082,42.90370295276367],[-85.69507354011124,42.90360089475162],[-85.6950619,42.903262],[-85.6950384,42.9025778],[-85.695035,42.902479],[-85.6950329,42.9024309],[-85.6949956,42.9015638],[-85.6949817,42.90124120000001],[-85.6949795,42.9010282],[-85.694957,42.900666],[-85.6949163,42.8995395],[-85.69490014121536,42.89906550898389],[-85.69525813396449,42.89890949258946],[-85.6958806,42.8989154],[-85.6968473,42.898909],[-85.6971553,42.8989145],[-85.6978475,42.8989269],[-85.6988727,42.8989348],[-85.6998183,42.898933],[-85.7004649,42.8989458],[-85.7016382,42.898944699999994],[-85.7017822,42.8989432],[-85.7023348,42.8989461],[-85.7024367,42.8989466],[-85.7029502,42.89894890000001],[-85.7029965,42.8989491],[-85.7032285,42.8989514],[-85.7036421,42.8989556],[-85.7045952,42.8989636],[-85.7046233,42.8989534],[-85.704752,42.898907],[-85.7049093,42.898909],[-85.7052983,42.8989139],[-85.7056589,42.8989185],[-85.706411,42.898928],[-85.708474,42.89897499999999],[-85.709701,42.89899799999999],[-85.70982,42.899],[-85.7105777,42.8990153],[-85.711358,42.899031],[-85.711556,42.899035],[-85.713107,42.899063],[-85.713264,42.899069],[-85.71342,42.899069],[-85.715267,42.899109],[-85.715487,42.899114],[-85.71648,42.89914],[-85.7165205,42.899141],[-85.7167644,42.8991469],[-85.717639,42.899168],[-85.71773,42.89917],[-85.7186817,42.8991982],[-85.718979,42.899207],[-85.719621,42.89921999999999],[-85.720203,42.899233],[-85.7210604,42.8992539],[-85.721432,42.899263],[-85.7229262,42.8992987],[-85.7236252,42.8993151],[-85.72382101238568,42.89931968976973],[-85.72393521801575,42.899264120083586],[-85.72404031058015,42.89918805472282],[-85.72414540314453,42.89911198936207],[-85.72425049570893,42.8990359240013],[-85.72435558827333,42.898959858640545],[-85.72446068083771,42.89888379327978],[-85.72451569193703,42.8987952054024],[-85.7245122,42.8986814],[-85.7245055,42.8984627],[-85.724493,42.898053299999994],[-85.7244892,42.8979293],[-85.7244873,42.89786719999999],[-85.7244832,42.89773339999999],[-85.72448,42.8976311],[-85.724446,42.896521],[-85.7244455,42.8963982],[-85.7244441,42.8960789],[-85.7244425,42.8957095],[-85.7244195,42.8945426],[-85.724395,42.893297],[-85.724393,42.893138],[-85.724362,42.892402],[-85.72435,42.891666],[-85.724339,42.891412],[-85.724335,42.890832],[-85.7243166,42.8904146],[-85.724309,42.890243],[-85.7243019,42.8899163],[-85.724272,42.888529],[-85.7242476,42.887788900000004],[-85.7242437,42.8875574],[-85.724225,42.886945],[-85.7242098,42.886487],[-85.7241959,42.886188000000004],[-85.7241869,42.8859064],[-85.7241788,42.8856466],[-85.7241744,42.8855056],[-85.72416218393961,42.88512138519724],[-85.72444241750594,42.88507852975661],[-85.72457927252565,42.885038382038346],[-85.72471364865741,42.884805796187614],[-85.725099,42.8848031],[-85.7266433,42.8847915],[-85.7271907,42.884789],[-85.7279448,42.884787],[-85.728277,42.8847859],[-85.729231,42.8847772],[-85.7301112,42.8847705],[-85.7301432,42.8847705],[-85.730262,42.8847703],[-85.7307461,42.88476969999999],[-85.7307973,42.8847696],[-85.7308809,42.8847695],[-85.7310672,42.8847692],[-85.7311,42.88476899999999],[-85.7314664,42.8847663],[-85.7315473,42.8847657],[-85.7317202,42.8847644],[-85.7324945,42.88476],[-85.7327962,42.88475819999999],[-85.7328945,42.88475720000001],[-85.7334065,42.8847489],[-85.7335576,42.8847462],[-85.7337103,42.8847463],[-85.7342253,42.8847472],[-85.7347813,42.8847451],[-85.7349098,42.8847449],[-85.7359744,42.8847437],[-85.7361297,42.8847435],[-85.736296,42.88474360000001],[-85.7370669,42.8847441],[-85.7375721,42.8847444],[-85.7378411,42.88474459999999],[-85.7384159,42.88474500000001],[-85.7385147,42.8847456],[-85.7385654,42.8847451],[-85.738988,42.8847454],[-85.73938958581866,42.88475385114349]]}},{"type":"Feature","properties":{"routeId":"5","color":"#058b92","dir":"Southbound","trips":20,"dests":"Acquest/28th / Woodland only"},"geometry":{"type":"LineString","coordinates":[[-85.67423685125956,42.95658357794328],[-85.67417470251914,42.95648515588656],[-85.67411255377873,42.956386733829845],[-85.6740504050383,42.95628831177313],[-85.67398825629789,42.956189889716406],[-85.67392808350358,42.95613281962247],[-85.673648,42.956163],[-85.6733054,42.9561861],[-85.6728303,42.9561846],[-85.671872,42.95618170000001],[-85.6713586,42.9561751],[-85.6698922,42.956161800000004],[-85.6695881,42.9561539],[-85.6692646,42.95613529999999],[-85.6690188,42.9560947],[-85.6687985,42.9560512],[-85.6685609,42.956006],[-85.668348,42.9559812],[-85.6681023,42.95597120000001],[-85.6680564,42.9559693],[-85.6678069,42.9559591],[-85.66774800901604,42.95595661043945],[-85.66760173159166,42.95595135686423],[-85.6675053,42.9559486],[-85.6670838,42.95593559999999],[-85.66686614285503,42.95592887295912],[-85.66672048779982,42.955897998019665],[-85.66657416357248,42.95587799929883],[-85.6664684,42.9558749],[-85.6662067,42.955869],[-85.66613814744079,42.9558955078351],[-85.66598280778385,42.95590956831789],[-85.6658642,42.95590599999999],[-85.6652287,42.9558904],[-85.665099740194,42.9558869483993],[-85.6649464626879,42.955877500948645],[-85.6648891,42.9558601],[-85.6648408,42.9558425],[-85.6647863,42.9558364],[-85.664683,42.9558355],[-85.66446,42.9558287],[-85.6644338,42.9558275],[-85.6643956,42.9558258],[-85.664346,42.955816],[-85.664287,42.9558003],[-85.664236,42.9557826],[-85.6641817,42.955759300000004],[-85.66388529010948,42.95576679003159],[-85.6638201,42.955784400000006],[-85.6637332,42.955805299999994],[-85.663637,42.9558192],[-85.6635582,42.955823099999996],[-85.6634927,42.9558319],[-85.6633306,42.955863],[-85.6630589,42.9558609],[-85.662952,42.955856],[-85.6627895,42.9558515],[-85.6627306,42.9558354],[-85.662677,42.9558234],[-85.6626231,42.95581370000001],[-85.6622841,42.9558071],[-85.6621913,42.9558003],[-85.6621226,42.9557923],[-85.662077,42.9557808],[-85.6620326,42.95576799999999],[-85.6619669,42.9557365],[-85.66168794173305,42.9557653034376],[-85.6616419,42.95577780000001],[-85.6616073,42.9557817],[-85.6615727,42.9557856],[-85.661547,42.955786499999995],[-85.6614464,42.9557956],[-85.6613977,42.9558012],[-85.6613353,42.95581049999999],[-85.6612769,42.9558193],[-85.66045,42.955797],[-85.660363,42.9557933],[-85.660261,42.955789],[-85.6592475,42.9557665],[-85.659133,42.955764],[-85.659035,42.9557618],[-85.6585206,42.9557501],[-85.658019,42.9557388],[-85.657896,42.95573600000001],[-85.6578006,42.9557349],[-85.6567862,42.9557233],[-85.6566858,42.9557222],[-85.6565796,42.9557212],[-85.655566,42.9557151],[-85.6554542,42.9557155],[-85.6553478,42.9557151],[-85.6543124,42.9556798],[-85.654201,42.955676000000004],[-85.6540863,42.9556744],[-85.6539499,42.9556725],[-85.653561,42.9556672],[-85.6530794,42.9556606],[-85.652965,42.955659],[-85.6528759,42.9556569],[-85.652462,42.955647],[-85.6518566,42.9556325],[-85.651754,42.95562999999999],[-85.6516384,42.9556278],[-85.6506169,42.9556079],[-85.650521,42.955605999999996],[-85.6504097,42.95560460000001],[-85.6494062,42.955593],[-85.649296,42.955591000000005],[-85.6491923,42.955591000000005],[-85.6485659,42.9555841],[-85.6483295,42.95558189999999],[-85.647806,42.955577],[-85.6477326,42.9555768],[-85.646857,42.955574],[-85.6467409,42.9555732],[-85.6464576,42.9555711],[-85.645971,42.9555676],[-85.645613,42.9555649],[-85.6450429,42.9555603],[-85.644526,42.955557],[-85.6443911,42.9555556],[-85.6443119,42.9555552],[-85.6441153,42.9555539],[-85.643444,42.955549],[-85.642888,42.955547],[-85.642228,42.955542],[-85.641954,42.955539],[-85.641705,42.95553799999999],[-85.6411867,42.9555344],[-85.640934,42.955533],[-85.6402442,42.955531],[-85.64006492090186,42.955529025560594],[-85.63993574294703,42.95550357114435],[-85.63989019740576,42.955400333029026],[-85.63984465186452,42.95529709491371],[-85.63953641004943,42.9551947700748],[-85.6395363,42.9551695],[-85.6395357,42.955075599999994],[-85.6395332,42.9547137],[-85.6395328,42.9546153],[-85.6395302,42.9545197],[-85.6395298,42.95447240000001],[-85.6395242,42.953798],[-85.6395236,42.953714],[-85.6395212,42.9536352],[-85.6395189,42.9532753],[-85.6395176,42.953077],[-85.6395173,42.95303559999999],[-85.6395083,42.952869],[-85.6395051,42.9528096],[-85.6395038,42.952739],[-85.639502,42.95263700000001],[-85.6394944,42.9523601],[-85.6394849,42.9519924],[-85.6394815,42.9518946],[-85.6394812,42.9518392],[-85.6394795,42.9514648],[-85.6394837,42.9510882],[-85.639485,42.9509722],[-85.6394815,42.9508635],[-85.6394718,42.9505632],[-85.6394665,42.9501886],[-85.639465,42.950085],[-85.6394646,42.9500116],[-85.6394604,42.9492783],[-85.63946,42.949199],[-85.6394604,42.9491252],[-85.6394648,42.9483786],[-85.6394654,42.9482956],[-85.6394636,42.9482198],[-85.6394557,42.9478568],[-85.6394522,42.9476681],[-85.6394485,42.9473966],[-85.6394411,42.9469412],[-85.6394367,42.9464866],[-85.6394313,42.9460363],[-85.6394271,42.9456598],[-85.6394264,42.9455805],[-85.6394236,42.9454213],[-85.6394184,42.945129],[-85.6394186,42.9450351],[-85.6394193,42.944745700000006],[-85.6394194,42.9446686],[-85.6394178,42.944588],[-85.6394084,42.9437597],[-85.6393989,42.9429313],[-85.639398,42.9428542],[-85.6393982,42.9428008],[-85.6393969,42.9427725],[-85.6394015,42.9419476],[-85.63940348078847,42.94142900481794],[-85.63939072696373,42.94134533062616],[-85.63925287170908,42.94130708676786],[-85.63911501645443,42.94126884290955],[-85.63898119771267,42.94103619997421],[-85.6387684,42.9410338],[-85.6383443,42.9410287],[-85.6382505,42.9410287],[-85.638141,42.9410287],[-85.6375309,42.941026400000005],[-85.637152,42.941025],[-85.6370253,42.9410245],[-85.636903,42.941024],[-85.6362864,42.9410187],[-85.635979,42.941016],[-85.6358754,42.9410167],[-85.635701,42.941018],[-85.634677,42.941011],[-85.6346077,42.9410114],[-85.634515,42.941012],[-85.634419,42.9410122],[-85.6336349,42.9410138],[-85.633529,42.941014],[-85.6334076,42.941015],[-85.6324502,42.9410026],[-85.632327,42.941001],[-85.6322269,42.9410001],[-85.6312628,42.94099189999999],[-85.631152,42.940991],[-85.6310592,42.940991],[-85.630047,42.940991],[-85.629963,42.940991],[-85.62989,42.940991],[-85.629032,42.940987],[-85.628905,42.940987],[-85.628792,42.940987],[-85.6265994,42.9410006],[-85.626541,42.941001],[-85.62531948840957,42.94099657423337],[-85.62526989314722,42.9408694028372],[-85.62522042260795,42.940767150484504],[-85.6251709520687,42.94066489813181],[-85.62485631737339,42.94052956055657],[-85.624878,42.940425],[-85.624876,42.940202],[-85.6248706,42.9400901],[-85.624861,42.939893],[-85.6248115,42.9392995],[-85.6248045,42.9392219],[-85.6248,42.9391496],[-85.6247329,42.9380735],[-85.624728,42.937994999999994],[-85.62472,42.937833],[-85.6247173,42.9378088],[-85.624708,42.937726],[-85.6246308,42.9367128],[-85.6246248,42.9366343],[-85.6246211,42.9365669],[-85.6245936,42.9360705],[-85.6245464,42.9354303],[-85.62448371460171,42.93454246822431],[-85.6248359154432,42.934357315836166],[-85.625594,42.93436],[-85.625695,42.93436],[-85.6267746,42.9343687],[-85.6268915,42.9343686],[-85.6270045,42.9343689],[-85.6281096,42.9343687],[-85.62866191733198,42.93436877607677],[-85.6287690143577,42.934328160799225],[-85.6288735580135,42.934251685698094],[-85.6289781016693,42.934175210596955],[-85.62908264532511,42.93409873549582],[-85.62918718898092,42.934022260394684],[-85.62929173263673,42.93394578529355],[-85.62942348669971,42.93385823711022],[-85.6293619,42.9331321],[-85.6293321,42.9327665],[-85.6293135,42.9325607],[-85.6293117,42.9325409],[-85.6293084,42.932483500000004],[-85.6293019,42.9323988],[-85.6292527,42.931795599999994],[-85.6291748,42.9308203],[-85.6291675,42.9307409],[-85.6291606,42.93066339999999],[-85.62908,42.929788],[-85.6290334,42.9291854],[-85.6290316,42.9291623],[-85.62889428715567,42.92738598999025],[-85.62854796213392,42.927295775476864],[-85.62844748097535,42.92709564982365],[-85.6283856,42.9270956],[-85.628151,42.9270954],[-85.6265168,42.9270941],[-85.626397,42.927094],[-85.6262841,42.9270939],[-85.6254263,42.9270932],[-85.6252849,42.9270931],[-85.625165,42.927093],[-85.6240582,42.9270895],[-85.6239,42.927089],[-85.6237732,42.927089099999996],[-85.6231711,42.9270896],[-85.6228527,42.9270898],[-85.622654,42.92709],[-85.6223412,42.9270928],[-85.621993,42.927096],[-85.621464,42.927094],[-85.620177,42.927094],[-85.6194224,42.9270927],[-85.6191792,42.9270923],[-85.618994,42.927092],[-85.6189151,42.927094999999994],[-85.617827,42.927101],[-85.6177424,42.9271016],[-85.617368,42.927104],[-85.617072,42.927104],[-85.616649,42.927104],[-85.615468,42.927114],[-85.6147166,42.9271182],[-85.613849,42.927123],[-85.6136386,42.927125],[-85.613432,42.927127],[-85.6123364,42.9271336],[-85.611615,42.927138],[-85.6113932,42.927138],[-85.6108883,42.927138],[-85.6103666,42.9271425],[-85.6099502104454,42.927140668252314],[-85.60982121706671,42.926904794154154],[-85.60969072111587,42.92685444272215],[-85.60956022516504,42.926804091290144],[-85.6094297292142,42.92675373985814],[-85.60929923326337,42.92670338842614],[-85.60911875538946,42.926625159688896],[-85.6091144,42.9265793],[-85.6090583,42.9257731],[-85.609009,42.925226],[-85.6089431,42.9242555],[-85.608876,42.923251],[-85.6088244,42.92253099999999],[-85.608792,42.922078000000006],[-85.608693,42.920703],[-85.6086704,42.9203982],[-85.6086414,42.9200067],[-85.608597,42.919408],[-85.6085674,42.9189269],[-85.608497,42.917784],[-85.608416,42.916925],[-85.6083549,42.915967099999996],[-85.608349,42.915874],[-85.6083442,42.9157961],[-85.6083191,42.915388],[-85.608312,42.915273],[-85.6082582,42.9143645],[-85.608224,42.9137866],[-85.6082185,42.9136858],[-85.6081982,42.913350400000006],[-85.608196,42.9133141],[-85.6081929,42.913268],[-85.6081899,42.9132105],[-85.6081878,42.9131739],[-85.6081729,42.9129227],[-85.6077923155863,42.912834863498276],[-85.60771334040936,42.91274322776531],[-85.60763436523244,42.91265159203234],[-85.60751848176338,42.91263404165263],[-85.6074024,42.9126335],[-85.6073073,42.9126331],[-85.6070847,42.9126321],[-85.6063181,42.9126285],[-85.606244,42.912629],[-85.6061999,42.9126289],[-85.6057859,42.9126279],[-85.605393,42.912627],[-85.6051399,42.9126258],[-85.6047917,42.9126265],[-85.6044536,42.9126226],[-85.6040973,42.9126209],[-85.6039309,42.9126174],[-85.6035064,42.91261819999999],[-85.6027789,42.9126148],[-85.6026263,42.9126141],[-85.6023728,42.91261299999999],[-85.6021625,42.91261200000001],[-85.6021268,42.9126118],[-85.601737,42.91261],[-85.6016918,42.9126098],[-85.6013856,42.9126082],[-85.6010518,42.9126065],[-85.6004429,42.9126035],[-85.5998845,42.9126007],[-85.59954,42.912599],[-85.5993556,42.912598],[-85.5991811,42.9125971],[-85.5990591,42.9125964],[-85.5986,42.912594],[-85.5985033,42.9125933],[-85.598397,42.9125926],[-85.5978488,42.9125888],[-85.5976629,42.9125875],[-85.5971699,42.912584],[-85.5969099,42.9125821],[-85.5965905,42.9125798],[-85.5961695,42.9125768],[-85.5960574,42.91257569999999],[-85.5959417,42.9125746],[-85.5951173,42.9125685],[-85.5949705,42.9125679],[-85.5944088,42.9125604],[-85.5939928,42.9125557],[-85.5933195,42.912548],[-85.5932678,42.9125474],[-85.5931222,42.9125459],[-85.5928421,42.9125415],[-85.5927877,42.91254119999999],[-85.5926897,42.9125407],[-85.5925418,42.912539],[-85.5923987367707,42.91277416243628],[-85.59225998322788,42.91281059911324],[-85.59212122968503,42.91284703579021],[-85.59198881305969,42.91289044184765],[-85.59189033038608,42.91297116867201],[-85.59179184771247,42.91305189549635],[-85.59169336503886,42.91313262232071],[-85.59159488236527,42.91321334914506],[-85.59149639969166,42.91329407596942],[-85.59139791701806,42.91337480279377],[-85.59129943434445,42.913455529618126],[-85.59117255117155,42.913490004557616],[-85.59102526242518,42.913491247819586],[-85.59087797367881,42.913492491081556],[-85.59073068493244,42.913493734343525],[-85.59058339618608,42.913494977605495],[-85.59043610743971,42.913496220867465],[-85.59028881869335,42.91349746412943],[-85.59014152994698,42.9134987073914],[-85.58999424120061,42.91349995065337],[-85.58984694518945,42.91350037664059],[-85.58969964698329,42.91350055569584],[-85.58955234877713,42.913500734751096],[-85.58940505057099,42.91350091380635],[-85.58925775236483,42.9135010928616],[-85.58911045415866,42.913501271916864],[-85.58896315595251,42.91350145097212],[-85.58881585774635,42.91350163002737],[-85.5886685595402,42.913501809082625],[-85.58852146874695,42.913507302855095],[-85.58837440008116,42.91351336361902],[-85.5882273314154,42.913519424382955],[-85.58808026274963,42.913525485146884],[-85.58793319408386,42.91353154591082],[-85.58778612541809,42.91353760667475],[-85.58763905675232,42.91354366743869],[-85.58749198808654,42.91354972820262],[-85.58734818618473,42.913559660498095],[-85.58727576914093,42.91365419294632],[-85.58720335209713,42.91374872539454],[-85.58713093505332,42.91384325784277],[-85.58705599820381,42.91393669508266],[-85.58697879045809,42.91402914530027],[-85.5869015827124,42.91412159551788],[-85.58682437496671,42.91421404573549],[-85.586747167221,42.914306495953106],[-85.5866699594753,42.914398946170714],[-85.58659275172961,42.91449139638833],[-85.58651554398392,42.914583846605936],[-85.58641025995061,42.914658830067374],[-85.58629955627822,42.914730441875264],[-85.58618885260582,42.91480205368315],[-85.58607814893341,42.91487366549104],[-85.585967445261,42.91494527729892],[-85.58585674158861,42.91501688910681],[-85.58574603791621,42.91508850091469],[-85.5856353342438,42.91516011272258],[-85.5855246305714,42.91523172453047],[-85.58542108404572,42.91530891488996],[-85.58531787645153,42.91538636942552],[-85.58521466885732,42.91546382396107],[-85.58511146126312,42.91554127849662],[-85.58500825366893,42.915618733032176],[-85.58490504607474,42.915696187567725],[-85.58480183848054,42.915773642103275],[-85.58469863088635,42.91585109663884],[-85.58459867672435,42.9159300318715],[-85.58455093338951,42.91603272921617],[-85.58450319005465,42.91613542656084],[-85.5844554467198,42.916238123905515],[-85.58440770338493,42.91634082125019],[-85.58435996005008,42.91644351859486],[-85.58431221671522,42.91654621593954],[-85.58426447338036,42.91664891328421],[-85.58421850724186,42.91675166876836],[-85.58425371633977,42.91685707983203],[-85.58428892543769,42.9169624908957],[-85.5843241345356,42.91706790195936],[-85.58435934363352,42.91717331302303],[-85.58439455273142,42.9172787240867],[-85.58442976182936,42.91738413515036],[-85.58446497092727,42.91748954621402],[-85.58450018002519,42.91759495727769],[-85.58456561149177,42.917691437999906],[-85.58463896189102,42.91778557877407],[-85.58471231229025,42.91787971954824],[-85.5847856626895,42.917973860322405],[-85.58485901308873,42.91806800109657],[-85.58493236348798,42.91816214187074],[-85.58500571388723,42.918256282644904],[-85.58507906428646,42.91835042341907],[-85.5851082174457,42.91843772723113],[-85.58498969750008,42.91850218718638],[-85.58487117755443,42.91856664714162],[-85.5847526576088,42.91863110709687],[-85.58463413766317,42.91869556705211],[-85.58451561771756,42.91876002700736],[-85.58439709777193,42.9188244869626],[-85.58426162754053,42.918842504526644],[-85.5839178,42.9189588],[-85.5835791,42.9189667],[-85.58324617992236,42.91897456861702],[-85.58309039136682,42.91874697257719],[-85.5829479489578,42.91872094313458],[-85.58280716574475,42.91868901414531],[-85.58266638253173,42.918657085156035],[-85.58252559931869,42.91862515616676],[-85.58238481610564,42.91859322717749],[-85.5822440328926,42.918561298188216],[-85.58210324967958,42.91852936919895],[-85.58196246646655,42.91849744020968],[-85.58182168325351,42.918465511220404],[-85.58168616421845,42.91842302095312],[-85.5815508142416,42.918380191512156],[-85.58121929205122,42.91849511019818],[-85.581191,42.918476],[-85.5808296,42.9182877],[-85.5807024,42.9182213],[-85.5806384,42.9181898],[-85.5805569,42.91814370000001],[-85.5804861,42.9180996],[-85.5804104,42.9180511],[-85.5803684,42.9180194],[-85.580314,42.9179753],[-85.5802677,42.9179343],[-85.5802085,42.9178693],[-85.5801709,42.9178269],[-85.5801344,42.917781],[-85.5800179,42.9176208],[-85.57985530987334,42.91754876321514],[-85.579713,42.9173525],[-85.5796369,42.917250900000006],[-85.5795722,42.9171643],[-85.5795239,42.9171117],[-85.5794807,42.9170741],[-85.5794177,42.9170259],[-85.5793454,42.9169751],[-85.5792748,42.9169311],[-85.5792002,42.916895],[-85.5791242,42.91686],[-85.5790509,42.91683269999999],[-85.5789868,42.9168124],[-85.5789014,42.916787],[-85.5788403,42.9167738],[-85.578786,42.9167621],[-85.5786708,42.9167505],[-85.5785731,42.9167458],[-85.5784666,42.9167453],[-85.5784023,42.91675],[-85.5783086,42.916759],[-85.5780719,42.9167972],[-85.577978,42.916811],[-85.5779380267741,42.91681732990067],[-85.57777739493487,42.91677193489232],[-85.5777482,42.9167764],[-85.5775937,42.916799600000004],[-85.5770717,42.91688],[-85.5769551,42.9168942],[-85.5768274,42.9169036],[-85.5767046,42.916907300000005],[-85.5766139,42.9169071],[-85.5764878,42.9169003],[-85.5763778,42.91688669999999],[-85.5762608,42.9168713],[-85.5761545,42.91684910000001],[-85.5760255,42.9168176],[-85.5759299,42.91678879999999],[-85.575853,42.9167611],[-85.57581800074064,42.916746916832395],[-85.57584074960236,42.916493491899644],[-85.57572330895808,42.91642796775377],[-85.57560586831377,42.9163624436079],[-85.57526564653618,42.91643763651555],[-85.5751949,42.9163768],[-85.5750775,42.9162674],[-85.5749538,42.9160935],[-85.574915,42.9160349],[-85.57487057800239,42.91585490831219],[-85.5748653,42.915824900000004],[-85.5748544,42.9158037],[-85.5748398,42.9157839],[-85.5748199,42.91576599999999],[-85.5747883,42.9157273],[-85.5747675,42.915698400000004],[-85.574758,42.915670199999994],[-85.5747527,42.9156375],[-85.5747502,42.9155851],[-85.5747347,42.9153408],[-85.5747178,42.9150219],[-85.5746883,42.9145916],[-85.5746862,42.9145015],[-85.5746883,42.9144588],[-85.574693,42.9144161],[-85.5747026,42.9143759],[-85.5747243,42.9143191],[-85.5747544,42.9142643],[-85.5747866,42.91421290000001],[-85.574832,42.9141468],[-85.5748498,42.9141105],[-85.5748972,42.9139779],[-85.5749675,42.9138715],[-85.5749871,42.9138416],[-85.5750483,42.9137483],[-85.5750814,42.91369],[-85.5751053,42.913633700000005],[-85.5751171,42.913593],[-85.5751288,42.913537],[-85.5751379,42.9134791],[-85.5751368,42.913425999999994],[-85.5751187,42.91324409999999],[-85.5751102,42.9130613],[-85.57509534717614,42.91278117574208],[-85.57486246293804,42.91252734346982],[-85.5747435,42.9125275],[-85.5742929,42.91252829999999],[-85.5738637,42.91252899999999],[-85.5736451,42.9125294],[-85.5733646,42.9125285],[-85.5732704,42.91253],[-85.5731633,42.9125302],[-85.5729061,42.9125306],[-85.5727531,42.9125309],[-85.572095,42.912532],[-85.5717993,42.9125328],[-85.5714512,42.9125337],[-85.5713014,42.9125341],[-85.5711301,42.9125345],[-85.5710746,42.9125347],[-85.5708056,42.9125354],[-85.5706912,42.9125357],[-85.5702133,42.91253979999999],[-85.5699263,42.9125419],[-85.5695648,42.9125445],[-85.5693291,42.9125436],[-85.56919814720281,42.9122767137343],[-85.56906791253702,42.912225996188425],[-85.56893767787122,42.91217527864256],[-85.56880744320543,42.91212456109669],[-85.56862125252277,42.91205276054657],[-85.568618,42.9119857],[-85.5686036,42.9117053],[-85.568596,42.9115549],[-85.5685928,42.9114917],[-85.568588,42.911397199999996],[-85.568586,42.9113734],[-85.56857709465876,42.91118660328595],[-85.56854323565574,42.9110977965808],[-85.56844194985011,42.91101897613264],[-85.56834066404448,42.910940155684486],[-85.56823937823884,42.91086133523633],[-85.56813809243322,42.91078251478818],[-85.56803680662757,42.91070369434002],[-85.56793552082195,42.91062487389187],[-85.56782271238227,42.91060156014588],[-85.5677939,42.91060130000001],[-85.567465,42.910593600000006],[-85.567354,42.910592],[-85.567166,42.910569],[-85.567024,42.91054100000001],[-85.566861,42.910495],[-85.5668074,42.9104759],[-85.5667128,42.9104421],[-85.566623,42.91041],[-85.566368,42.910286],[-85.566182,42.91022],[-85.56592207855853,42.910394764388265],[-85.56577556085337,42.910383602337085],[-85.5656290431482,42.9103724402859],[-85.56548252544306,42.91036127823471],[-85.5653360077379,42.91035011618352],[-85.56518939510838,42.9103396813382],[-85.56504267721512,42.91033005290727],[-85.5648930612223,42.91009745178376],[-85.5630873,42.9101102],[-85.562401,42.910115],[-85.56152211537359,42.910115]]}},{"type":"Feature","properties":{"routeId":"1000","color":"#F4B084","dir":"Westbound","trips":18,"dests":"Millennium Park"},"geometry":{"type":"LineString","coordinates":[[-85.67432515690126,42.95655081120413],[-85.6743788,42.9564497],[-85.6744213658871,42.9563728623141],[-85.67479045345264,42.956381243085666],[-85.67490506681581,42.95631305385708],[-85.67501968017898,42.9562448646285],[-85.67515667954801,42.95603884449059],[-85.6755338,42.9560387],[-85.6758031,42.9560417],[-85.6763362,42.9560463],[-85.677669,42.956058999999996],[-85.6778328,42.95606209999999],[-85.6778959,42.956063199999996],[-85.6780688,42.9560651],[-85.6785556,42.956067700000006],[-85.6795324,42.9560744],[-85.6797679,42.956076],[-85.680058,42.9560822],[-85.6806201,42.9560941],[-85.6808614,42.9560992],[-85.6810771,42.9561045],[-85.6832403,42.9561293],[-85.68369001415456,42.956150572042894],[-85.68399538990913,42.9564146132651],[-85.683697,42.956681],[-85.6835289,42.9568359],[-85.6832595,42.9570892],[-85.683114,42.957224999999994],[-85.682816,42.957482],[-85.682699,42.95761],[-85.682631,42.957708],[-85.6825576,42.957823],[-85.6823482,42.95815089999999],[-85.681986,42.9587183],[-85.681937,42.958795],[-85.6818133,42.9589799],[-85.681701,42.9591477],[-85.6816474,42.9592278],[-85.6815555,42.9593619],[-85.6812993,42.9597355],[-85.68118428632422,42.95990334292399],[-85.6813676916221,42.96015364076961],[-85.6814183,42.9601565],[-85.681444,42.9601567],[-85.6818729,42.9601598],[-85.6822225,42.9601629],[-85.6823825,42.9601664],[-85.6824701,42.9601684],[-85.6826026,42.96017140000001],[-85.6828594,42.9601754],[-85.683091,42.960182],[-85.6832867,42.9601807],[-85.6834216,42.9601777],[-85.6835531,42.9601705],[-85.6836879,42.96016019999999],[-85.683799,42.9601392],[-85.684314,42.960027100000005],[-85.6848462,42.9599125],[-85.684921,42.959896],[-85.6850449,42.9598689],[-85.6851363,42.9598489],[-85.6852134,42.959832299999995],[-85.6855548,42.9597573],[-85.686074,42.9596443],[-85.6861681,42.9596232],[-85.686282,42.959598],[-85.6872816,42.9593858],[-85.687366,42.959366],[-85.6874845,42.9593389],[-85.6881234,42.9592052],[-85.6881766,42.959193899999995],[-85.688718,42.959079],[-85.6890904,42.9589923],[-85.689182,42.958971],[-85.690127,42.958774],[-85.690413,42.958715],[-85.6909472,42.9585947],[-85.691026,42.958577],[-85.6911433,42.9585502],[-85.6916103790226,42.958443638075735],[-85.69177053746462,42.95852454319215],[-85.69190181925237,42.958573772561806],[-85.69203310104011,42.95862300193146],[-85.69216438282785,42.95867223130111],[-85.69229180891307,42.95873718068523],[-85.6923035,42.9590871],[-85.6923046,42.9591641],[-85.6923055,42.9592308],[-85.6923087,42.95996259999999],[-85.692309,42.960019],[-85.6923127,42.9601112],[-85.6923241,42.960497],[-85.692337,42.9608744],[-85.692339,42.960932],[-85.6923431,42.9610176],[-85.6923476,42.9614169],[-85.6923539,42.9617725],[-85.692355,42.961834999999994],[-85.6923579,42.9619215],[-85.6923665,42.9622848],[-85.6923766,42.9626674],[-85.6923781,42.9627382],[-85.6923782,42.9628307],[-85.6923784,42.9631293],[-85.6923785,42.9632347],[-85.6923787,42.9633731],[-85.6923789,42.96359730000001],[-85.69237894618658,42.96362117846198],[-85.69238238210392,42.96372932496796],[-85.6923943,42.96402],[-85.6923974,42.9640946],[-85.6924138,42.9644829],[-85.6924175,42.9645801],[-85.6924187,42.9646508],[-85.6924235,42.9650301],[-85.6924291,42.96538460000001],[-85.6924303,42.9654914],[-85.6924369,42.9655504],[-85.6924512,42.9661952],[-85.6924554,42.966350899999995],[-85.6924532,42.9664622],[-85.6924649,42.96682],[-85.6924778,42.9672044],[-85.69248,42.96727],[-85.6924807,42.967355],[-85.6924859,42.96772769999999],[-85.6924968,42.9681042],[-85.6924972,42.9681689],[-85.6924946,42.9682466],[-85.6925026,42.9689878],[-85.692503,42.969059],[-85.6925046,42.9691514],[-85.6925097,42.9695294],[-85.6925153,42.969903300000006],[-85.692516,42.96997],[-85.6925189,42.9700618],[-85.6925327,42.9705713],[-85.69253726274803,42.97073998547594],[-85.69286563776552,42.9708340831864],[-85.69300753820738,42.97088836518504],[-85.6933855,42.9708984],[-85.6936396,42.9709051],[-85.693747,42.970908],[-85.6938216,42.9709103],[-85.6938683,42.970911799999996],[-85.6947468,42.970939],[-85.695001,42.970944],[-85.6953667,42.9709546],[-85.6954434,42.9709568],[-85.6955237,42.97095879999999],[-85.6964127,42.9709809],[-85.6965195,42.970984],[-85.6966293,42.9709866],[-85.6971263,42.9709986],[-85.6972356,42.9709971],[-85.6973469,42.9709889],[-85.697479,42.970968],[-85.697604,42.9709498],[-85.6976597,42.97093509999999],[-85.697745,42.970909000000006],[-85.6987222,42.970578],[-85.6988178,42.9705464],[-85.6989173,42.97051280000001],[-85.699427,42.970353],[-85.699727,42.970285],[-85.699995,42.970258],[-85.700134,42.970266],[-85.700355,42.970305],[-85.700574,42.97039],[-85.701403,42.970738],[-85.7014639,42.9707653],[-85.701774,42.970904],[-85.702074,42.971043],[-85.702205,42.97110800000001],[-85.70234,42.971155],[-85.702407,42.971172],[-85.702644,42.971186],[-85.70289,42.971185],[-85.7034507,42.971213],[-85.704073,42.971244],[-85.704222,42.971252],[-85.7048057,42.9712687],[-85.705616,42.971292],[-85.706689,42.97133],[-85.7071511,42.97134],[-85.70727,42.971343],[-85.7073595,42.9713474],[-85.709056,42.971356],[-85.71152,42.971379],[-85.712204,42.971381],[-85.712401,42.9713832],[-85.712735,42.971387],[-85.71488,42.971399],[-85.7149582,42.971402],[-85.7152368,42.9714127],[-85.715349,42.971417],[-85.715532,42.971439000000004],[-85.715643,42.971457],[-85.715751,42.9714903],[-85.7158071,42.97151220000001],[-85.7158476,42.971528],[-85.715971,42.971591999999994],[-85.716296,42.971856],[-85.71652,42.972015],[-85.716586,42.97205],[-85.716759,42.972117],[-85.7168255424154,42.97213215322331],[-85.71711364448855,42.97208207546324],[-85.7171121,42.9717931],[-85.7171105,42.971489899999995],[-85.7171058,42.9713731],[-85.7171091,42.971233],[-85.7171085,42.9711328],[-85.7171054,42.971026],[-85.7171061,42.9708148],[-85.7171063,42.9707652],[-85.717101,42.9707324],[-85.7170983,42.97066989999999],[-85.717081,42.969377],[-85.717058,42.967439],[-85.717039,42.966734],[-85.717016,42.964697],[-85.71700940689671,42.96418273794313],[-85.71700758783925,42.964074320266555],[-85.7169616,42.9615772],[-85.71695,42.960948],[-85.716944,42.960603],[-85.7169475,42.95989],[-85.716948,42.95979499999999],[-85.716928,42.958711],[-85.716923,42.958234],[-85.7169212,42.9580456],[-85.7169149,42.9574125],[-85.71691318097932,42.957235511033204],[-85.71703754904671,42.957145733392395],[-85.71718094829242,42.956914052109624],[-85.7176084,42.95692360000001],[-85.718788,42.95695],[-85.7237733,42.9570582],[-85.7251247,42.9570875],[-85.7255411,42.9570965],[-85.72584,42.95710299999999],[-85.7265934,42.9571177],[-85.726709,42.95712],[-85.7271195,42.9571252],[-85.7280792,42.9571373],[-85.7285677,42.9571434],[-85.7289009,42.9571476],[-85.7293453,42.95715319999999],[-85.7307378,42.9571708],[-85.736309,42.957241],[-85.736637,42.957243],[-85.74016,42.957303],[-85.7403817,42.9573056],[-85.7409665,42.9573126],[-85.7413414,42.957316999999996],[-85.7430314,42.9573486],[-85.74314311713891,42.957349722614374],[-85.74342039333989,42.95708510752072],[-85.7432357,42.9559676],[-85.7430519,42.9548014],[-85.7430291,42.9546615],[-85.7429843,42.9544034],[-85.7429365,42.9541463],[-85.7428717,42.953855],[-85.742819,42.953637],[-85.742749,42.9534183],[-85.7426488,42.9531398],[-85.7425275,42.9528589],[-85.7423309,42.9524221],[-85.7420904,42.951898199999995],[-85.7420522,42.9518167],[-85.741874,42.951445],[-85.7415889,42.9508442],[-85.7413987,42.9504323],[-85.7413014,42.950222000000004],[-85.7411711,42.9499315],[-85.7410841,42.9496673],[-85.7410613,42.949505900000005],[-85.7410431,42.9493859],[-85.7410357,42.9493161],[-85.7410389,42.9492932],[-85.7410959,42.9491408],[-85.7414235,42.9484439],[-85.7416817,42.9479162],[-85.7417667,42.947742600000005],[-85.7423814,42.9464971],[-85.742631,42.9459784],[-85.743932,42.943405],[-85.7441169,42.9430351],[-85.7441877,42.9428271],[-85.744208,42.942687],[-85.7442626,42.94114770000001],[-85.744271,42.9406256],[-85.744353,42.938749],[-85.74436171788035,42.93857793457329],[-85.74471669031537,42.938485457221205],[-85.74483086829531,42.93842649902635],[-85.74496492747159,42.93838151851207],[-85.74509898664787,42.938336537997785],[-85.74523304582415,42.9382915574835],[-85.74536710500045,42.93824657696921],[-85.74550116417674,42.93820159645493],[-85.74563508233317,42.93815639027781],[-85.74576860230823,42.93811054692288],[-85.74590212228333,42.938064703567946],[-85.7460356422584,42.938018860213],[-85.74616916223349,42.937973016858066],[-85.74630268220858,42.93792717350312],[-85.74643620218366,42.93788133014819],[-85.74655224375857,42.93781769723229],[-85.74665300650167,42.9377385134818],[-85.74675376924478,42.937659329731304],[-85.74685453198789,42.93758014598082],[-85.746955294731,42.937500962230324],[-85.7470560574741,42.93742177847983],[-85.7471540578956,42.9373410479755],[-85.74723056117442,42.9372482802095],[-85.74730706445324,42.937155512443496],[-85.74738356773206,42.9370627446775],[-85.74746007101088,42.93696997691149],[-85.7475365742897,42.936877209145486],[-85.74761307756852,42.93678444137948]]}},{"type":"Feature","properties":{"routeId":"1000","color":"#F4B084","dir":"Eastbound","trips":15,"dests":"Central Station"},"geometry":{"type":"LineString","coordinates":[[-85.74855368263788,42.93607517447152],[-85.74868236527576,42.93602234894305],[-85.74881104791363,42.93596952341457],[-85.74881025795843,42.935934679394336],[-85.74867247420215,42.93597306294741],[-85.74853469044588,42.93601144650049],[-85.74842214362218,42.936074061789334],[-85.74833621193356,42.936162232122136],[-85.74825028024493,42.93625040245494],[-85.7481643485563,42.936338572787726],[-85.74807841686767,42.93642674312053],[-85.74799248517904,42.93651491345333],[-85.74790655349042,42.93660308378613],[-85.74781855359737,42.93669013038261],[-85.74772968345657,42.936776704139476],[-85.74764081331577,42.93686327789633],[-85.74755194317497,42.936949851653196],[-85.74746307303415,42.93703642541005],[-85.74737420289334,42.93712299916692],[-85.74728533275254,42.93720957292378],[-85.747189953452,42.93729227616395],[-85.74709392772645,42.937374595022916],[-85.74699790200091,42.937456913881874],[-85.74690187627537,42.93753923274083],[-85.74680585054982,42.9376215515998],[-85.74670982482428,42.93770387045876],[-85.74661032500498,42.937782852158215],[-85.7464775747615,42.937829894026166],[-85.746344824518,42.937876935894124],[-85.74621207427451,42.93792397776208],[-85.74607932403103,42.93797101963004],[-85.74594657378753,42.938018061497985],[-85.74581382354405,42.93806510336594],[-85.74566837274853,42.93807648270549],[-85.74552138698544,42.93808355193133],[-85.74537440122239,42.93809062115717],[-85.74522741545931,42.93809769038301],[-85.74508042969624,42.93810475960885],[-85.74493344393319,42.93811182883469],[-85.74479175449461,42.93812579229609],[-85.74470790343297,42.93821504408154],[-85.74437606899055,42.93829738188775],[-85.7443719,42.9383786],[-85.7443537,42.9387349],[-85.744271,42.9406256],[-85.7442626,42.94114770000001],[-85.744208,42.942687],[-85.7441877,42.9428271],[-85.7441169,42.9430351],[-85.743932,42.943405],[-85.742631,42.9459784],[-85.7423814,42.9464971],[-85.7417667,42.947742600000005],[-85.7416817,42.9479162],[-85.7414235,42.9484439],[-85.7410959,42.9491408],[-85.7410389,42.9492932],[-85.7410357,42.9493161],[-85.7410431,42.9493859],[-85.7410613,42.949505900000005],[-85.7410841,42.9496673],[-85.7411711,42.9499315],[-85.7413014,42.950222000000004],[-85.7413987,42.9504323],[-85.7415889,42.9508442],[-85.741874,42.951445],[-85.7420522,42.9518167],[-85.7420904,42.951898199999995],[-85.7423309,42.9524221],[-85.7425275,42.9528589],[-85.7426488,42.9531398],[-85.742749,42.9534183],[-85.742819,42.953637],[-85.7428717,42.953855],[-85.7429365,42.9541463],[-85.7429843,42.9544034],[-85.7430291,42.9546615],[-85.7430519,42.9548014],[-85.7432357,42.9559676],[-85.74340065709602,42.95696569119009],[-85.74337545261899,42.957070521424505],[-85.74324185189569,42.95711623682124],[-85.74310478445364,42.95734933741991],[-85.7430314,42.9573486],[-85.7413414,42.957316999999996],[-85.7409665,42.9573126],[-85.7403817,42.9573056],[-85.74016,42.957303],[-85.736637,42.957243],[-85.736309,42.957241],[-85.7307378,42.9571708],[-85.7293453,42.95715319999999],[-85.7289009,42.9571476],[-85.7285677,42.9571434],[-85.7280792,42.9571373],[-85.7271195,42.9571252],[-85.726709,42.95712],[-85.7265934,42.9571177],[-85.72584,42.95710299999999],[-85.7255411,42.9570965],[-85.7251247,42.9570875],[-85.7237733,42.9570582],[-85.718788,42.95695],[-85.71782537689474,42.956928456044444],[-85.71767873542176,42.956919293985564],[-85.71756093754895,42.95698446890304],[-85.71744313967615,42.957049643820504],[-85.71732534180335,42.95711481873797],[-85.71720754393053,42.957179993655444],[-85.71708974605772,42.95724516857292],[-85.71691394766552,42.95731444841864],[-85.7169149,42.9574125],[-85.7169212,42.9580456],[-85.716923,42.958234],[-85.716928,42.958711],[-85.716948,42.95979499999999],[-85.7169475,42.95989],[-85.716944,42.960603],[-85.71695,42.960948],[-85.7169616,42.9615772],[-85.7170070097371,42.964042929564286],[-85.71700900620881,42.964151484286475],[-85.717016,42.964697],[-85.717039,42.966734],[-85.717058,42.967439],[-85.717081,42.969377],[-85.7170983,42.97066989999999],[-85.717101,42.9707324],[-85.7171063,42.9707652],[-85.7171061,42.9708148],[-85.7171054,42.971026],[-85.7171085,42.9711328],[-85.7171091,42.971233],[-85.7171058,42.9713731],[-85.7171105,42.971489899999995],[-85.71711182058708,42.97174015125226],[-85.71682242847405,42.97175915085482],[-85.71668001074823,42.971731437425184],[-85.71653759302241,42.97170372399554],[-85.71621924312197,42.97179364979754],[-85.715971,42.971591999999994],[-85.7158476,42.971528],[-85.7158071,42.97151220000001],[-85.715751,42.9714903],[-85.715643,42.971457],[-85.715532,42.971439000000004],[-85.715349,42.971417],[-85.7152368,42.9714127],[-85.7149582,42.971402],[-85.71488,42.971399],[-85.712735,42.971387],[-85.712401,42.9713832],[-85.712204,42.971381],[-85.71152,42.971379],[-85.709056,42.971356],[-85.7073595,42.9713474],[-85.70727,42.971343],[-85.7071511,42.97134],[-85.706689,42.97133],[-85.705616,42.971292],[-85.7048057,42.9712687],[-85.704222,42.971252],[-85.704073,42.971244],[-85.7034507,42.971213],[-85.70289,42.971185],[-85.702644,42.971186],[-85.702407,42.971172],[-85.70234,42.971155],[-85.702205,42.97110800000001],[-85.702074,42.971043],[-85.701774,42.970904],[-85.70158224112471,42.970818231035146],[-85.70127985230556,42.97100064101364],[-85.7011327960337,42.970994419046704],[-85.70098573876325,42.9709882106045],[-85.70083863473462,42.97098263543763],[-85.700691530706,42.97097706027076],[-85.70054442667737,42.970971485103895],[-85.70039732264874,42.97096590993703],[-85.70025021862011,42.970960334770155],[-85.70010311459149,42.97095475960328],[-85.69995601069557,42.970949182536],[-85.69980890731,42.9709435981607],[-85.69966180392443,42.9709380137854],[-85.69951470053886,42.9709324294101],[-85.69936759715328,42.97092684503479],[-85.69922049376774,42.970921260659495],[-85.69907339038217,42.97091567628419],[-85.69892629386767,42.9709099957184],[-85.6987792080186,42.97090416584401],[-85.69863212216956,42.970898335969615],[-85.69836446977196,42.97069917141371],[-85.697745,42.970909000000006],[-85.6976597,42.97093509999999],[-85.697604,42.9709498],[-85.697479,42.970968],[-85.6973469,42.9709889],[-85.6972356,42.9709971],[-85.6971263,42.9709986],[-85.6966293,42.9709866],[-85.6965195,42.970984],[-85.6964127,42.9709809],[-85.6955237,42.97095879999999],[-85.6954434,42.9709568],[-85.6953667,42.9709546],[-85.695001,42.970944],[-85.6947468,42.970939],[-85.6938683,42.970911799999996],[-85.6938216,42.9709103],[-85.693747,42.970908],[-85.6936396,42.9709051],[-85.6933855,42.9708984],[-85.69303683488796,42.97088914300643],[-85.6929628714586,42.970787098017624],[-85.69289152312365,42.97069212519719],[-85.69253351319563,42.97060136396379],[-85.6925327,42.9705713],[-85.6925189,42.9700618],[-85.692516,42.96997],[-85.6925153,42.969903300000006],[-85.6925097,42.9695294],[-85.6925046,42.9691514],[-85.692503,42.969059],[-85.6925026,42.9689878],[-85.6924946,42.9682466],[-85.6924972,42.9681689],[-85.6924968,42.9681042],[-85.6924859,42.96772769999999],[-85.6924807,42.967355],[-85.69248,42.96727],[-85.6924778,42.9672044],[-85.6924649,42.96682],[-85.6924532,42.9664622],[-85.6924554,42.966350899999995],[-85.6924512,42.9661952],[-85.6924369,42.9655504],[-85.6924303,42.9654914],[-85.6924291,42.96538460000001],[-85.6924235,42.9650301],[-85.6924187,42.9646508],[-85.6924175,42.9645801],[-85.6924138,42.9644829],[-85.6923974,42.9640946],[-85.6923943,42.96402],[-85.692383,42.963744],[-85.69238077748192,42.963691215195546],[-85.6923788857754,42.96358135422568],[-85.6923787,42.9633731],[-85.6923785,42.9632347],[-85.6923784,42.9631293],[-85.6923782,42.9628307],[-85.6923781,42.9627382],[-85.6923766,42.9626674],[-85.6923665,42.9622848],[-85.6923579,42.9619215],[-85.692355,42.961834999999994],[-85.6923539,42.9617725],[-85.6923476,42.9614169],[-85.6923431,42.9610176],[-85.692339,42.960932],[-85.692337,42.9608744],[-85.6923241,42.960497],[-85.6923127,42.9601112],[-85.692309,42.960019],[-85.6923087,42.95996259999999],[-85.6923055,42.9592308],[-85.6923046,42.9591641],[-85.6923035,42.9590871],[-85.69229048278834,42.9586974891955],[-85.69224555828275,42.95861304661608],[-85.69210012257368,42.95859583698478],[-85.69187278264413,42.958383746300036],[-85.6916798,42.9584278],[-85.6911433,42.9585502],[-85.691026,42.958577],[-85.6909472,42.9585947],[-85.690413,42.958715],[-85.690127,42.958774],[-85.689182,42.958971],[-85.6890904,42.9589923],[-85.688718,42.959079],[-85.6881766,42.959193899999995],[-85.6881234,42.9592052],[-85.6874845,42.9593389],[-85.687366,42.959366],[-85.6872816,42.9593858],[-85.686282,42.959598],[-85.6861681,42.9596232],[-85.686074,42.9596443],[-85.6855548,42.9597573],[-85.6852134,42.959832299999995],[-85.6851363,42.9598489],[-85.6850449,42.9598689],[-85.684921,42.959896],[-85.6848462,42.9599125],[-85.684314,42.960027100000005],[-85.683799,42.9601392],[-85.6836879,42.96016019999999],[-85.6835531,42.9601705],[-85.6834216,42.9601777],[-85.6832867,42.9601807],[-85.683091,42.960182],[-85.6828594,42.9601754],[-85.6826026,42.96017140000001],[-85.6824701,42.9601684],[-85.6823825,42.9601664],[-85.6822225,42.9601629],[-85.6818729,42.9601598],[-85.68179963975044,42.96015927049015],[-85.6817078178621,42.96005348833244],[-85.68162183397936,42.9599653456423],[-85.68153585009662,42.959877202952164],[-85.6814498662139,42.95978906026202],[-85.68136075571415,42.95964588308039],[-85.6815555,42.9593619],[-85.6816474,42.9592278],[-85.681701,42.9591477],[-85.6818133,42.9589799],[-85.681937,42.958795],[-85.681986,42.9587183],[-85.6823482,42.95815089999999],[-85.6825576,42.957823],[-85.682631,42.957708],[-85.682699,42.95761],[-85.682816,42.957482],[-85.683114,42.957224999999994],[-85.6832595,42.9570892],[-85.6835289,42.9568359],[-85.683697,42.956681],[-85.6837258081329,42.95665528162203],[-85.68376432073475,42.95655590139773],[-85.68368673836066,42.95646362168394],[-85.68360915598659,42.956371341970154],[-85.6835315736125,42.956279062256364],[-85.68345399123841,42.956186782542574],[-85.68335691627989,42.95613481609613],[-85.6832403,42.9561293],[-85.6810771,42.9561045],[-85.6808614,42.9560992],[-85.6806201,42.9560941],[-85.680058,42.9560822],[-85.6797679,42.956076],[-85.6795324,42.9560744],[-85.6785556,42.956067700000006],[-85.6780688,42.9560651],[-85.6778959,42.956063199999996],[-85.6778328,42.95606209999999],[-85.677669,42.956058999999996],[-85.6763362,42.9560463],[-85.6758031,42.9560417],[-85.6755338,42.9560387],[-85.6747508,42.956039],[-85.6745925921522,42.95629304895068],[-85.6744576944349,42.95633664650935]]}},{"type":"Feature","properties":{"routeId":"33","color":"#E62A32","dir":"Eastbound","trips":10,"dests":"Central Station"},"geometry":{"type":"LineString","coordinates":[[-85.78157021470294,43.0206886771778],[-85.7814487851545,43.02075436156073],[-85.781343,43.0207504],[-85.7809973,43.0207374],[-85.7805408,43.0207203],[-85.780373,43.020714],[-85.77959444038446,43.02067609333861],[-85.77946934906763,43.0205510309428],[-85.77937584916658,43.02046714763308],[-85.77928234926553,43.02038326432335],[-85.77918884936449,43.020299381013615],[-85.77909534946345,43.020215497703894],[-85.77900184956239,43.02013161439416],[-85.77890834966135,43.02004773108444],[-85.77881484976031,43.01996384777471],[-85.77872134985925,43.019879964464984],[-85.77865787775687,43.01978458609391],[-85.77833363656802,43.019698425956506],[-85.778325,43.019626],[-85.7783212,43.019462],[-85.7783198,43.019403000000004],[-85.7783133,43.0191179],[-85.778309,43.01893],[-85.778291,43.01877399999999],[-85.778229,43.01862],[-85.778153,43.018492],[-85.7779509,43.0183211],[-85.7777847,43.018188],[-85.777676,43.018085],[-85.777585,43.01793099999999],[-85.777545,43.017781],[-85.777584,43.01755],[-85.7775971,43.0175297],[-85.777668,43.01742],[-85.777825,43.017241],[-85.778022,43.016923],[-85.7780676,43.016815],[-85.7781829,43.0166454],[-85.7781842,43.0165473],[-85.7781601,43.0161326],[-85.7780099,43.0161316],[-85.77800850667985,43.01637347005627],[-85.77762271448256,43.01628279646022],[-85.77753980024765,43.01619307054906],[-85.77745688601274,43.016103344637905],[-85.77736646096514,43.01599328236336],[-85.7771304,43.0159894],[-85.7764968,43.0159849],[-85.7757345,43.0159795],[-85.7755766,43.0159784],[-85.7749477,43.0159739],[-85.7746708,43.015972],[-85.774389,43.01597],[-85.7742919,43.0159699],[-85.7736565,43.015969],[-85.772975,43.015968],[-85.7715122,43.015963899999996],[-85.770823,43.015962],[-85.7705896,43.0159589],[-85.770062,43.015952],[-85.7697899,43.0159519],[-85.7682719,43.0159511],[-85.768136,43.015950999999994],[-85.7680431,43.0159498],[-85.7674512,43.015942],[-85.7672149,43.0159389],[-85.7669105,43.0159349],[-85.7664195,43.0159284],[-85.7661088,43.0159243],[-85.7660023,43.0159229],[-85.7653872,43.0159148],[-85.7646618,43.015906],[-85.76396672839702,43.01589268816137],[-85.76385488952617,43.01592400737959],[-85.7637651245665,43.01601007824257],[-85.76367535960685,43.01609614910555],[-85.76358559464721,43.01618221996854],[-85.76349582968754,43.01626829083152],[-85.76340606472789,43.0163543616945],[-85.76331629976823,43.01644043255749],[-85.76322653480858,43.01652650342047],[-85.7632404119947,43.01661221755628],[-85.763252,43.0171981],[-85.7632666,43.0175451],[-85.7632881,43.0185514],[-85.763321,43.019424],[-85.763343,43.019954999999996],[-85.763355,43.0202682],[-85.7633603,43.020404899999996],[-85.7633647,43.0205201],[-85.7633681,43.0206095],[-85.763399,43.021409],[-85.7634061,43.0215913],[-85.7634252,43.0220796],[-85.7634388,43.0224294],[-85.763468,43.0229813],[-85.7634818,43.0232778],[-85.7634894,43.0234836],[-85.763494,43.0235954],[-85.7635171,43.0241929],[-85.7635385,43.02487719999999],[-85.7635437,43.0250033],[-85.76356856311864,43.02560077839815],[-85.76326501309886,43.02570826918694],[-85.76321380670394,43.02581005632128],[-85.76316260030903,43.025911843455624],[-85.76311139391412,43.026013630589965],[-85.7630601875192,43.02611541772431],[-85.76300898112429,43.026217204858646],[-85.76292526461515,43.02640548324075],[-85.7624628,43.0264194],[-85.7613007,43.026441899999995],[-85.7607475,43.02645369999999],[-85.7606447,43.02645830000001],[-85.7605742,43.0264629],[-85.7604891,43.0264727],[-85.760288,43.0265045],[-85.7602128,43.026515],[-85.7601443,43.0265235],[-85.7600824,43.026527],[-85.7595063,43.0265127],[-85.7582757,43.0264912],[-85.7581432,43.0264922],[-85.758012,43.0264985],[-85.7578861,43.0265107],[-85.7577633,43.0265294],[-85.7576606,43.02655],[-85.7575467,43.0265784],[-85.7574354,43.026614],[-85.7573349,43.0266497],[-85.7572237,43.0266926],[-85.7571178,43.026744],[-85.7570373,43.0267894],[-85.7569392,43.0268485],[-85.7568639,43.0269056],[-85.7567713,43.0269816],[-85.7566949,43.0270567],[-85.7565174,43.0272495],[-85.7564532,43.0273101],[-85.7563659,43.0273838],[-85.7562893,43.0274394],[-85.7561966,43.0274981],[-85.7560676,43.0275643],[-85.7559603,43.027613],[-85.75591212434297,43.02763282503753],[-85.75562993064918,43.027478537858826],[-85.75548956428798,43.0275114486082],[-85.7553491979268,43.02754435935758],[-85.75523820484693,43.02779604683849],[-85.7551552,43.0278021],[-85.7550036,43.0278049],[-85.7534939,43.027784],[-85.7531983,43.02778],[-85.75307152729735,43.0275838535331],[-85.75296462524577,43.02750917032053],[-85.75285772319418,43.027434487107946],[-85.75275082114261,43.02735980389537],[-85.75264391909103,43.0272851206828],[-85.75253701703944,43.027210437470224],[-85.75243011498787,43.02713575425764],[-85.75232321293629,43.02706107104507],[-85.7522163108847,43.026986387832494],[-85.75212504083237,43.02690269669732],[-85.75205248149597,43.02680822353239],[-85.75197992215956,43.02671375036746],[-85.75190736282316,43.026619277202535],[-85.75183480348676,43.026524804037614],[-85.75176224415036,43.026430330872685],[-85.75168968481394,43.02633585770776],[-85.75161712547755,43.02624138454283],[-85.7512984135127,43.02615046074171],[-85.7512738,43.0252233],[-85.7512576,43.0249988],[-85.7512502,43.0248921],[-85.7512374,43.0247932],[-85.751213,43.0246889],[-85.7511886,43.024608],[-85.7511426,43.0244891],[-85.7511041,43.02439489999999],[-85.7510629,43.02431059999999],[-85.7510003,43.0241943],[-85.7509189,43.0240742],[-85.7508823,43.0240171],[-85.75078,43.0238985],[-85.7506979,43.0238078],[-85.7506279,43.0237407],[-85.7505245,43.0236474],[-85.7504589,43.0235953],[-85.7503617,43.023519900000004],[-85.7502977,43.0234761],[-85.7502456,43.0234405],[-85.7501236,43.02337010000001],[-85.75009606503096,43.02335516613254],[-85.74979376640442,43.02347566060733],[-85.74966704807075,43.023420315945415],[-85.74954032973709,43.023364971283506],[-85.7494095938263,43.02331535071389],[-85.74927508358662,43.02327110766567],[-85.74923493672188,43.02301406350306],[-85.7491944,43.0230043],[-85.7490642,43.0229762],[-85.7489371,43.0229543],[-85.7488199,43.0229349],[-85.7486943,43.022918100000005],[-85.7483205,43.0228768],[-85.7479111,43.0228271],[-85.7474718,43.0227812],[-85.7465205,43.0226803],[-85.7463069,43.0226554],[-85.7458278,43.0226022],[-85.7456406,43.02257689999999],[-85.7454796,43.022550100000004],[-85.745288,43.0225154],[-85.7451527,43.0224865],[-85.7450829,43.0224701],[-85.744919,43.02243200000001],[-85.744723,43.02238320000001],[-85.7446021,43.0223491],[-85.7444383,43.0223028],[-85.744233,43.0222409],[-85.7441236,43.0222039],[-85.7440142,43.0221648],[-85.7436774,43.0220348],[-85.7431824,43.0218506],[-85.7428594,43.021731],[-85.7419311,43.0213871],[-85.7416458,43.0212815],[-85.7414388400805,43.02120482991666],[-85.74115988134506,43.02137926827917],[-85.74101619623407,43.02135537093301],[-85.74087240023646,43.02133184020135],[-85.74072854680041,43.02130849937322],[-85.74058469336437,43.02128515854509],[-85.74044083992833,43.02126181771696],[-85.74029698649228,43.02123847688883],[-85.74015313305624,43.021215136060704],[-85.74000927962018,43.021191795232575],[-85.73986542618414,43.02116845440445],[-85.7397215727481,43.02114511357632],[-85.73957771931205,43.02112177274819],[-85.73943269049865,43.021103434628024],[-85.73928656370217,43.021089769805776],[-85.73914043690569,43.02107610498354],[-85.73899431010919,43.0210624401613],[-85.73884818331273,43.02104877533906],[-85.73870205651625,43.02103511051683],[-85.73855592971977,43.02102144569458],[-85.73840980292329,43.021007780872345],[-85.7382636761268,43.0209941160501],[-85.73810177758394,43.0209676702758],[-85.7379953,43.0210407],[-85.7379142,43.0210998],[-85.7378394,43.0211632],[-85.7377645,43.0212325],[-85.7376558,43.0213468],[-85.7375281,43.0214898],[-85.7370248,43.022073],[-85.7368705,43.0222305],[-85.7367618,43.0223263],[-85.7366505,43.0224176],[-85.7365613,43.0224878],[-85.7364882,43.022536499999994],[-85.7363692,43.0226084],[-85.7362776,43.0226576],[-85.7361807,43.0227078],[-85.7360655,43.0227612],[-85.7359477,43.0228116],[-85.7358018,43.0228663],[-85.7356778,43.02290730000001],[-85.7342122,43.023319199999996],[-85.7341754,43.02332929999999],[-85.7333917,43.0235492],[-85.7325848,43.023776399999996],[-85.7323338,43.0238488],[-85.7322284,43.02388299999999],[-85.7321338,43.02391720000001],[-85.7319411,43.0239912],[-85.7318404,43.0240358],[-85.7317451,43.0240816],[-85.7316459,43.0241362],[-85.7315345,43.0242072],[-85.7313037,43.0243592],[-85.7308879,43.0246416],[-85.730776,43.0247111],[-85.7306879,43.02476149999999],[-85.730589,43.02481000000001],[-85.7304389,43.0248791],[-85.7302928,43.0249388],[-85.7301612,43.0249834],[-85.7300323,43.025022199999995],[-85.7297435,43.025098],[-85.729577,43.0251378],[-85.7289414,43.0252829],[-85.7286947,43.0253398],[-85.7280316,43.025514],[-85.7278719,43.0255602],[-85.72751646740669,43.02562233472407],[-85.72738043162211,43.025663967271285],[-85.72724439583754,43.0257055998185],[-85.72710836005297,43.025747232365724],[-85.7269723242684,43.02578886491294],[-85.72683628848382,43.02583049746015],[-85.72670025269926,43.02587213000737],[-85.72656003958807,43.025905391356204],[-85.72641981832169,43.02593863636234],[-85.7262795970553,43.02597188136848],[-85.7261393757889,43.026005126374606],[-85.72599915452251,43.02603837138074],[-85.72585893325612,43.02607161638688],[-85.72571871198973,43.026104861393016],[-85.72557849072334,43.026138106399145],[-85.72543826945696,43.02617135140528],[-85.72529804819057,43.02620459641142],[-85.72515140547988,43.02621378142976],[-85.72500454573972,43.02622215327806],[-85.72485768599958,43.02623052512637],[-85.72471082625944,43.02623889697468],[-85.72456396651928,43.02624726882298],[-85.72441710677914,43.02625564067129],[-85.724270247039,43.0262640125196],[-85.72412338729885,43.02627238436791],[-85.72397652755872,43.0262807562162],[-85.72382966781856,43.02628912806451],[-85.72368872659804,43.02626257129034],[-85.72354917071908,43.02622783881081],[-85.72340961484014,43.02619310633128],[-85.72327005896118,43.02615837385175],[-85.72313050308222,43.02612364137221],[-85.72299094720327,43.02608890889268],[-85.72285139132431,43.026054176413155],[-85.72271183544535,43.02601944393363],[-85.72257227956639,43.02598471145409],[-85.72243272368743,43.025949978974566],[-85.72229922342437,43.02590416221738],[-85.72216594781494,43.025857934251256],[-85.72203267220553,43.02581170628512],[-85.72189939659611,43.02576547831898],[-85.72176612098669,43.02571925035286],[-85.72163284537727,43.02567302238672],[-85.72149956976786,43.025626794420596],[-85.72136629415843,43.02558056645446],[-85.72123301854901,43.02553433848833],[-85.72109974293959,43.0254881105222],[-85.72095484931421,43.02547208704998],[-85.72080848339284,43.025459891249795],[-85.72066211747149,43.02544769544961],[-85.72051575155014,43.025435499649426],[-85.72036938562879,43.02542330384924],[-85.72022301970743,43.02541110804905],[-85.72007665378608,43.02539891224887],[-85.71993028786471,43.02538671644868],[-85.71978392194336,43.0253745206485],[-85.71963755602201,43.02536232484831],[-85.71949078562561,43.02535332180605],[-85.71934388611538,43.025345337934716],[-85.71919698660514,43.025337354063375],[-85.71905008709491,43.02532937019204],[-85.71890318758467,43.02532138632069],[-85.71875628807443,43.02531340244935],[-85.71860938856419,43.025305418578014],[-85.71846248905396,43.02529743470667],[-85.71831558954372,43.02528945083534],[-85.7181686900335,43.02528146696399],[-85.71802172759209,43.02527415969693],[-85.71787472391792,43.02526729574386],[-85.71772772024374,43.0252604317908],[-85.71758071656957,43.02525356783773],[-85.7174337128954,43.02524670388467],[-85.71728670922123,43.0252398399316],[-85.71713970554705,43.02523297597854],[-85.71699270187288,43.02522611202547],[-85.71684569819871,43.02521924807241],[-85.71669869452454,43.02521238411934],[-85.71655198030247,43.025203112038376],[-85.71640562861747,43.025190823791405],[-85.71625927693246,43.02517853554443],[-85.71611292524747,43.02516624729745],[-85.71596657356247,43.02515395905046],[-85.71582022187746,43.025141670803485],[-85.71567387019246,43.025129382556514],[-85.71552751850746,43.025117094309536],[-85.71538116682245,43.02510480606256],[-85.71523481513745,43.02509251781558],[-85.71508957648382,43.02507567829405],[-85.7149466127905,43.025049536277386],[-85.71480364909715,43.02502339426073],[-85.71466068540383,43.024997252244056],[-85.71451772171051,43.02497111022739],[-85.71437475801717,43.02494496821073],[-85.71423179432384,43.02491882619406],[-85.71408883063052,43.024892684177395],[-85.71394586693718,43.02486654216074],[-85.71380290324385,43.024840400144065],[-85.71365927774588,43.02481689388667],[-85.7135130877914,43.0248036010511],[-85.71336689783692,43.02479030821553],[-85.71322070788244,43.02477701537996],[-85.71307451792796,43.02476372254438],[-85.71292832797349,43.02475042970881],[-85.71278213801901,43.02473713687324],[-85.71263594806453,43.024723844037666],[-85.71248975811005,43.0247105512021],[-85.71234356815557,43.02469725836652],[-85.71219723966661,43.024685676366374],[-85.71204994218452,43.024686060972],[-85.71190264470245,43.024686445577636],[-85.71175534722035,43.02468683018327],[-85.71160804973826,43.024687214788905],[-85.71146075225619,43.02468759939454],[-85.7113134547741,43.02468798400017],[-85.71116615729201,43.0246883686058],[-85.71101885980994,43.02468875321143],[-85.71087156232785,43.02468913781706],[-85.71072426484577,43.02468952242269],[-85.71057696720293,43.024689216016725],[-85.71042966955056,43.02468886863431],[-85.71028237189822,43.024688521251875],[-85.71013507424584,43.02468817386946],[-85.70998777659348,43.02468782648703],[-85.70984047894112,43.024687479104614],[-85.70969318128874,43.02468713172219],[-85.70954588363638,43.024686784339764],[-85.70939858598402,43.024686436957346],[-85.70925128833166,43.02468608957492],[-85.70918235247842,43.024607130606746],[-85.70913786906796,43.02450364125104],[-85.70909338565751,43.024400151895314],[-85.70877204718477,43.02430184012104],[-85.7087567,43.0238561],[-85.7086082,43.0195407],[-85.7085868,43.0189202],[-85.7085833,43.0188182],[-85.708578,43.01857],[-85.7084837,43.01594469999999],[-85.70845383010587,43.015111230387205],[-85.70817776945506,43.01499758518537],[-85.7080227,43.0149949],[-85.7076336,43.0149882],[-85.7074791,43.0149855],[-85.7066713,43.01495709999999],[-85.7059042,43.0149348],[-85.7056877,43.0149237],[-85.7048069,43.0148967],[-85.7039575,43.0148645],[-85.703393,43.0148374],[-85.7031298,43.0148258],[-85.7030049,43.0148163],[-85.701702,43.0147618],[-85.700483,43.014701],[-85.699975,43.0146789],[-85.6987239,43.0146246],[-85.6980634,43.0145959],[-85.696688,43.014537],[-85.6966004,43.0145331],[-85.6956873,43.01449230000001],[-85.6947838,43.0144488],[-85.6940568,43.01442050000001],[-85.6938274,43.0144106],[-85.693607,43.0144011],[-85.6931121,43.01437969999999],[-85.692493,43.014353],[-85.6921248,43.0143429],[-85.6914431,43.0143256],[-85.6912901,43.0143173],[-85.6901022,43.0142512],[-85.6896291,43.0142296],[-85.6890085,43.014201299999996],[-85.68894549460987,43.0141984347182],[-85.6888152600246,43.0144714282174],[-85.68882989072185,43.01483450288275],[-85.68845305908144,43.01493359951651],[-85.68837603752583,43.01502613405109],[-85.68829901597023,43.01511866858568],[-85.68822199441462,43.01521120312026],[-85.68807554330294,43.015419815798964],[-85.6878618,43.01541370000001],[-85.68719970968321,43.01537969052919],[-85.68705475421272,43.01537217255308],[-85.6859327,43.0153106],[-85.6852371,43.0152598],[-85.6835467,43.0151053],[-85.6823467,43.014989],[-85.68181951082623,43.0149730042529],[-85.681690781185,43.01472033553177],[-85.68154967726413,43.01468918498002],[-85.68140857334328,43.014658034428265],[-85.68126746942241,43.01462688387651],[-85.68112636550154,43.01459573332475],[-85.6809852615807,43.01456458277299],[-85.68085228818799,43.01451929417698],[-85.68072378619398,43.0144662303379],[-85.68059528419998,43.01441316649883],[-85.68046678220597,43.01436010265975],[-85.68033828021196,43.01430703882067],[-85.68020977821796,43.0142539749816],[-85.68008127622394,43.01420091114252],[-85.67995277422993,43.01414784730345],[-85.67982427223593,43.014094783464365],[-85.67969653174744,43.01404092774906],[-85.679586025201,43.01396915075971],[-85.67947551865458,43.01389737377037],[-85.67936501210816,43.013825596781025],[-85.67925450556174,43.013753819791674],[-85.67914399901532,43.01368204280234],[-85.67903349246889,43.013610265812986],[-85.67892298592247,43.01353848882364],[-85.67881247937605,43.0134667118343],[-85.67870197282961,43.01339493484495],[-85.6785914662832,43.0133231578556],[-85.67849054978734,43.01324424759602],[-85.67839214352364,43.01316347017587],[-85.67829373725993,43.0130826927557],[-85.67819533099623,43.01300191533555],[-85.67809692473253,43.0129211379154],[-85.67799851846883,43.01284036049524],[-85.67790011220512,43.01275958307508],[-85.67780170594142,43.01267880565492],[-85.67770329967773,43.01259802823477],[-85.67761062573257,43.01251437942232],[-85.67754493145202,43.012417216147895],[-85.67747923717148,43.012320052873456],[-85.67741354289093,43.01222288959902],[-85.6773478486104,43.01212572632459],[-85.67728215432986,43.012028563050166],[-85.67721646004931,43.01193139977573],[-85.67715076576877,43.0118342365013],[-85.67708507148824,43.011737073226875],[-85.6770193772077,43.01163990995244],[-85.67695691545569,43.0115419625948],[-85.6769314690876,43.01143503677316],[-85.67690602271952,43.01132811095153],[-85.67688057635144,43.01122118512989],[-85.67685512998334,43.01111425930826],[-85.67682968361527,43.01100733348662],[-85.67680423724717,43.010900407664984],[-85.67677879087908,43.01079348184335],[-85.676753344511,43.01068655602171],[-85.67672789814291,43.01057963020008],[-85.6767025389757,43.01047269332061],[-85.676678030685,43.01036564854251],[-85.67635843190484,43.01027647877461],[-85.6763341,43.0100583],[-85.6763039,43.0096708],[-85.67621453972782,43.00876263412952],[-85.67621082983715,43.00864895204061],[-85.676154,43.006567],[-85.67606444293904,43.003875387516594],[-85.67606088889033,43.003764236379176],[-85.6761107,43.002832],[-85.6761129,43.0026547],[-85.67611814435651,43.002246844977144],[-85.67600824065629,43.00213892474041],[-85.6759252,42.999568399999994],[-85.6759113,42.9991915],[-85.67614160329373,42.99895454025193],[-85.6761121,42.9989082],[-85.6760629,42.998780499999995],[-85.6760243,42.9986367],[-85.6760094,42.9983266],[-85.6760067,42.9980193],[-85.6760134,42.997602300000004],[-85.67602466762763,42.996929679923056],[-85.6760404336892,42.996807964209225],[-85.6760626,42.99667710000001],[-85.6761156,42.996460000000006],[-85.6761842,42.99619520000001],[-85.67624917805857,42.99594834669343],[-85.67627774578047,42.995841378665816],[-85.67636490387743,42.995522153278216],[-85.67639416054139,42.99541546116287],[-85.67663241814036,42.99456553327061],[-85.6766621392109,42.99445934441704],[-85.67683929352228,42.99382177744935],[-85.67686881286429,42.99371552466197],[-85.676956,42.9934015],[-85.677031,42.993088500000006],[-85.6770813,42.99281250000001],[-85.6771194,42.992559500000006],[-85.67715200319734,42.99231865381958],[-85.6771625711481,42.99220977913017],[-85.67718346128008,42.99199340615738],[-85.67719373582378,42.99188501047775],[-85.6772097,42.9916473],[-85.6772208,42.99140500000001],[-85.6772265,42.9912243],[-85.6772321,42.990705600000005],[-85.67722773525922,42.99014842405375],[-85.67722688282684,42.990039979756176],[-85.6771807989611,42.98515538413834],[-85.67717988597978,42.98504647235221],[-85.67717955095952,42.984720832667335],[-85.67717972771145,42.98461204441966],[-85.6771813,42.9842029],[-85.677189,42.9837203],[-85.6772156,42.983190699999994],[-85.6772907,42.9824633],[-85.6773303,42.9820375],[-85.67736764723905,42.98168052373975],[-85.67750027692543,42.98157750470339],[-85.6775338,42.9809321],[-85.6775409,42.9806633],[-85.67753230281176,42.980170299015796],[-85.67754426139574,42.980056192186375],[-85.67792570886141,42.977247876636994],[-85.677947,42.9770901],[-85.67799615590741,42.976707710471295],[-85.678024,42.9765197],[-85.6780827,42.9760655],[-85.6780953,42.9759492],[-85.6780994,42.9758512],[-85.6781005,42.9756997],[-85.6780857,42.9755226],[-85.6780641,42.9753656],[-85.67805052547683,42.97529963787257],[-85.67802438850072,42.97519131433806],[-85.6779647,42.974989],[-85.6778906,42.974796],[-85.6778505,42.9747239],[-85.6776818,42.974405600000004],[-85.67756123854389,42.974172381195885],[-85.67751105025549,42.974067733731914],[-85.6774237,42.9738838],[-85.6773481,42.9737131],[-85.6773067,42.9735959],[-85.677268,42.9734533],[-85.6772416,42.9733147],[-85.67722437716259,42.97319524499942],[-85.67721122919558,42.97307762723418],[-85.6772092,42.9730497],[-85.677214,42.9729234],[-85.6772168,42.9728164],[-85.6772353,42.9726807],[-85.6772646,42.972549],[-85.677361,42.9722585],[-85.6774208,42.972128999999995],[-85.6774934,42.9719845],[-85.6775582,42.9718713],[-85.6776137,42.9717848],[-85.6778661,42.9714508],[-85.678107,42.9711479],[-85.6782298,42.9709667],[-85.67827797746936,42.97088577658713],[-85.67825458314584,42.970758759423454],[-85.6782747,42.97073089999999],[-85.6784839,42.9704923],[-85.678542,42.9703422],[-85.6785893,42.9701865],[-85.6786254,42.97004200000001],[-85.6786561,42.9698554],[-85.6786649,42.969738099999994],[-85.678679,42.969288],[-85.67866212434626,42.9687409169858],[-85.67876923530797,42.96863091898344],[-85.6787631,42.9684089],[-85.67868364264818,42.968099818191064],[-85.67868118868707,42.96797854330487],[-85.67875,42.9667925],[-85.6787682,42.9664615],[-85.6788367,42.96517],[-85.6788491,42.964806],[-85.6788661,42.9645834],[-85.67884800657006,42.96396976324876],[-85.67883252513279,42.96385779669261],[-85.6788107,42.9637278],[-85.67876398028211,42.96353796539121],[-85.6785194984117,42.96346707565606],[-85.6784858,42.9633665],[-85.6784026,42.9631639],[-85.6783037,42.9629621],[-85.6782398,42.9628527],[-85.6781302,42.962678999999994],[-85.6779927,42.9624893],[-85.6778644,42.9623348],[-85.67791777373812,42.96211647464276],[-85.6778783,42.9620745],[-85.6777859,42.9619861],[-85.6776936,42.9618977],[-85.67755083836202,42.96177687540644],[-85.67746172703234,42.96169301046918],[-85.6771679,42.96133629999999],[-85.6769631049795,42.961163374054294],[-85.6768695682032,42.961078226881874],[-85.6768217,42.961034],[-85.676702,42.9608961],[-85.6766293,42.9608011],[-85.676572,42.960696],[-85.6765204,42.9606126],[-85.676481,42.9605186],[-85.6763599,42.9601583],[-85.6762863,42.9600326],[-85.6762332,42.959972400000005]]}},{"type":"Feature","properties":{"routeId":"33","color":"#E62A32","dir":"Westbound","trips":9,"dests":"Northridge / 3 Mile Rd"},"geometry":{"type":"LineString","coordinates":[[-85.67372014901393,42.960878365993445],[-85.674665,42.9608798],[-85.6747976,42.960903],[-85.67490882884391,42.96092252700839],[-85.67505462228569,42.960961863926144],[-85.6751144,42.9609799],[-85.6752757,42.9610285],[-85.6755541,42.9610986],[-85.6756908,42.9611408],[-85.6758214,42.9611859],[-85.676334,42.961402],[-85.67652827324065,42.961503431911034],[-85.67664929521445,42.96156760996627],[-85.6768023,42.9616497],[-85.6769408,42.961727999999994],[-85.677072,42.9618129],[-85.6773364,42.9620072],[-85.6775418,42.9621384],[-85.6776192307357,42.96218554010072],[-85.67751077941955,42.962439482436096],[-85.6775792112473,42.96253561394196],[-85.67764764307506,42.96263174544784],[-85.6777160749028,42.96272787695371],[-85.67778473056305,42.96282392126941],[-85.67785395965116,42.96291974221591],[-85.6779231887393,42.96301556316241],[-85.67799241782741,42.963111384108906],[-85.67806164691555,42.963207205055404],[-85.67813087600366,42.963303026001896],[-85.6782001050918,42.963398846948394],[-85.6785506,42.963563],[-85.6785797,42.9636685],[-85.6786127,42.9638309],[-85.6786373,42.9639703],[-85.6786538,42.96414540000001],[-85.6786604,42.9643424],[-85.6786508,42.9645021],[-85.6784896,42.964793],[-85.67841899071927,42.965192412723084],[-85.67861313978887,42.96531460659235],[-85.6785384,42.9664525],[-85.678517,42.9667859],[-85.678494434139,42.96704978695995],[-85.67848517299551,42.9671581193288],[-85.67841119673065,42.968024853463724],[-85.67840055546911,42.96813422511962],[-85.6783876,42.96823929999999],[-85.6783703,42.9683788],[-85.6782938,42.9688937],[-85.6782396,42.969260000000006],[-85.67823000690463,42.96932110384661],[-85.67821547391222,42.96942954501191],[-85.6781477,42.9700491],[-85.67813952604196,42.970188573125796],[-85.678131,42.970417],[-85.6781268,42.9706388],[-85.6781411,42.971],[-85.6781632,42.971315999999995],[-85.6781885,42.9715213],[-85.67820418512166,42.971701261784986],[-85.6782363,42.971972199999996],[-85.6782514,42.9723016],[-85.6782489,42.9725125],[-85.67824688025406,42.97268456681763],[-85.67823913412198,42.97280408386193],[-85.6782372,42.972823],[-85.6782186,42.9730048],[-85.6781811,42.9732266],[-85.6781007,42.97361320000001],[-85.6780437,42.9738605],[-85.6779185,42.9742765],[-85.67769396622964,42.97516118750533],[-85.67784729704262,42.975291742441954],[-85.6777996,42.9754878],[-85.6777134,42.9758781],[-85.6776366,42.9762829],[-85.6776084,42.9764225],[-85.6775883,42.9764875],[-85.67751349466427,42.97666654535245],[-85.67750098419685,42.97679241139131],[-85.67748668962214,42.97700906353948],[-85.67747961457437,42.97711745626058],[-85.67734681371093,42.97917716972496],[-85.67734008659862,42.97928562627227],[-85.67731355527607,42.97971937105841],[-85.6773068143095,42.97982780114512],[-85.67725798795564,42.980478147140275],[-85.67724928047976,42.98058656401819],[-85.677117,42.981935],[-85.6770283,42.9827986],[-85.6769977,42.9831954],[-85.6769762,42.9835724],[-85.6769673,42.9838069],[-85.6769584,42.984163],[-85.67695308131957,42.984598957412764],[-85.67695288103589,42.98470828593746],[-85.67695705739993,42.985033791751384],[-85.67695819816181,42.98514226477772],[-85.6770016,42.9894703],[-85.6770074,42.99136419999999],[-85.6770069,42.99165309999999],[-85.6769986582572,42.99187297792393],[-85.67698980993306,42.99198305672227],[-85.6769792,42.9921123],[-85.67696943352665,42.99220043079524],[-85.67695728148782,42.992308936597915],[-85.6769278,42.992538],[-85.6768724,42.9928774],[-85.6768209,42.9931322],[-85.6767646,42.993357],[-85.67669940733803,42.99359676069051],[-85.67666995217455,42.993702965418585],[-85.67648638212053,42.99434005138711],[-85.67645620940398,42.99444652889684],[-85.67619337535785,42.99540415082365],[-85.67616476004486,42.99551078391798],[-85.67607945794059,42.99583033166844],[-85.67605086447136,42.99593676885929],[-85.67596463394908,42.996256182004494],[-85.67593646000036,42.99636296534974],[-85.6758372,42.9967488],[-85.6757011,42.9973085],[-85.6756744,42.9974492],[-85.6756296,42.9976963],[-85.67560396227647,42.99786470210276],[-85.6755879693354,42.9979742293894],[-85.6755089,42.99865230000001],[-85.6754822,42.9989929],[-85.675477,42.9991374],[-85.6754537,42.9995605],[-85.6753701,43.0014222],[-85.67535,43.001762],[-85.67486792743678,43.008927351280455],[-85.6748638961381,43.00903714319713],[-85.6748347,43.0101632],[-85.6748167,43.0107074],[-85.6748122,43.0109684],[-85.6748105,43.01127439999999],[-85.6748245,43.0114995],[-85.6748771,43.0119148],[-85.6749751,43.0122911],[-85.6751263,43.01267430000001],[-85.6752259,43.0128956],[-85.6753362,43.0131032],[-85.6754395,43.0132619],[-85.6756002,43.013486],[-85.67571357916727,43.013627903735774],[-85.67605899823626,43.01360379486805],[-85.67614051565035,43.01369421330021],[-85.67622203306445,43.01378463173237],[-85.67630355047855,43.01387505016454],[-85.67638506789265,43.01396546859671],[-85.67646658530676,43.01405588702888],[-85.67631405473227,43.01429226595308],[-85.6765288,43.0144793],[-85.6768848,43.01475359999999],[-85.6772659,43.0150315],[-85.6780931,43.0154627],[-85.6782831,43.01555],[-85.678426,43.0156099],[-85.6786287,43.0156902],[-85.6788506,43.0157729],[-85.679035,43.0158341],[-85.6792561,43.0159039],[-85.67944639889193,43.015956990982],[-85.679600986001,43.01599289115352],[-85.6797628,43.016030099999995],[-85.68018141686093,43.016106235049705],[-85.68033156962275,43.01613115627886],[-85.68104554713989,43.016236682039825],[-85.681189715488,43.016257805598045],[-85.6819791,43.01637229999999],[-85.68262961731256,43.01647434971727],[-85.6828552,43.01651759999999],[-85.6846367,43.0167956],[-85.68507871310241,43.016856964417144],[-85.68522350902789,43.01687716721266],[-85.6860194,43.0169907],[-85.68623424623487,43.01703412357817],[-85.68637652654625,43.017056758608156],[-85.68955281626835,43.017523910387155],[-85.68971552536993,43.01757150766926],[-85.6898652,43.0176256],[-85.690128,43.0176764],[-85.69034395874398,43.017721747452086],[-85.6903676442099,43.018010743107205],[-85.6904740258752,43.018085828841414],[-85.69058040754051,43.018160914575624],[-85.69068678920583,43.01823600030984],[-85.69079317087113,43.01831108604405],[-85.69089848522297,43.01838648742708],[-85.69089203787952,43.01849494137391],[-85.69088559053608,43.018603395320746],[-85.69087914319265,43.018711849267575],[-85.69087269584921,43.01882030321441],[-85.69084652998063,43.01891618727753],[-85.69070183681379,43.018936514251834],[-85.69055714364694,43.01895684122614],[-85.69041245048011,43.01897716820044],[-85.69026775731326,43.018997495174744],[-85.69012306414642,43.01901782214905],[-85.68997837097957,43.019038149123354],[-85.68983367781273,43.01905847609767],[-85.68973507837413,43.01900642449567],[-85.68966384205567,43.01891140601391],[-85.68959260573722,43.018816387532155],[-85.68952136941876,43.018721369050404],[-85.6894501331003,43.01862635056864],[-85.68937889678183,43.01853133208689],[-85.68930766046337,43.01843631360512],[-85.6889532701079,43.018338967326606],[-85.6889513,43.0177879],[-85.6889403,43.0174678],[-85.6889279,43.017104],[-85.6889088,43.0167658],[-85.688905,43.0165371],[-85.6888904,43.0161906],[-85.688870187133,43.015634452609554],[-85.68889305588637,43.01547732184258],[-85.6890509,43.0151813],[-85.6890975,43.0150588],[-85.689171,43.0149567],[-85.6891863,43.0149354],[-85.6893305,43.0148161],[-85.68921281053217,43.01455344084],[-85.68931896234808,43.014503188901465],[-85.68946203694058,43.01447737853058],[-85.68962376731261,43.01422935682396],[-85.6901022,43.0142512],[-85.6912901,43.0143173],[-85.6914431,43.0143256],[-85.6921248,43.0143429],[-85.692493,43.014353],[-85.6931121,43.01437969999999],[-85.693607,43.0144011],[-85.6938274,43.0144106],[-85.6940568,43.01442050000001],[-85.6947838,43.0144488],[-85.6956873,43.01449230000001],[-85.6966004,43.0145331],[-85.696688,43.014537],[-85.6980634,43.0145959],[-85.6987239,43.0146246],[-85.699975,43.0146789],[-85.700483,43.014701],[-85.701702,43.0147618],[-85.7030049,43.0148163],[-85.7031298,43.0148258],[-85.703393,43.0148374],[-85.7039575,43.0148645],[-85.7048069,43.0148967],[-85.7056877,43.0149237],[-85.7059042,43.0149348],[-85.7066713,43.01495709999999],[-85.7074791,43.0149855],[-85.7076336,43.0149882],[-85.7080227,43.0149949],[-85.7083461,43.0150005],[-85.7084544,43.01499859999999],[-85.7086097,43.0149978],[-85.709644,43.0150055],[-85.7100971,43.015005],[-85.7106126,43.0150069],[-85.7112251,43.015006],[-85.7113941,43.0150068],[-85.711842,43.0150091],[-85.7122443,43.0150097],[-85.7126562,43.01501050000001],[-85.7129302,43.0150107],[-85.7130085,43.01501079999999],[-85.7135233,43.0150111],[-85.714362,43.0150116],[-85.7147911,43.015012899999995],[-85.7170475,43.015011],[-85.7185056,43.01500980000001],[-85.720543,43.0150494],[-85.7209024,43.0150515],[-85.7220539,43.0150735],[-85.7227499,43.015081200000004],[-85.7236834,43.0150902],[-85.723873,43.015091999999996],[-85.7240911,43.0150873],[-85.725525,43.015075],[-85.7264979,43.0150747],[-85.7274382,43.0150743],[-85.7280586,43.0150741],[-85.72844,43.015074],[-85.7294408,43.0150636],[-85.7305225,43.0150657],[-85.7308629,43.0150663],[-85.7309006,43.0150664],[-85.731264,43.015072],[-85.7322412,43.01510729999999],[-85.732584,43.0151127],[-85.7334206,43.0151406],[-85.7337069,43.015148100000005],[-85.7342439,43.0151648],[-85.7352555,43.0151984],[-85.735831,43.015218],[-85.7365208,43.0152371],[-85.7366323,43.0152402],[-85.7373728,43.0152608],[-85.7379052,43.0152756],[-85.7381863,43.0152834],[-85.738497,43.015292],[-85.7387372,43.0152985],[-85.7390717,43.0153075],[-85.7396054,43.0153219],[-85.739982,43.015332],[-85.7401366,43.0153361],[-85.7408021,43.015354],[-85.7411219,43.0153626],[-85.741815,43.0153811],[-85.7421831,43.015390999999994],[-85.7422916,43.015394500000006],[-85.74242,43.0153973],[-85.743382,43.015423],[-85.7440404,43.0154395],[-85.7441543,43.0154424],[-85.7448129,43.0154589],[-85.7451791,43.0154681],[-85.7456388,43.0154797],[-85.7458421,43.0154848],[-85.7461486,43.0154925],[-85.746327,43.0154968],[-85.746486,43.015501],[-85.7468927,43.0155108],[-85.7470157,43.0155138],[-85.7473514,43.01552199999999],[-85.7474523,43.0155244],[-85.7476774,43.0155298],[-85.7481703,43.0155417],[-85.7483979,43.0155472],[-85.748471,43.015549],[-85.7496761,43.0155688],[-85.750177,43.015577],[-85.7505166,43.0155866],[-85.7508681,43.0155965],[-85.7511229,43.0156036],[-85.751955,43.015627],[-85.7525746,43.0156422],[-85.7529941,43.0156525],[-85.753054,43.015654],[-85.7533617,43.01566110000001],[-85.7536735,43.0156683],[-85.7540489,43.015677],[-85.754395,43.015685],[-85.7550423,43.015699399999995],[-85.7551173,43.0157011],[-85.7556696,43.0157134],[-85.755956,43.0157198],[-85.7566819,43.015736],[-85.757084,43.015745],[-85.757248,43.01575],[-85.7582606,43.0157713],[-85.7591933,43.0157933],[-85.760117,43.015811],[-85.7608834,43.015827300000005],[-85.7610525,43.0158309],[-85.7613224,43.015836699999994],[-85.7617086,43.015845],[-85.7618577,43.01584819999999],[-85.762833,43.015869],[-85.7632259,43.01587849999999],[-85.7646618,43.015906],[-85.7653872,43.0159148],[-85.7660023,43.0159229],[-85.7661088,43.0159243],[-85.7664195,43.0159284],[-85.7669105,43.0159349],[-85.7672149,43.0159389],[-85.7674512,43.015942],[-85.7680431,43.0159498],[-85.768136,43.015950999999994],[-85.7682719,43.0159511],[-85.7697899,43.0159519],[-85.770062,43.015952],[-85.7705896,43.0159589],[-85.770823,43.015962],[-85.7715122,43.015963899999996],[-85.772975,43.015968],[-85.7736565,43.015969],[-85.7742919,43.0159699],[-85.774389,43.01597],[-85.7746708,43.015972],[-85.7749477,43.0159739],[-85.7755766,43.0159784],[-85.7757345,43.0159795],[-85.7764968,43.0159849],[-85.7771304,43.0159894],[-85.77717980376775,43.015990212516286],[-85.77729823363462,43.016117951594794],[-85.77739912693183,43.01619704499885],[-85.77750002022904,43.016276138402915],[-85.77760091352623,43.01635523180697],[-85.77770180682344,43.01643432521104],[-85.77780270012065,43.01651341861509],[-85.77790359341786,43.01659251201916],[-85.7780072,43.0166003],[-85.7780099,43.0161316],[-85.7781601,43.0161326],[-85.7781842,43.0165473],[-85.7781829,43.0166454],[-85.7780676,43.016815],[-85.778022,43.016923],[-85.77785161886935,43.01719803146979],[-85.77798611578052,43.01734795611515],[-85.77799682201145,43.01745622696987],[-85.7780103709462,43.01756431660813],[-85.77802504940925,43.01767233424131],[-85.77803972787227,43.0177803518745],[-85.7780544063353,43.01788836950768],[-85.77806908479835,43.017996387140876],[-85.77808376326136,43.01810440477406],[-85.7780984417244,43.018212422407245],[-85.77811312018743,43.018320440040426],[-85.77812779865046,43.018428457673615],[-85.77817476067216,43.01852864955311],[-85.778229,43.01862],[-85.778291,43.01877399999999],[-85.778309,43.01893],[-85.7783133,43.0191179],[-85.7783198,43.019403000000004],[-85.7783212,43.019462],[-85.778325,43.019626],[-85.778382,43.020104],[-85.77850452565285,43.0202707366896]]}},{"type":"Feature","properties":{"routeId":"34","color":"#A68FC3","dir":"Eastbound","trips":8,"dests":"Central Station"},"geometry":{"type":"LineString","coordinates":[[-85.7602683414451,43.02650724487801],[-85.7604891,43.0264727],[-85.7605742,43.0264629],[-85.7606447,43.02645830000001],[-85.7607475,43.02645369999999],[-85.7613007,43.026441899999995],[-85.7624628,43.0264194],[-85.76262754476797,43.02641444240282],[-85.76277394475943,43.02644877326826],[-85.76287856250167,43.02652519331981],[-85.76298318024392,43.026601613371355],[-85.76308779798619,43.02667803342291],[-85.76319241572844,43.02675445347445],[-85.76329703347068,43.02683087352601],[-85.76340165121293,43.02690729357755],[-85.76361106483371,43.026983279037395],[-85.7636226,43.027688],[-85.76363,43.028138],[-85.7636258,43.0282497],[-85.76361,43.028665],[-85.7636046,43.0287093],[-85.763558,43.029090999999994],[-85.76352179077944,43.02947047951763],[-85.7632042885781,43.02956017099297],[-85.76316180606337,43.02966411598716],[-85.76311932354864,43.02976806098133],[-85.76302391216447,43.02984755766054],[-85.76291550053126,43.02992104940922],[-85.76280708889804,43.0299945411579],[-85.76269867726484,43.03006803290657],[-85.76259026563163,43.03014152465525],[-85.76248185399842,43.03021501640393],[-85.7623734423652,43.03028850815261],[-85.762265030732,43.03036199990129],[-85.7621566190988,43.03043549164997],[-85.76201457320516,43.03050528076914],[-85.7617633,43.0305015],[-85.7611905,43.03049289999999],[-85.7609833,43.030489800000005],[-85.7605711,43.0304836],[-85.7591604,43.0304624],[-85.7591039,43.03046160000001],[-85.758735,43.030455999999994],[-85.758385,43.0304507],[-85.7571824,43.0304327],[-85.7561789,43.0304176],[-85.7551559,43.0304022],[-85.7549865,43.0303997],[-85.754781,43.0303966],[-85.7542025,43.0303879],[-85.7537276,43.0303808],[-85.7532094,43.030373],[-85.7525826,43.0303636],[-85.7522221,43.0303582],[-85.75128696354567,43.03034415891209],[-85.75115196722149,43.03010613803565],[-85.75101128006142,43.03007397990674],[-85.75087059290135,43.030041821777836],[-85.75072990574128,43.030009663648926],[-85.75058921858123,43.029977505520016],[-85.75044853142116,43.02994534739111],[-85.75030892456981,43.029910919674734],[-85.75017181049576,43.02987125495897],[-85.75003469642172,43.029831590243205],[-85.74989758234766,43.02979192552744],[-85.7497604682736,43.029752260811684],[-85.74962335419956,43.02971259609591],[-85.7494862401255,43.029672931380155],[-85.74934912605147,43.02963326666438],[-85.7492120119774,43.029593601948626],[-85.74912693958025,43.029517276593644],[-85.74907936338259,43.02941453712743],[-85.74874021325724,43.029317672072814],[-85.74868484232991,43.02782489971252],[-85.74881038556457,43.027733215558776],[-85.74890284349476,43.02764870725332],[-85.74899530142497,43.02756419894786],[-85.74908775935518,43.0274796906424],[-85.74918021728539,43.027395182336946],[-85.74927267521558,43.02731067403149],[-85.74936513314579,43.027226165726034],[-85.74947122201793,43.027154740435186],[-85.74960587100114,43.0271107272155],[-85.74974051998434,43.02706671399581],[-85.74988274238171,43.02680968506463],[-85.75054770667148,43.02682252627225],[-85.7506671227578,43.0267440894073],[-85.75075373173225,43.02665627975915],[-85.75084034070669,43.026568470110995],[-85.75092694968113,43.02648066046284],[-85.75101355865556,43.02639285081468],[-85.75110016763,43.02630504116652],[-85.75118677660444,43.026217231518366],[-85.75127338557888,43.02612942187022],[-85.75129553235894,43.02604193122401],[-85.7512738,43.0252233],[-85.7512576,43.0249988],[-85.7512502,43.0248921],[-85.7512374,43.0247932],[-85.751213,43.0246889],[-85.7511886,43.024608],[-85.7511426,43.0244891],[-85.75110704102933,43.02440209597303],[-85.75075969129878,43.02436938102606],[-85.7506687163263,43.02428400300939],[-85.75057774135381,43.02419862499272],[-85.75048676638133,43.02411324697606],[-85.75039579140885,43.02402786895939],[-85.75030481643637,43.023942490942716],[-85.75021384146389,43.023857112926045],[-85.75012286649141,43.02377173490939],[-85.75003189151893,43.02368635689272],[-85.7499166411293,43.02362166752981],[-85.74978888078257,43.02356763974152],[-85.74966112043585,43.02351361195323],[-85.74953336008912,43.02345958416494],[-85.74940559974239,43.023405556376645],[-85.74927783939567,43.023351528588364],[-85.74915007904895,43.02329750080007],[-85.74902231870222,43.02324347301178],[-85.74889455835549,43.02318944522349],[-85.74882668130086,43.02293602250202],[-85.7486943,43.022918100000005],[-85.7483205,43.0228768],[-85.7479111,43.0228271],[-85.7474718,43.0227812],[-85.7465205,43.0226803],[-85.7463069,43.0226554],[-85.7458278,43.0226022],[-85.7456406,43.02257689999999],[-85.7454796,43.022550100000004],[-85.745288,43.0225154],[-85.7451527,43.0224865],[-85.7450829,43.0224701],[-85.744919,43.02243200000001],[-85.744723,43.02238320000001],[-85.7446021,43.0223491],[-85.7444383,43.0223028],[-85.744233,43.0222409],[-85.7441236,43.0222039],[-85.7440142,43.0221648],[-85.7436774,43.0220348],[-85.7431824,43.0218506],[-85.7428594,43.021731],[-85.7419311,43.0213871],[-85.7416458,43.0212815],[-85.7408063,43.0209705],[-85.7404299,43.0208223],[-85.740165,43.020733],[-85.7400651,43.0207057],[-85.7399346,43.020673900000006],[-85.73986036751529,43.02066120634667],[-85.73965842313369,43.02086395350176],[-85.73951381090485,43.02088459095319],[-85.739369198676,43.02090522840463],[-85.73922458644716,43.020925865856064],[-85.73907997421833,43.020946503307506],[-85.73893818336909,43.02097335546953],[-85.73880583736648,43.021021011988665],[-85.7386734913639,43.021068668507816],[-85.73854114536132,43.02111632502695],[-85.73840879935874,43.02116398154609],[-85.73827645335615,43.02121163806523],[-85.73814410735356,43.02125929458437],[-85.7378112530905,43.02118924246766],[-85.7377645,43.0212325],[-85.7376558,43.0213468],[-85.7375281,43.0214898],[-85.7370248,43.022073],[-85.73695515808346,43.02214408620775],[-85.73660713906435,43.022090260867756],[-85.73649942467,43.0221643073845],[-85.73639171027564,43.02223835390125],[-85.7362839958813,43.022312400417995],[-85.73617628148695,43.02238644693474],[-85.73606856709259,43.02246049345149],[-85.73596085269824,43.022534539968234],[-85.73599657839968,43.02279068767958],[-85.7359477,43.0228116],[-85.7358018,43.0228663],[-85.7356778,43.02290730000001],[-85.7342122,43.023319199999996],[-85.7341754,43.02332929999999],[-85.7333917,43.0235492],[-85.7325848,43.023776399999996],[-85.7323338,43.0238488],[-85.7322284,43.02388299999999],[-85.7321338,43.02391720000001],[-85.7319411,43.0239912],[-85.7318404,43.0240358],[-85.7317451,43.0240816],[-85.7316459,43.0241362],[-85.7315345,43.0242072],[-85.7313037,43.0243592],[-85.7308879,43.0246416],[-85.730776,43.0247111],[-85.7306879,43.02476149999999],[-85.730589,43.02481000000001],[-85.7304389,43.0248791],[-85.7302928,43.0249388],[-85.7301612,43.0249834],[-85.7300323,43.025022199999995],[-85.7297435,43.025098],[-85.729577,43.0251378],[-85.7289414,43.0252829],[-85.7286947,43.0253398],[-85.7280316,43.025514],[-85.7278719,43.0255602],[-85.72752252357502,43.02557475228156],[-85.72738613319501,43.02561574983252],[-85.727249742815,43.02565674738349],[-85.72711335243501,43.02569774493446],[-85.726976962055,43.02573874248544],[-85.72684057167501,43.025779740036405],[-85.726704181295,43.02582073758738],[-85.726567790915,43.02586173513835],[-85.72643140053499,43.025902732689325],[-85.72629468402272,43.025942987627495],[-85.72615156500912,43.02596866388193],[-85.72600844599555,43.025994340136364],[-85.72586532698195,43.026020016390795],[-85.72572220796836,43.02604569264523],[-85.72557908895477,43.026071368899665],[-85.72543596994117,43.02609704515409],[-85.72529285092759,43.02612272140853],[-85.725149731914,43.02614839766296],[-85.72500610489827,43.026171417209106],[-85.72485893161432,43.026175890769935],[-85.72471175833037,43.02618036433077],[-85.72456458504644,43.0261848378916],[-85.72441741176249,43.02618931145243],[-85.72427023847854,43.02619378501326],[-85.7241230651946,43.02619825857409],[-85.72397589191065,43.026202732134934],[-85.72382871862669,43.02620720569576],[-85.72368212347644,43.026207402412915],[-85.72353904048164,43.026181617353565],[-85.72339595748686,43.02615583229422],[-85.72325287449206,43.02613004723488],[-85.72310979149727,43.02610426217554],[-85.72296670850248,43.02607847711619],[-85.72282362550769,43.02605269205684],[-85.7226805425129,43.026026906997494],[-85.72253745951811,43.026001121938144],[-85.72239830208927,43.02596704006955],[-85.72226448797113,43.02592166494282],[-85.72213067385302,43.02587628981608],[-85.72199685973487,43.02583091468935],[-85.72186304561676,43.02578553956262],[-85.72172923149861,43.02574016443588],[-85.72159541738048,43.02569478930915],[-85.72146160326236,43.02564941418242],[-85.72132778914423,43.02560403905568],[-85.721189704026,43.02556779351188],[-85.72104637955074,43.025542747486604],[-85.72090305507547,43.02551770146132],[-85.72075973060021,43.02549265543603],[-85.72061640612495,43.02546760941075],[-85.72047308164969,43.02544256338547],[-85.72032975717443,43.025417517360175],[-85.72018643269915,43.02539247133489],[-85.7200431082239,43.025367425309604],[-85.71989741982138,43.02535409227323],[-85.71975040904434,43.02534731145112],[-85.71960339826731,43.025340530629],[-85.7194563874903,43.02533374980689],[-85.71930937671326,43.02532696898477],[-85.71916236593623,43.025320188162645],[-85.71901535515921,43.02531340734053],[-85.71886834438217,43.025306626518415],[-85.71872133360515,43.0252998456963],[-85.71857440413157,43.02529219361319],[-85.71842751791644,43.02528407796574],[-85.71828063170129,43.0252759623183],[-85.71813374548616,43.02526784667084],[-85.71798685927102,43.025259731023404],[-85.71783997305587,43.02525161537596],[-85.71769308684074,43.02524349972851],[-85.71754620062559,43.025235384081064],[-85.71739931441046,43.02522726843362],[-85.71725315414976,43.02521424825133],[-85.7171073484896,43.02519883239438],[-85.71696154282947,43.02518341653744],[-85.71681573716933,43.02516800068051],[-85.71666993150917,43.025152584823566],[-85.71652412584902,43.025137168966616],[-85.71637832018888,43.02512175310969],[-85.71623251452873,43.025106337252744],[-85.71608670886859,43.02509092139581],[-85.71594091943268,43.02507542252834],[-85.71579513782079,43.02505988362968],[-85.7156493562089,43.02504434473102],[-85.71550357459702,43.02502880583236],[-85.71535779298515,43.025013266933705],[-85.71521201137325,43.024997728035046],[-85.71506622976138,43.02498218913639],[-85.71492044814948,43.024966650237744],[-85.71477466653761,43.024951111339085],[-85.71462981688416,43.0249315799577],[-85.71448537045298,43.02491032118396],[-85.71434092402178,43.02488906241021],[-85.7141964775906,43.02486780363647],[-85.71405203115941,43.02484654486274],[-85.71390758472822,43.024825286089],[-85.71376313829704,43.024804027315255],[-85.71361869186585,43.024782768541506],[-85.71347424543467,43.02476150976778],[-85.71332797779473,43.02474982542944],[-85.71318116780823,43.02474099230866],[-85.71303435782171,43.024732159187856],[-85.7128875478352,43.024723326067075],[-85.71274073784869,43.02471449294628],[-85.71259392786217,43.024705659825486],[-85.71244711787566,43.0246968267047],[-85.71230030788914,43.0246879935839],[-85.71215349790263,43.024679160463116],[-85.71200627790081,43.024676962787],[-85.71185898622453,43.0246759250475],[-85.71171169454826,43.02467488730799],[-85.711564402872,43.02467384956848],[-85.71141711119571,43.024672811828985],[-85.71126981951944,43.02467177408948],[-85.71112252784317,43.02467073634997],[-85.7109752361669,43.02466969861047],[-85.71082794449063,43.024668660870965],[-85.7106806467879,43.02466865562595],[-85.71053334844872,43.02466875942362],[-85.71038605010953,43.0246688632213],[-85.71023875177033,43.02466896701897],[-85.71009145343115,43.024669070816635],[-85.70994415509196,43.02466917461432],[-85.70979685675277,43.024669278411984],[-85.70964955841359,43.02466938220966],[-85.7095022600744,43.02466948600733],[-85.70940721631165,43.02458863599609],[-85.70931439351396,43.02450434522246],[-85.70922157071627,43.024420054448825],[-85.70912874791858,43.0243357636752],[-85.70903592512092,43.02425147290157],[-85.70894310232323,43.02416718212794],[-85.70876437544787,43.02407902395052],[-85.7087567,43.0238561],[-85.7086082,43.0195407],[-85.7085868,43.0189202],[-85.7085833,43.0188182],[-85.708578,43.01857],[-85.7084837,43.01594469999999],[-85.70846802429578,43.01550729559973],[-85.70842612208197,43.01541685881465],[-85.70829562236901,43.015366512679],[-85.70816512265603,43.01531616654335],[-85.70803462294306,43.01526582040769],[-85.70791117674523,43.014992979656114],[-85.7076336,43.0149882],[-85.7074791,43.0149855],[-85.7066713,43.01495709999999],[-85.7059042,43.0149348],[-85.7056877,43.0149237],[-85.7048069,43.0148967],[-85.7039575,43.0148645],[-85.703393,43.0148374],[-85.7031298,43.0148258],[-85.7030049,43.0148163],[-85.701702,43.0147618],[-85.700483,43.014701],[-85.699975,43.0146789],[-85.6987239,43.0146246],[-85.6980634,43.0145959],[-85.696688,43.014537],[-85.6966004,43.0145331],[-85.6956873,43.01449230000001],[-85.6947838,43.0144488],[-85.6940568,43.01442050000001],[-85.6938274,43.0144106],[-85.693607,43.0144011],[-85.6931121,43.01437969999999],[-85.692493,43.014353],[-85.6921248,43.0143429],[-85.6914431,43.0143256],[-85.6912901,43.0143173],[-85.6901022,43.0142512],[-85.6896291,43.0142296],[-85.6890085,43.014201299999996],[-85.6888096594555,43.01433244476984],[-85.68883413986688,43.0149399494575],[-85.68856402625669,43.01503037130483],[-85.6884309758174,43.01507695024226],[-85.68829792537811,43.0151235291797],[-85.6881648749388,43.015170108117125],[-85.68802120588833,43.015418261052226],[-85.6878618,43.01541370000001],[-85.68718894333612,43.015379137496225],[-85.68704184388005,43.01537146410055],[-85.6859327,43.0153106],[-85.6852371,43.0152598],[-85.6835467,43.0151053],[-85.6823467,43.014989],[-85.68193669276451,43.01497655973686],[-85.68174737182594,43.014962022350026],[-85.6812593,43.0148595],[-85.68089685627758,43.014764763340615],[-85.68086584984421,43.01451526757973],[-85.68074427422536,43.01445397651327],[-85.68062269860651,43.014392685446815],[-85.68050112298765,43.014331394380356],[-85.68037954736879,43.01427010331389],[-85.68025797174994,43.01420881224743],[-85.68013639613109,43.01414752118097],[-85.68001490872491,43.01408613558231],[-85.679893750514,43.01402439720502],[-85.67977259230307,43.01396265882774],[-85.67965143409212,43.01390092045045],[-85.6795302758812,43.013839182073156],[-85.67940911767028,43.01377744369587],[-85.67928795945933,43.01371570531858],[-85.6791668012484,43.0136539669413],[-85.67904564303748,43.01359222856401],[-85.67892448482654,43.01353049018672],[-85.67880332661561,43.013468751809434],[-85.67868216840468,43.01340701343215],[-85.67856101019375,43.01334527505486],[-85.67822455414142,43.01343875704963],[-85.6781459,43.0133795],[-85.6778405950807,43.0131061104281],[-85.67774661292815,43.013019916276924],[-85.677438,43.0127035],[-85.6771971,43.01240390000001],[-85.67704758375758,43.01216257896297],[-85.67728708391365,43.01196440616801],[-85.67724976876347,43.011859389358776],[-85.67721245361331,43.01175437254955],[-85.67717513846313,43.01164935574031],[-85.67713782331296,43.01154433893108],[-85.67710050816278,43.01143932212185],[-85.67706319301261,43.01133430531262],[-85.67702587786243,43.011229288503394],[-85.67698911448434,43.01112416628642],[-85.67695251080549,43.01101901356131],[-85.67691590712666,43.0109138608362],[-85.67687930344782,43.01080870811109],[-85.67684269976898,43.01070355538598],[-85.67680609609015,43.01059840266087],[-85.67676949241131,43.010493249935756],[-85.67673288873247,43.01038809721065],[-85.67669628505364,43.01028294448554],[-85.67665987536937,43.01017775520519],[-85.67633762143572,43.01008987593029],[-85.6763341,43.0100583],[-85.6763039,43.0096708],[-85.67621824779675,43.00880031912722],[-85.67621188564499,43.00868763139281],[-85.676154,43.006567],[-85.67606207560863,43.00380423806145],[-85.67606474753181,43.00369202024138],[-85.6761107,43.002832],[-85.6761129,43.0026547],[-85.6761203,43.0020792],[-85.6761377,43.0016852],[-85.67615726214552,43.00152929562814],[-85.67598490610065,43.00141660322629],[-85.6759252,42.999568399999994],[-85.6759113,42.9991915],[-85.67615956390615,42.99898275063795],[-85.6761121,42.9989082],[-85.6760629,42.998780499999995],[-85.6760243,42.9986367],[-85.6760094,42.9983266],[-85.6760067,42.9980193],[-85.6760134,42.997602300000004],[-85.67602397469621,42.996971044406386],[-85.67603307631433,42.996851400261995],[-85.6760626,42.99667710000001],[-85.6761156,42.996460000000006],[-85.6761842,42.99619520000001],[-85.67623850371466,42.995988898799006],[-85.67626675310761,42.9958816404473],[-85.67638295274104,42.99545604748101],[-85.67641271475266,42.99534927338237],[-85.6766510362466,42.99449911755979],[-85.6766805914753,42.99439293590477],[-85.6768576759326,42.99375562033742],[-85.67688703969651,42.993649876504314],[-85.676956,42.9934015],[-85.677031,42.993088500000006],[-85.6770813,42.99281250000001],[-85.6771194,42.992559500000006],[-85.67714607817832,42.99236242309115],[-85.67715842833792,42.99225268896696],[-85.67718979159591,42.991927838871554],[-85.67719821501171,42.99181831427677],[-85.6772097,42.9916473],[-85.6772208,42.99140500000001],[-85.6772265,42.9912243],[-85.6772321,42.990705600000005],[-85.67722721771841,42.99008235797767],[-85.67723504585088,42.98997100867685],[-85.6773445,42.9890198],[-85.6773704402769,42.98878426228572],[-85.67721397198021,42.9886715124216],[-85.67718017622497,42.985089378082485],[-85.67717981790867,42.9849803072254],[-85.67717959456695,42.98476321908153],[-85.67717956515888,42.98465434420695],[-85.6771813,42.9842029],[-85.677189,42.9837203],[-85.6772156,42.983190699999994],[-85.6772907,42.9824633],[-85.67731938553281,42.982154858083994],[-85.67747940325386,42.98205125335848],[-85.6774814,42.9818999],[-85.6774946,42.9816868],[-85.6775338,42.9809321],[-85.6775409,42.9806633],[-85.67753304437525,42.98021282356357],[-85.67753878737881,42.98009649332414],[-85.6779283,42.9772288],[-85.67794903896127,42.9770742386828],[-85.67799063085963,42.97675069046146],[-85.67799940933547,42.97663702450546],[-85.6779892,42.9760875],[-85.6779905,42.9759586],[-85.6779871,42.9758153],[-85.6779729,42.9756491],[-85.6779478,42.9754785],[-85.6780371,42.9752344],[-85.6779647,42.974989],[-85.6778906,42.974796],[-85.6778505,42.9747239],[-85.67784460875535,42.97456763955017],[-85.6779185,42.9742765],[-85.6780437,42.9738605],[-85.67809577608709,42.9736345628713],[-85.6778229699742,42.973494081121075],[-85.67780572766331,42.973386269447815],[-85.67778848535244,42.97327845777455],[-85.67777124304155,42.97317064610129],[-85.67775400073066,42.97306283442802],[-85.67773675841978,42.97295502275476],[-85.6777195161089,42.97284721108149],[-85.67770227379802,42.97273939940823],[-85.67768503148713,42.97263158773497],[-85.67768432683938,42.97252348358686],[-85.67769453260787,42.9724151864839],[-85.67770473837636,42.972306889380945],[-85.67771494414485,42.97219859227799],[-85.67772514991333,42.97209029517503],[-85.6776137,42.9717848],[-85.6777119,42.9716578],[-85.67781,42.9715308],[-85.6778611762399,42.971457821404776],[-85.67779335664449,42.9713074585661],[-85.6778305,42.9712637],[-85.6779794,42.9711012],[-85.67809788287684,42.97096077895091],[-85.67813362539333,42.97081120084403],[-85.6781268,42.9706388],[-85.678131,42.970417],[-85.67813995460132,42.97017709130661],[-85.6781477,42.9700491],[-85.67819271258602,42.96963761759798],[-85.6786708285093,42.969548850210316],[-85.678679,42.969288],[-85.67866082715946,42.968698864163976],[-85.67876807696891,42.9685890020557],[-85.6787631,42.9684089],[-85.67869995078607,42.968163255351314],[-85.67867729146145,42.9680457165376],[-85.67875,42.9667925],[-85.6787682,42.9664615],[-85.6788367,42.96517],[-85.6788491,42.964806],[-85.6786508,42.9645021],[-85.6786604,42.9643424],[-85.6786538,42.96414540000001],[-85.6786373,42.9639703],[-85.6786127,42.9638309],[-85.6785797,42.9636685],[-85.6785506,42.963563],[-85.67870922366642,42.96337092666635],[-85.6786855,42.9632996],[-85.6785231,42.9629412],[-85.6783086,42.962581],[-85.6781119,42.9623229],[-85.6778783,42.9620745],[-85.6777859,42.9619861],[-85.6776936,42.9618977],[-85.67752176261743,42.96175226750005],[-85.67743473206025,42.96166023816405],[-85.6771679,42.96133629999999],[-85.677025602316,42.961216145899],[-85.67692834983649,42.96113286487405],[-85.6768848,42.9610923],[-85.6768217,42.961034],[-85.676702,42.9608961],[-85.6766293,42.9608011],[-85.676572,42.960696],[-85.6765204,42.9606126],[-85.676481,42.9605186],[-85.6763599,42.9601583],[-85.6762863,42.9600326],[-85.67627277848037,42.960017270518236],[-85.6760845,42.9598704],[-85.6759599,42.95980620000001],[-85.67587677530886,42.95977569012853]]}},{"type":"Feature","properties":{"routeId":"1","color":"#913F98","dir":"Southbound","trips":6,"dests":"UM Health - West / Meijer - 54th St"},"geometry":{"type":"LineString","coordinates":[[-85.6723626500491,42.96082902391584],[-85.6723645,42.96090209999999],[-85.6723663,42.9609727],[-85.672383,42.961637],[-85.672396,42.962202],[-85.67241660523861,42.96299231602902],[-85.67226785724317,42.963255561771824],[-85.6720431,42.9632497],[-85.6715252,42.9632509],[-85.6714393,42.9632511],[-85.6711061,42.9632489],[-85.67084,42.9632472],[-85.6708114,42.963247],[-85.6706618,42.963243899999995],[-85.6703911,42.9632382],[-85.6702836,42.963236],[-85.6701797,42.963235],[-85.6697538,42.9632307],[-85.6693664,42.9632258],[-85.6692282,42.9632241],[-85.6691879,42.9632239],[-85.6690832,42.9632234],[-85.66862898180109,42.96322137450078],[-85.66849947037556,42.9629857112637],[-85.66836843121122,42.96293613203076],[-85.66823739204688,42.96288655279782],[-85.66810635288252,42.96283697356488],[-85.6678713934572,42.96278593909044],[-85.667871,42.96275430000001],[-85.6678698,42.9626625],[-85.6678659,42.9623527],[-85.667865,42.962281],[-85.6678535,42.96214719999999],[-85.6678502,42.9620663],[-85.6678331,42.961639500000004],[-85.6678255,42.9614504],[-85.6678144,42.9611739],[-85.6678109,42.961086800000004],[-85.667807,42.96099100000001],[-85.6678048,42.9609256],[-85.667803,42.96087],[-85.6677904,42.9604657],[-85.6677817,42.9601855],[-85.6677661,42.959683],[-85.6677647622958,42.95963993455517],[-85.6677774,42.9595234],[-85.6677821,42.9590758],[-85.6677813,42.958941599999996],[-85.6677795,42.9587545],[-85.6677649,42.9583913],[-85.6677544,42.9580278],[-85.6677524,42.9579366],[-85.6677485,42.9578368],[-85.6677291,42.9573241],[-85.6677217,42.9570677],[-85.6677208,42.9569209],[-85.66772,42.9568602],[-85.6677197,42.9568322],[-85.6677178,42.956639200000005],[-85.66768669682573,42.95650005422033],[-85.6676809534669,42.95638364684214],[-85.6676728,42.956067700000006],[-85.6676697,42.9559533],[-85.6676682,42.9558602],[-85.6676661,42.955784400000006],[-85.6676622,42.95548370000001],[-85.6677152,42.9551391],[-85.6677137,42.95506369999999],[-85.6677126,42.9550008],[-85.6677099,42.9548635],[-85.6676321,42.9547851],[-85.6676284,42.95438939999999],[-85.6676234,42.95416],[-85.6676116,42.9536719],[-85.6676,42.953192],[-85.6675998,42.9530755],[-85.6675972,42.952992],[-85.6675791,42.9524067],[-85.667561,42.951642],[-85.6675615,42.9513213],[-85.6675388,42.9505388],[-85.667523,42.950169],[-85.6675168,42.9498012],[-85.667514,42.949631],[-85.6675121,42.9494278],[-85.6675113,42.9493398],[-85.6675106,42.9492584],[-85.66751107922252,42.94921950310544],[-85.66744899932796,42.949144753986914],[-85.66733391763208,42.94907699455068],[-85.66721883593618,42.94900923511445],[-85.6671037542403,42.94894147567823],[-85.66698867254442,42.948873716242],[-85.66687359084852,42.94880595680577],[-85.66675533346084,42.94872363472636],[-85.6666498,42.9487218],[-85.666204,42.9487096],[-85.6660573,42.948706],[-85.6657546,42.9486985],[-85.66461,42.948672699999996],[-85.6643222,42.9486666],[-85.6639755,42.9486592],[-85.6638106,42.9486678],[-85.6634359,42.9486604],[-85.6633638,42.948659],[-85.6628695,42.9486501],[-85.662736,42.948647599999994],[-85.6623313,42.94863960000001],[-85.6622285,42.9486373],[-85.6621423,42.9486353],[-85.6619942,42.9486304],[-85.6617425,42.9486266],[-85.6616271,42.9486234],[-85.6615319,42.9486227],[-85.661079,42.9486139],[-85.6605175,42.948603000000006],[-85.6603915,42.9486],[-85.660294,42.94859879999999],[-85.65983549197082,42.94858881202022],[-85.65973649741701,42.948498779815296],[-85.6596468840147,42.94841262321455],[-85.6595572706124,42.94832646661382],[-85.65946765721009,42.94824031001308],[-85.65937804380776,42.94815415341234],[-85.65928843040545,42.9480679968116],[-85.65905530775636,42.947966667193526],[-85.6590546,42.9478556],[-85.6590535,42.9476709],[-85.6590555,42.9476278],[-85.6590578,42.947578],[-85.6590511,42.947297600000006],[-85.6590422,42.946922],[-85.65904,42.946829],[-85.6590458,42.9464401],[-85.659042,42.945837],[-85.6590355,42.945545800000005],[-85.659032,42.945391],[-85.659037,42.9450337],[-85.659039,42.944892],[-85.6590345,42.9446249],[-85.659032,42.94448],[-85.6590279,42.9435701],[-85.65902,42.942662],[-85.6590183,42.942344000000006],[-85.6590155,42.941826],[-85.6590083,42.9416838],[-85.6590022,42.9414102],[-85.6590001,42.9413824],[-85.6589919,42.9412725],[-85.6589834,42.94114770000001],[-85.6589652,42.9408814],[-85.6589543,42.9407296],[-85.6589503,42.940687],[-85.6589488,42.9406264],[-85.658939,42.94023],[-85.658903,42.9398969],[-85.6588904,42.9397801],[-85.6588933,42.9397162],[-85.6588729,42.93948650000001],[-85.658858,42.939319],[-85.6588226,42.9388645],[-85.6587768,42.938276],[-85.6587419,42.9378281],[-85.6587416,42.9375895],[-85.6587068,42.937377],[-85.6586721,42.936931],[-85.6586552,42.9367051],[-85.6586453,42.9365719],[-85.6586425,42.9365339],[-85.6586407,42.9364883],[-85.6586331,42.9364082],[-85.6586106,42.9361061],[-85.6586068,42.9360551],[-85.6586039,42.9360173],[-85.658568,42.935558],[-85.6585673,42.9355234],[-85.658503,42.93466],[-85.6584468,42.9339635],[-85.6584081,42.9334849],[-85.658403,42.933444],[-85.6583549,42.9328279],[-85.658349,42.932753],[-85.6583441,42.9326744],[-85.6583315,42.9324721],[-85.6582973,42.9319231],[-85.6582426,42.9311372],[-85.6582379,42.93107],[-85.6582337,42.931021300000005],[-85.658144,42.929975],[-85.658133,42.9298255],[-85.658119,42.929635],[-85.658077,42.929161],[-85.65807,42.9289748],[-85.6580337,42.9285674],[-85.658005,42.928246],[-85.6579767,42.9278187],[-85.65823422295517,42.92769750435496],[-85.65837474207727,42.92766494961096],[-85.65851526119935,42.92763239486694],[-85.65865963771928,42.927401657324765],[-85.659165,42.927407],[-85.6598937,42.9274147],[-85.660403,42.92742],[-85.661638,42.927438],[-85.662119,42.927441],[-85.6621965,42.9274418],[-85.6627232,42.9274475],[-85.662865,42.927449],[-85.6629913,42.9274512],[-85.6634412,42.927459],[-85.6640362,42.9274694],[-85.664131,42.927471000000004],[-85.6642448,42.9274725],[-85.6652809,42.9274858],[-85.66537,42.927487],[-85.6654866,42.9274918],[-85.66598094302799,42.9275122390978],[-85.66610807965394,42.927356836930976],[-85.66619376631506,42.927268537168196],[-85.66627945297618,42.92718023740541],[-85.6663651396373,42.92709193764262],[-85.66645082629843,42.92700363787984],[-85.66653651295955,42.926915338117055],[-85.66662086631007,42.92682686161982],[-85.666611,42.926603],[-85.6666078,42.9265323],[-85.6665949,42.92600319999999],[-85.6665827,42.925731],[-85.6665764,42.9256367],[-85.66657,42.925542],[-85.6665595,42.9253288],[-85.6665522,42.9251959],[-85.6665481,42.9249182],[-85.666546,42.9248589],[-85.6665417,42.9248049],[-85.666528,42.9245996],[-85.6665242,42.9245593],[-85.6665086,42.9242252],[-85.666505,42.9240088],[-85.6665019,42.9239545],[-85.6664995,42.9238951],[-85.6664855,42.9235722],[-85.6664806,42.9235138],[-85.6664739,42.923399399999994],[-85.6664657,42.923142],[-85.6664635,42.9230498],[-85.6664615,42.9229971],[-85.6664234,42.9223298],[-85.666421,42.922261],[-85.666409,42.92199],[-85.6664004,42.9217443],[-85.666397,42.921649],[-85.6663948,42.9215945],[-85.6663874,42.9214121],[-85.6663747,42.92109880000001],[-85.6663647,42.9208508],[-85.666362,42.920785],[-85.6663569,42.9206549],[-85.6663499,42.92042380000001],[-85.6663439,42.9203292],[-85.6663384,42.9202494],[-85.6663333,42.9201398],[-85.6663222,42.9199706],[-85.6663118,42.9197612],[-85.6663073,42.9196696],[-85.6662933,42.919387],[-85.666288,42.919281],[-85.666282,42.919159],[-85.6662746,42.9189206],[-85.6662658,42.9186351],[-85.666254,42.9183744],[-85.6662514,42.9182804],[-85.6662457,42.9181682],[-85.66624,42.9180558],[-85.6662342,42.9179419],[-85.6662299,42.91785],[-85.6661798,42.916867],[-85.6661717,42.916728],[-85.6661603,42.91648279999999],[-85.6661502,42.9162693],[-85.6661397,42.916002999999996],[-85.6660921,42.9152856],[-85.666084,42.91512899999999],[-85.6660765,42.9148311],[-85.6660601,42.9144307],[-85.666046,42.914271],[-85.6660266,42.913919],[-85.666023,42.913853],[-85.6660199,42.913748000000005],[-85.6660169,42.913643],[-85.6660114,42.9134733],[-85.6660026,42.9132036],[-85.6659984,42.9130731],[-85.6659918,42.912899],[-85.6659737,42.9124201],[-85.6659663,42.9122232],[-85.665954,42.9119992],[-85.6659509,42.9119493],[-85.6659359,42.911712],[-85.6659218,42.9114952],[-85.6659163,42.9114008],[-85.6659127,42.9113354],[-85.6659036,42.911098],[-85.6659013,42.9110385],[-85.6658942,42.9109094],[-85.665876,42.9105784],[-85.6658705,42.91043849999999],[-85.6658695,42.9103589],[-85.665863,42.9102356],[-85.6658409,42.9098176],[-85.6658231,42.9094796],[-85.6658181,42.90938609999999],[-85.6658058,42.9091254],[-85.6657931,42.908919],[-85.6657874,42.9087768],[-85.6657791,42.9085715],[-85.665758,42.908179700000005],[-85.6657573,42.90815080000001],[-85.6657483,42.9076734],[-85.6657345,42.9074042],[-85.6657203,42.9071271],[-85.6657132,42.9069882],[-85.6656987,42.9067463],[-85.6656971,42.9065828],[-85.6656896,42.906484000000006],[-85.6656807,42.906351],[-85.6656741,42.9062688],[-85.6656552,42.9060288],[-85.6656407,42.9058372],[-85.6656372,42.9057243],[-85.6656308,42.9055174],[-85.6656202,42.9051781],[-85.6656163,42.905052],[-85.6656065,42.9048809],[-85.6655842,42.90449180000001],[-85.6655756,42.9043428],[-85.6655593,42.9040453],[-85.6655442,42.9036696],[-85.6655423,42.9036215],[-85.6655355,42.9034277],[-85.6655308,42.9032919],[-85.6655193,42.9029641],[-85.6655156,42.9028585],[-85.6655059,42.9025811],[-85.6654933,42.9022251],[-85.665478,42.9019509],[-85.6654526,42.90149589999999],[-85.6654513,42.9014622],[-85.6654391,42.9011388],[-85.6654315,42.9009384],[-85.6654233,42.9007205],[-85.6654164,42.9005542],[-85.6654143,42.9005035],[-85.6654105,42.9003793],[-85.6654083,42.9003073],[-85.6654056,42.9002203],[-85.6654015,42.9000865],[-85.6653976,42.8999583],[-85.6653921,42.8997813],[-85.6653858,42.8995757],[-85.6653839,42.8995123],[-85.6653474,42.898733199999995],[-85.6653419,42.898615400000004],[-85.6653358,42.8984938],[-85.665323,42.8982398],[-85.665304,42.8978618],[-85.6652927,42.8976377],[-85.6652895,42.8975713],[-85.6652805,42.897385],[-85.6652713,42.8971937],[-85.6652552,42.8968593],[-85.6652466,42.8966812],[-85.6652339,42.8964183],[-85.66523,42.89633739999999],[-85.6652229,42.896155],[-85.6652131,42.8960069],[-85.6651946,42.8957061],[-85.6651761,42.89547139999999],[-85.6651732,42.8953984],[-85.665166,42.8952146],[-85.6651557,42.894951],[-85.6651443,42.8946586],[-85.665137,42.8944719],[-85.6651301,42.8942875],[-85.665126,42.8941722],[-85.6651225,42.8940872],[-85.6651192,42.8940004],[-85.6651155,42.8939009],[-85.6651133,42.8938429],[-85.6651051,42.8936257],[-85.6651029,42.8935671],[-85.6650967,42.8933675],[-85.6650907,42.8931745],[-85.6650897,42.89314149999999],[-85.66508,42.8929797],[-85.66506,42.8926442],[-85.6650539,42.8922549],[-85.6650372,42.8919095],[-85.6650288,42.8917356],[-85.6650117,42.8913377],[-85.6650023,42.89111830000001],[-85.6649898,42.890826],[-85.6649803,42.890447099999996],[-85.6649611,42.8899227],[-85.6649505,42.8896404],[-85.6649466,42.88953550000001],[-85.6649383,42.8892512],[-85.6649315,42.8890177],[-85.664926,42.8888322],[-85.6649131,42.88858940000001],[-85.6648991,42.8881554],[-85.6648981,42.8881331],[-85.6648853,42.8878604],[-85.6648789,42.8877229],[-85.664855,42.8871124],[-85.6648452,42.8868092],[-85.6648397,42.8866302],[-85.6648295,42.8862934],[-85.6648226,42.88606879999999],[-85.6648122,42.88589360000001],[-85.6648068,42.8857732],[-85.664799,42.885601199999996],[-85.6647736,42.885038400000006],[-85.6647683,42.8849904],[-85.6647665,42.8848508],[-85.6647626,42.8845455],[-85.6647574,42.884134800000005],[-85.6647564,42.8840587],[-85.664753,42.8839425],[-85.6647474,42.8838311],[-85.6647334,42.8835505],[-85.6647324,42.88352979999999],[-85.6647257,42.8833951],[-85.6647227,42.8833587],[-85.6647021,42.8829361],[-85.6646917,42.8827121],[-85.6646526,42.8818081],[-85.6646464,42.8816663],[-85.6646423,42.8815782],[-85.6646385,42.881442099999994],[-85.664617,42.880665699999994],[-85.664612,42.8804854],[-85.6646031,42.88028310000001],[-85.6645943,42.880085],[-85.664589,42.8799644],[-85.6645872,42.8799166],[-85.6645769,42.8796599],[-85.664576,42.879636299999994],[-85.6645617,42.8793446],[-85.6645515,42.8791125],[-85.664548,42.879034],[-85.664531,42.87859329999999],[-85.664513,42.878129],[-85.6645005,42.8776353],[-85.664476,42.877216],[-85.6644514,42.8767438],[-85.664452,42.8765458],[-85.6644498,42.87635],[-85.6644497,42.8763138],[-85.6644362,42.8760427],[-85.6644319,42.8759554],[-85.6644301,42.875899],[-85.664416,42.87545600000001],[-85.6644102,42.8752015],[-85.6643998,42.8747505],[-85.6643965,42.8746607],[-85.6643874,42.87441539999999],[-85.664367,42.8738611],[-85.6643632,42.8737579],[-85.6643553,42.8735187],[-85.6643439,42.8731638],[-85.664342,42.873106],[-85.6643317,42.872746],[-85.6643292,42.8726596],[-85.6643244,42.8724948],[-85.6643213,42.872385],[-85.664317,42.87223680000001],[-85.6643135,42.87211030000001],[-85.6643072,42.8715387],[-85.6643064,42.8714704],[-85.664294,42.8712833],[-85.6642936,42.871175],[-85.6642779,42.8705894],[-85.6642755,42.8704868],[-85.6642664,42.8700955],[-85.6642643,42.8700039],[-85.6642534,42.8695329],[-85.6642491,42.8694386],[-85.6642377,42.86918719999999],[-85.6642252,42.8689106],[-85.6641962,42.868271799999995],[-85.6641838,42.8679999],[-85.6641766,42.8678416],[-85.6641742,42.86778880000001],[-85.6641447,42.867137],[-85.66413547931839,42.86693419988963],[-85.66428430200102,42.86682615401333],[-85.66436719849548,42.86673641919919],[-85.66445009498996,42.86664668438507],[-85.66453299148444,42.86655694957094],[-85.66461588797891,42.86646721475681],[-85.66469878447337,42.86637747994268],[-85.66478168096785,42.866287745128545],[-85.66486457746231,42.86619801031442],[-85.6649474739568,42.86610827550029],[-85.66508392723371,42.86607082673192],[-85.6652305403134,42.86583874278083],[-85.6653086,42.8658402],[-85.6658361,42.8658501],[-85.6658866,42.865851],[-85.666136,42.8658557],[-85.6664736,42.865862],[-85.6668117,42.8658683],[-85.666958,42.865871],[-85.6671482,42.8658718],[-85.6674421,42.865873],[-85.6679938,42.8658857],[-85.6682485,42.8658916],[-85.6689834,42.865905],[-85.6692087,42.8659083],[-85.6693572,42.8659106],[-85.670366,42.8659229],[-85.6704494,42.86592310000001],[-85.6715021,42.8659466],[-85.672614,42.865958],[-85.6734502,42.86597179999999],[-85.6734761,42.865973],[-85.6739102,42.8659843],[-85.6741091,42.8659868],[-85.674472,42.8659937],[-85.6750421,42.8660024],[-85.6755161,42.8660116],[-85.6756761,42.8660156],[-85.6758657,42.8660679],[-85.6759257,42.86607850000001],[-85.675987,42.8660843],[-85.6768668,42.86609169999999],[-85.6771345,42.8660957],[-85.67816,42.8660901],[-85.6787116,42.8660948],[-85.6791425,42.8660992],[-85.6800166,42.8661097],[-85.68066412872739,42.86611576494715]]}},{"type":"Feature","properties":{"routeId":"34","color":"#A68FC3","dir":"Westbound","trips":4,"dests":"Northridge"},"geometry":{"type":"LineString","coordinates":[[-85.6737570733394,42.96087842203374],[-85.674665,42.9608798],[-85.6747976,42.960903],[-85.67493083280797,42.96092638995954],[-85.6750726951721,42.96096731685987],[-85.6751144,42.9609799],[-85.6752757,42.9610285],[-85.6755541,42.9610986],[-85.6756908,42.9611408],[-85.6758214,42.9611859],[-85.676334,42.961402],[-85.67652113839183,42.961499706738444],[-85.67664120196117,42.96156326777899],[-85.6768023,42.9616497],[-85.6769408,42.961727999999994],[-85.677072,42.9618129],[-85.6773364,42.9620072],[-85.67742046011097,42.96206089370281],[-85.67731321416396,42.96231398306971],[-85.6774012412648,42.962401023391145],[-85.67748926836565,42.96248806371257],[-85.67757729546649,42.96257510403401],[-85.67766363462715,42.96266298269236],[-85.677740056533,42.962755786881246],[-85.67781647843886,42.96284859107013],[-85.67789290034472,42.96294139525902],[-85.67796932225056,42.963034199447904],[-85.67804574415642,42.96312700363679],[-85.67812216606227,42.96321980782567],[-85.67819858796811,42.96331261201456],[-85.67827500987396,42.96340541620344],[-85.6785506,42.963563],[-85.6785797,42.9636685],[-85.6786127,42.9638309],[-85.6786373,42.9639703],[-85.6786538,42.96414540000001],[-85.6786604,42.9643424],[-85.6786508,42.9645021],[-85.6784896,42.964793],[-85.678383,42.965396],[-85.67835269798346,42.965554345791475],[-85.67858919788887,42.96567911565222],[-85.6785384,42.9664525],[-85.678517,42.9667859],[-85.6784911371277,42.96708834247045],[-85.67848188401143,42.96719665432075],[-85.67840790723106,42.96806339449573],[-85.67839581713332,42.96817265522674],[-85.6783876,42.96823929999999],[-85.6783703,42.9683788],[-85.6782938,42.9688937],[-85.6782396,42.969260000000006],[-85.67822393769241,42.96935976208956],[-85.67821125140783,42.96946814502135],[-85.67815207428771,42.97000911246376],[-85.6781406,42.9701598],[-85.678131,42.970417],[-85.6781268,42.9706388],[-85.6781411,42.971],[-85.6781632,42.971315999999995],[-85.6781885,42.9715213],[-85.678204,42.97169970000001],[-85.6782363,42.971972199999996],[-85.6782514,42.9723016],[-85.6782489,42.9725125],[-85.6782464106963,42.97272456952633],[-85.6782355439409,42.97283918664222],[-85.6782186,42.9730048],[-85.67819126300488,42.97316648921377],[-85.67817098010102,42.9732752611063],[-85.67810450440051,42.97359490670103],[-85.67808038425885,42.97370134180329],[-85.6780437,42.9738605],[-85.6779185,42.9742765],[-85.67782167829479,42.974657988061715],[-85.67796980150517,42.974788190765395],[-85.6777996,42.9754878],[-85.6777134,42.9758781],[-85.6776366,42.9762829],[-85.6776084,42.9764225],[-85.6775883,42.9764875],[-85.6775406534902,42.97660154114501],[-85.67750616863121,42.97671383480821],[-85.67748472999743,42.977038764101394],[-85.67747770371159,42.97714709334061],[-85.67735188243847,42.979098554826656],[-85.67734489841159,42.97920696080856],[-85.67731173300632,42.979749162261044],[-85.67730456386717,42.97985777606729],[-85.67725573732086,42.98050812462567],[-85.67724631307598,42.98061681303178],[-85.677117,42.981935],[-85.6770283,42.9827986],[-85.6769977,42.9831954],[-85.6769762,42.9835724],[-85.6769673,42.9838069],[-85.6769584,42.984163],[-85.67695273744896,42.98462714352777],[-85.67695323518734,42.98473588850169],[-85.67695601982236,42.984952922954555],[-85.67695738789172,42.985061464570954],[-85.6770016,42.9894703],[-85.6770074,42.99136419999999],[-85.6770069,42.99165309999999],[-85.67700164951572,42.99179317541975],[-85.67699631422558,42.99190382567712],[-85.6769792,42.9921123],[-85.67696617752839,42.99222981230342],[-85.67695347619009,42.99233850275978],[-85.6769278,42.992538],[-85.6768724,42.9928774],[-85.6768209,42.9931322],[-85.6767646,42.993357],[-85.67669098829397,42.99362772362031],[-85.6766610045532,42.993734018435646],[-85.67647746501022,42.99437099851456],[-85.6764477236366,42.99447744634089],[-85.6762140922022,42.995328670098516],[-85.67618494980628,42.99543515163555],[-85.67607121515111,42.9958612097441],[-85.67604252353858,42.99596766515337],[-85.67595636992014,42.996286793433086],[-85.6759286067889,42.99639349165522],[-85.6758372,42.9967488],[-85.6757011,42.9973085],[-85.6756744,42.9974492],[-85.6756296,42.9976963],[-85.67559902383127,42.99789714041788],[-85.67558408804662,42.99800751394707],[-85.6755089,42.99865230000001],[-85.6754822,42.9989929],[-85.675477,42.9991374],[-85.6754537,42.9995605],[-85.6753701,43.0014222],[-85.67535,43.001762],[-85.6748729871972,43.00885214484134],[-85.67486584525527,43.00896196830123],[-85.6748347,43.0101632],[-85.6748167,43.0107074],[-85.6748122,43.0109684],[-85.6748105,43.01127439999999],[-85.6748245,43.0114995],[-85.6748771,43.0119148],[-85.6749751,43.0122911],[-85.6751263,43.01267430000001],[-85.67516573740147,43.01276192547135],[-85.67551538479222,43.01279017810576],[-85.67558354226728,43.01288641541968],[-85.67565169974235,43.0129826527336],[-85.67571985721742,43.01307889004752],[-85.67578801469249,43.013175127361436],[-85.67585617216756,43.01327136467536],[-85.67592432964263,43.01336760198928],[-85.67599248711768,43.0134638393032],[-85.67606064459275,43.01356007661712],[-85.67612880206782,43.01365631393104],[-85.67619695954289,43.013752551244956],[-85.67626511701796,43.013848788558875],[-85.67608664360606,43.01407093199135],[-85.6762072,43.01419919999999],[-85.6765288,43.0144793],[-85.67686783414548,43.01474052771377],[-85.67697105366156,43.0148191479675],[-85.6770281,43.0148625],[-85.6771856361801,43.01497445800857],[-85.67731780798898,43.015058558419796],[-85.6780931,43.0154627],[-85.6782831,43.01555],[-85.678426,43.0156099],[-85.6786287,43.0156902],[-85.6788506,43.0157729],[-85.679035,43.0158341],[-85.6792561,43.0159039],[-85.67940010816933,43.01594407645635],[-85.67955300650782,43.01598185835286],[-85.6797628,43.016030099999995],[-85.6801305539743,43.01609698447056],[-85.68027987963748,43.01612351650744],[-85.68099455293094,43.016229145104035],[-85.6811387785517,43.01625041757109],[-85.6819791,43.01637229999999],[-85.6826344,43.016475099999994],[-85.68286560538998,43.016519223743146],[-85.6846367,43.0167956],[-85.68517316857206,43.01687007761403],[-85.68531792088962,43.01689063493901],[-85.6860194,43.0169907],[-85.68618476974181,43.017024123652575],[-85.68632649461227,43.017049400177726],[-85.68949615136891,43.01751557641548],[-85.68968393663471,43.01756009151735],[-85.6898652,43.0176256],[-85.690128,43.0176764],[-85.6903504,43.0177231],[-85.6907173,43.0178012],[-85.6909179,43.0178667],[-85.69097581634053,43.017895252068634],[-85.69081443916568,43.01816395087809],[-85.69078643318547,43.018270528632385],[-85.69075842720524,43.01837710638669],[-85.69073042122503,43.01848368414099],[-85.6907024152448,43.01859026189528],[-85.69067440926459,43.01869683964958],[-85.69059629822368,43.018777822935185],[-85.69047071664905,43.018834557510715],[-85.69034513507441,43.01889129208625],[-85.69021955349976,43.01894802666178],[-85.69009397192511,43.019004761237305],[-85.68996839035046,43.01906149581284],[-85.68984280877582,43.01911823038837],[-85.68974635032093,43.019127663081754],[-85.6897215857165,43.019020650349894],[-85.68969682111208,43.018913637618034],[-85.68967205650765,43.01880662488616],[-85.68964729190321,43.01869961215429],[-85.68962252729878,43.01859259942243],[-85.68959776269436,43.01848558669056],[-85.68957299808993,43.0183785739587],[-85.68950112039055,43.01828412208035],[-85.68942725582137,43.01819019992267],[-85.6893533912522,43.018096277765],[-85.68927952668304,43.01800235560732],[-85.68895173267916,43.01790892653927],[-85.6889513,43.0177879],[-85.6889403,43.0174678],[-85.6889279,43.017104],[-85.6889088,43.0167658],[-85.688905,43.0165371],[-85.6888904,43.0161906],[-85.6888749009323,43.01576415054795],[-85.68917869099356,43.015649860069395],[-85.68890260222142,43.01545941858583],[-85.6890509,43.0151813],[-85.6890975,43.0150588],[-85.689171,43.0149567],[-85.6891863,43.0149354],[-85.6893305,43.0148161],[-85.68932885231392,43.014683867208035],[-85.6893667287307,43.01457895959382],[-85.68940460514752,43.01447405197962],[-85.6894424815643,43.01436914436542],[-85.68957298787835,43.01422704122939],[-85.6896291,43.0142296],[-85.6901022,43.0142512],[-85.6912901,43.0143173],[-85.6914431,43.0143256],[-85.6921248,43.0143429],[-85.692493,43.014353],[-85.6931121,43.01437969999999],[-85.693607,43.0144011],[-85.6938274,43.0144106],[-85.6940568,43.01442050000001],[-85.6947838,43.0144488],[-85.6956873,43.01449230000001],[-85.6966004,43.0145331],[-85.696688,43.014537],[-85.6980634,43.0145959],[-85.6987239,43.0146246],[-85.699975,43.0146789],[-85.700483,43.014701],[-85.701702,43.0147618],[-85.7030049,43.0148163],[-85.7031298,43.0148258],[-85.703393,43.0148374],[-85.7039575,43.0148645],[-85.7048069,43.0148967],[-85.7056877,43.0149237],[-85.7059042,43.0149348],[-85.7066713,43.01495709999999],[-85.7074791,43.0149855],[-85.7076336,43.0149882],[-85.70776388525842,43.01499044341102],[-85.7078917669297,43.01522840318578],[-85.70802576319748,43.015273485398986],[-85.70815975946527,43.015318567612184],[-85.70829375573307,43.01536364982539],[-85.70846636478588,43.01546098974191],[-85.7084837,43.01594469999999],[-85.708578,43.01857],[-85.7085833,43.0188182],[-85.7085868,43.0189202],[-85.7086082,43.0195407],[-85.7087545772337,43.02379441255462],[-85.70906826124647,43.02389479601013],[-85.70910235972815,43.02400040520281],[-85.70913645820981,43.0241060143955],[-85.70917055669148,43.02421162358818],[-85.70920465517312,43.02431723278086],[-85.70923875365479,43.02442284197354],[-85.70927285213645,43.02452845116622],[-85.70930695061813,43.024634060358906],[-85.7094495771625,43.02465153859145],[-85.70959549998678,43.02466634005724],[-85.70974142281105,43.02468114152303],[-85.70988734563531,43.024695942988814],[-85.71003326845957,43.02471074445461],[-85.71017919128384,43.0247255459204],[-85.7103251141081,43.02474034738618],[-85.7104711830244,43.02475410308033],[-85.71061813681534,43.02476152456917],[-85.71076509060629,43.02476894605801],[-85.71091204439725,43.02477636754686],[-85.71105899818821,43.0247837890357],[-85.71120595197917,43.02479121052455],[-85.71135290577013,43.024798632013386],[-85.71149985956107,43.02480605350224],[-85.71164681335203,43.02481347499108],[-85.71179317173379,43.0248249975184],[-85.71193892922528,43.02484065883675],[-85.71208468671676,43.02485632015509],[-85.71223044420823,43.02487198147344],[-85.71237620169971,43.024887642791775],[-85.71252195919119,43.024903304110126],[-85.71266771668267,43.02491896542847],[-85.71281347417415,43.02493462674681],[-85.71295923166562,43.02495028806516],[-85.71310498915712,43.02496594938351],[-85.7132507466486,43.02498161070185],[-85.71339650414008,43.024997272020194],[-85.71354226163155,43.02501293333854],[-85.71368801912303,43.02502859465688],[-85.7138337766145,43.025044255975224],[-85.71397953410599,43.025059917293575],[-85.71412529159747,43.02507557861191],[-85.71427108667346,43.02509104187691],[-85.71441708141825,43.02510545297775],[-85.71456307616303,43.025119864078576],[-85.71470907090782,43.025134275179404],[-85.71485506565261,43.025148686280225],[-85.7150010603974,43.02516309738106],[-85.71514705514218,43.02517750848189],[-85.71529304988697,43.02519191958272],[-85.71543904463176,43.02520633068355],[-85.71558554084356,43.02521696962444],[-85.71573255455463,43.02522371580677],[-85.71587956826569,43.025230461989096],[-85.71602658197676,43.02523720817142],[-85.71617359568782,43.025243954353755],[-85.71632060939889,43.02525070053608],[-85.71646762310996,43.025257446718406],[-85.71661463682102,43.025264192900735],[-85.71676165053209,43.025270939083065],[-85.71690866424316,43.02527768526539],[-85.71705567795424,43.02528443144772],[-85.71720269166529,43.025291177630045],[-85.71734970537636,43.02529792381238],[-85.71749671908744,43.0253046699947],[-85.71764373279849,43.025311416177026],[-85.71779074650956,43.02531816235936],[-85.71793776022062,43.025324908541684],[-85.718084696809,43.02533233717531],[-85.71823119925688,43.02534360747639],[-85.71837770170474,43.02535487777747],[-85.7185242041526,43.025366148078554],[-85.71867070660048,43.02537741837963],[-85.71881720904834,43.02538868868071],[-85.71896371149622,43.02539995898179],[-85.71911021394409,43.02541122928287],[-85.71925671639195,43.025422499583954],[-85.71940298472477,43.025435226390094],[-85.71954900520939,43.02544949513945],[-85.71969502569402,43.025463763888816],[-85.71984104617864,43.02547803263817],[-85.71998706666328,43.02549230138752],[-85.7201330871479,43.02550657013688],[-85.72027910763254,43.02552083888624],[-85.72042512811716,43.02553510763559],[-85.72057114860179,43.02554937638496],[-85.72071651249041,43.02556684509167],[-85.7208617284473,43.02558503475195],[-85.7210069444042,43.02560322441223],[-85.72115216036109,43.02562141407252],[-85.72129737631798,43.0256396037328],[-85.72144259227485,43.02565779339309],[-85.72158780823175,43.02567598305337],[-85.72173302418865,43.02569417271365],[-85.7218773878985,43.02571497992537],[-85.72201799123972,43.02574733655637],[-85.72215859458095,43.02577969318737],[-85.72229919792218,43.02581204981837],[-85.7224398012634,43.02584440644937],[-85.72258040460463,43.02587676308038],[-85.72272100794586,43.02590911971138],[-85.72286161128709,43.02594147634238],[-85.72300221462831,43.025973832973385],[-85.72314459981632,43.026001315037746],[-85.7232882297497,43.02602539187424],[-85.72343185968307,43.02604946871073],[-85.72357548961645,43.02607354554723],[-85.72371911954983,43.02609762238373],[-85.7238627494832,43.02612169922022],[-85.7240063794166,43.026145776056715],[-85.72415000934997,43.02616985289321],[-85.72429421765722,43.02618843529935],[-85.7244411676102,43.02618097264707],[-85.72458811756317,43.02617350999478],[-85.72473506751614,43.02616604734249],[-85.72488201746911,43.02615858469021],[-85.72502896742209,43.026151122037916],[-85.72517591737505,43.02614365938563],[-85.72532286732803,43.02613619673335],[-85.72546981728101,43.02612873408106],[-85.72561538893848,43.026113094217436],[-85.72576035004126,43.02609383202846],[-85.72590531114405,43.02607456983948],[-85.72605027224684,43.0260553076505],[-85.72619523334961,43.026036045461524],[-85.72634019445239,43.026016783272546],[-85.72648515555517,43.025997521083575],[-85.72663011665796,43.02597825889459],[-85.72677048006291,43.02594738188293],[-85.72690675481688,43.02590617601587],[-85.72704302957085,43.02586497014882],[-85.72717930432482,43.02582376428175],[-85.7273155790788,43.02578255841469],[-85.72745185383278,43.025741352547634],[-85.72758812858675,43.02570014668057],[-85.7278719,43.0255602],[-85.7280316,43.025514],[-85.7286947,43.0253398],[-85.7289414,43.0252829],[-85.729577,43.0251378],[-85.7297435,43.025098],[-85.7300323,43.025022199999995],[-85.7301612,43.0249834],[-85.7302928,43.0249388],[-85.7304389,43.0248791],[-85.730589,43.02481000000001],[-85.7306879,43.02476149999999],[-85.730776,43.0247111],[-85.7308879,43.0246416],[-85.7313037,43.0243592],[-85.7315345,43.0242072],[-85.7316459,43.0241362],[-85.7317451,43.0240816],[-85.7318404,43.0240358],[-85.73213560331847,43.02417354228287],[-85.73212327736137,43.02392124086798],[-85.7322284,43.02388299999999],[-85.7323338,43.0238488],[-85.7325848,43.023776399999996],[-85.7333917,43.0235492],[-85.7341754,43.02332929999999],[-85.7342122,43.023319199999996],[-85.7356778,43.02290730000001],[-85.7358018,43.0228663],[-85.7359477,43.0228116],[-85.7360655,43.0227612],[-85.7361807,43.0227078],[-85.7362776,43.0226576],[-85.7363692,43.0226084],[-85.7364882,43.022536499999994],[-85.7365613,43.0224878],[-85.7366505,43.0224176],[-85.7367618,43.0223263],[-85.7368705,43.0222305],[-85.7370248,43.022073],[-85.7373395547415,43.02170827723974],[-85.73770540235402,43.02175694754867],[-85.73781787650539,43.02168685024859],[-85.73793035065674,43.021616752948525],[-85.7380428248081,43.02154665564845],[-85.73815529895947,43.02147655834837],[-85.73826777311082,43.021406461048294],[-85.73838024726219,43.02133636374822],[-85.73849272141355,43.021266266448144],[-85.7386051955649,43.02119616914808],[-85.73871766971627,43.021126071848],[-85.73883014386763,43.02105597454793],[-85.73895594213354,43.02101340892258],[-85.73910321989362,43.02101522646762],[-85.7392504976537,43.02101704401265],[-85.73939777541376,43.02101886155769],[-85.73954505317384,43.021020679102726],[-85.73969233093392,43.02102249664777],[-85.73983960869398,43.02102431419279],[-85.73998566091856,43.02103294734794],[-85.7401284973783,43.02105946443972],[-85.74027133383801,43.0210859815315],[-85.74041417029774,43.02111249862328],[-85.74055700675748,43.02113901571506],[-85.74082750601609,43.020978355951165],[-85.7416458,43.0212815],[-85.7419311,43.0213871],[-85.7428594,43.021731],[-85.7431824,43.0218506],[-85.7436774,43.0220348],[-85.7440142,43.0221648],[-85.7441236,43.0222039],[-85.744233,43.0222409],[-85.7444383,43.0223028],[-85.7446021,43.0223491],[-85.744723,43.02238320000001],[-85.744919,43.02243200000001],[-85.7450829,43.0224701],[-85.7451527,43.0224865],[-85.745288,43.0225154],[-85.7454796,43.022550100000004],[-85.7456406,43.02257689999999],[-85.7458278,43.0226022],[-85.7463069,43.0226554],[-85.7465205,43.0226803],[-85.7474718,43.0227812],[-85.7479111,43.0228271],[-85.7483205,43.0228768],[-85.74851217340576,43.02289797739876],[-85.74860021727311,43.02316281659997],[-85.74873238482222,43.023210741361616],[-85.74886455237132,43.02325866612325],[-85.74899671992043,43.023306590884886],[-85.74912888746952,43.02335451564653],[-85.74926105501862,43.02340244040817],[-85.74939322256773,43.0234503651698],[-85.74952539011683,43.02349828993144],[-85.74965755766593,43.023546214693084],[-85.74978972521505,43.023594139454715],[-85.74992189276415,43.023642064216354],[-85.75005406031325,43.023689988978],[-85.75018622786236,43.02373791373964],[-85.75053405417255,43.02365602093133],[-85.7506279,43.0237407],[-85.7506979,43.0238078],[-85.75078,43.0238985],[-85.7508823,43.0240171],[-85.7509189,43.0240742],[-85.7510003,43.0241943],[-85.7510629,43.02431059999999],[-85.7511041,43.02439489999999],[-85.7511426,43.0244891],[-85.7511886,43.024608],[-85.751213,43.0246889],[-85.7512374,43.0247932],[-85.7512502,43.0248921],[-85.7512576,43.0249988],[-85.7512738,43.0252233],[-85.7513055,43.0264174],[-85.7513115,43.0264975],[-85.7513186,43.0265665],[-85.7513296,43.0266365],[-85.7513419,43.0266887],[-85.7513581,43.0267399],[-85.7513799,43.0267919],[-85.7514022,43.0268406],[-85.7514449,43.026911],[-85.7514922,43.0269811],[-85.7515537,43.0270666],[-85.7516273,43.02715140000001],[-85.7516996,43.0272236],[-85.7517861,43.0273011],[-85.7518646,43.0273728],[-85.7519675,43.0274376],[-85.7520678,43.02749459999999],[-85.7521553,43.0275381],[-85.7522526,43.027584],[-85.7523427,43.0276193],[-85.7524198,43.0276471],[-85.7524542,43.0276595],[-85.7525753,43.0276948],[-85.7526704,43.02771729999999],[-85.752795,43.0277409],[-85.752862,43.0277523],[-85.7529477,43.0277638],[-85.7530575,43.0277749],[-85.7531983,43.02778],[-85.7534939,43.027784],[-85.7550036,43.0278049],[-85.7551552,43.0278021],[-85.7552745,43.0277934],[-85.7553896,43.02778180000001],[-85.7555004,43.0277604],[-85.7556126,43.0277332],[-85.7557274,43.0277023],[-85.7558422,43.02766160000001],[-85.7559603,43.027613],[-85.7560676,43.0275643],[-85.7561966,43.0274981],[-85.7562893,43.0274394],[-85.7563659,43.0273838],[-85.7564532,43.0273101],[-85.7565174,43.0272495],[-85.7566949,43.0270567],[-85.7567713,43.0269816],[-85.7568639,43.0269056],[-85.7569392,43.0268485],[-85.7570373,43.0267894],[-85.7571178,43.026744],[-85.7572237,43.0266926],[-85.7573349,43.0266497],[-85.75742782874354,43.0266166894911]]}}]}