{"type":"FeatureCollection","features":[{"type":"Feature","properties":{"routeId":"51","color":"#933145","dir":"RoundTrip","trips":473,"trimmed":0,"dests":"DASH","lenKm":4.63,"role":"dominant"},"geometry":{"type":"LineString","coordinates":[[-85.679289,42.963832],[-85.67919844799151,42.96410753584356],[-85.67910407590996,42.96438360157333],[-85.679013217169,42.96465407506129],[-85.67867259457904,42.96466594003405],[-85.67828869688404,42.964656210254155],[-85.67791511814353,42.96467004235001],[-85.67759166245553,42.96473666226498],[-85.67738581183744,42.964938356251075],[-85.6772456471661,42.965208404898924],[-85.67716893991904,42.965476795706316],[-85.67713899106339,42.965758261416575],[-85.67713511788232,42.96604190293825],[-85.67718579668171,42.966312119031656],[-85.67741029243341,42.96652421844059],[-85.67773777548919,42.966620242982444],[-85.67812153473673,42.96663287223244],[-85.67851008214508,42.966628495039004],[-85.67889765561976,42.96661020523344],[-85.67928427292992,42.96656446460404],[-85.67966715699569,42.96649734783506],[-85.68002891977484,42.96641931684142],[-85.68039036739214,42.966324014529945],[-85.68076177871798,42.96623844274431],[-85.68113237461309,42.96617151073966],[-85.68151383919563,42.96615020322305],[-85.68189309190392,42.96617570496789],[-85.68224022680705,42.96628020579739],[-85.682461337607,42.96648086356592],[-85.68251756408497,42.96673973006269],[-85.68254229093507,42.96702532691495],[-85.68255887971706,42.967309961709255],[-85.68256638208108,42.96759589523231],[-85.68256623143787,42.96788268720159],[-85.68256494898938,42.96817075567587],[-85.68256366429574,42.9684550759361],[-85.68256153724512,42.96873846208357],[-85.68255993537572,42.96902415840142],[-85.68256459253145,42.969309720590786],[-85.68258403478636,42.96959253268012],[-85.68260440575177,42.96987976332243],[-85.68260851764623,42.97016170728983],[-85.68255346547052,42.970436276726005],[-85.68230024464007,42.97058531243436],[-85.68192945833425,42.97060946615897],[-85.68153785792138,42.97060345283367],[-85.68114364741675,42.97059580886557],[-85.68075385635522,42.97058702747637],[-85.68036206259342,42.970576729501126],[-85.67997237794818,42.97056531887875],[-85.67958185777039,42.970554213068354],[-85.67919063941793,42.97054195872991],[-85.67879980024193,42.970527536917224],[-85.67840941185166,42.97051096990403],[-85.6780190808653,42.970496348966485],[-85.67763029476843,42.97048905771058],[-85.67723724276921,42.970480787285844],[-85.67684450741207,42.97047171592602],[-85.6764524688975,42.9704555465275],[-85.67606524925527,42.97043564869805],[-85.67567530797513,42.97041457919262],[-85.67528889509423,42.970392415233476],[-85.67489935051489,42.97037125442172],[-85.67451137529982,42.97035303236403],[-85.67411926338038,42.970340782837596],[-85.6737305947705,42.97033214940237],[-85.67333604418663,42.970324],[-85.67294979610286,42.97031601004877],[-85.67258308512083,42.97029675305043],[-85.67237550955248,42.97012757232902],[-85.67229739089636,42.96985248712514],[-85.6722812666846,42.969566228556],[-85.67227358833502,42.96928082673376],[-85.67227075278228,42.968995810419784],[-85.6722683264911,42.96871182935761],[-85.6722672207384,42.9684261339929],[-85.67226866028591,42.9681404386282],[-85.67226322934624,42.967855172715105],[-85.67224839605174,42.96756904742407],[-85.67223366986968,42.96728168976168],[-85.67221561722305,42.96699590225275],[-85.67220194707426,42.966713533546034],[-85.67218224060076,42.966428568704025],[-85.67216792044745,42.966145001665375],[-85.67214550049715,42.96586014030133],[-85.6721203993467,42.96557427239805],[-85.67208224728694,42.965289371032675],[-85.67197537678521,42.96502748318331],[-85.67172181193204,42.964828645814606],[-85.67142417578333,42.96464379207532],[-85.67112779819999,42.964456781614956],[-85.67082839251813,42.96427166108318],[-85.67052384476851,42.964090561769],[-85.67021852336958,42.963912574442055],[-85.66993929191392,42.9637222656955],[-85.66966544246391,42.96353150507655],[-85.66944562525293,42.963300036226926],[-85.66933640432296,42.963038942909066],[-85.66929131505721,42.96275271419099],[-85.66926485507483,42.96246626693912],[-85.669243789198,42.96218198325209],[-85.66922355048197,42.96189629504943],[-85.66920881435557,42.96161094139033],[-85.66919587597415,42.96132514466238],[-85.669187738946,42.96103766000864],[-85.66918147616775,42.96074860520133],[-85.6691772335996,42.96046234993869],[-85.66917789582897,42.960176252843205],[-85.66921358423707,42.95990436892441],[-85.66950758781526,42.95978464053859],[-85.66988572176466,42.95974913102544],[-85.67027591836023,42.95975583995862],[-85.67066245797278,42.95976796681406],[-85.67105254551278,42.95977939568491],[-85.67144163226436,42.95979174247833],[-85.67183225074247,42.95980390473739],[-85.67220995420232,42.95982012295971],[-85.67259755008996,42.95983423386943],[-85.67298849726568,42.95985031262228],[-85.67337742024814,42.95986553708763],[-85.67376665729026,42.95988046012328],[-85.6741558655692,42.95989645960449],[-85.67454834367707,42.95991282431695],[-85.67493307337357,42.95995748005468],[-85.67526557524286,42.95999036447055],[-85.67540142683805,42.960095865600444],[-85.6752933193485,42.96033264486955],[-85.67513206096262,42.96058799800567],[-85.6749629129427,42.96083927449298],[-85.67479900164302,42.961103646470306],[-85.674632800062,42.96136638623181],[-85.67446808284006,42.961623203928895],[-85.674302501395,42.961882547586185],[-85.6741339911915,42.96214191291962],[-85.67397041694181,42.96239568344321],[-85.67383146192529,42.962653541323704],[-85.67374370193662,42.962915294645455],[-85.6737664343062,42.96316171982507],[-85.67404398342136,42.963282099153524],[-85.6744190918252,42.96329995558054],[-85.67480567506531,42.96330686143196],[-85.67519568330924,42.963311520300124],[-85.67558334163702,42.96331923917636],[-85.67597304473625,42.963327381848174],[-85.67636137269191,42.963336803510934],[-85.67674975489233,42.9633461174994],[-85.67714080933015,42.96335636546383],[-85.67753124904435,42.963367713392856],[-85.67791772978343,42.96338787173626],[-85.678305,42.963408]]}},{"type":"Feature","properties":{"routeId":"2","color":"#ED1C24","dir":"Northbound","trips":214,"trimmed":4,"dests":"Central Station","lenKm":15.8,"role":"dominant"},"geometry":{"type":"LineString","coordinates":[[-85.621201,42.845442],[-85.62133279336248,42.846347876613684],[-85.62172411046458,42.845886068041175],[-85.62134258805779,42.84512570196033],[-85.62253101810452,42.844857731054894],[-85.62384643115745,42.844846888793924],[-85.62473718265502,42.84528469514986],[-85.6247685305332,42.846245431896975],[-85.62476720108496,42.84720704664248],[-85.62476188031766,42.848175027397076],[-85.62475785178606,42.84913540435928],[-85.6247550143718,42.850101702949786],[-85.62475946937067,42.85105737610756],[-85.62476584978258,42.852021486118815],[-85.62477257224153,42.85298410307273],[-85.62478017224875,42.85394443919752],[-85.62479754789798,42.85490467628014],[-85.6248116950502,42.855867387940975],[-85.62482850878342,42.85683419184449],[-85.62485250459818,42.85780190039277],[-85.62487800121224,42.858772298973875],[-85.6249047463435,42.859743243228564],[-85.62492929004765,42.860709607559855],[-85.62495330583734,42.8616790556933],[-85.62497630010826,42.862648771504226],[-85.62499985215939,42.86361293613005],[-85.62502250944895,42.86457440472145],[-85.62505539846208,42.86554369527781],[-85.6250960102653,42.866510246367824],[-85.62514269499337,42.86747717930379],[-85.6251871730598,42.86844009423473],[-85.6252232094948,42.869399997671735],[-85.62525340577864,42.87036776705726],[-85.6252948806449,42.8713338654047],[-85.62533702525312,42.87229682128927],[-85.62538046717394,42.87325847440292],[-85.62542548597548,42.874220075108056],[-85.62547138426916,42.875180993413665],[-85.62551670069465,42.87614055189033],[-85.625570810355,42.877099979218],[-85.62563598573168,42.8780593033609],[-85.6256847995624,42.87901887426746],[-85.6257300728713,42.87997851976479],[-85.62577583851206,42.88093816526212],[-85.62581062954673,42.88189801850375],[-85.62584258386613,42.88285596842729],[-85.62587422633992,42.88381349212776],[-85.62592309905196,42.88477038954346],[-85.62599846665478,42.88572657468963],[-85.6260654381938,42.88668425082549],[-85.62611944717052,42.88764830858139],[-85.62617233674803,42.88861859473969],[-85.6262203174185,42.88958653303662],[-85.6262685451041,42.89055108274914],[-85.62631659387924,42.891515719822564],[-85.62636438862509,42.8924830992557],[-85.62641310969039,42.89344759848443],[-85.62645988241783,42.89441342507426],[-85.62650951216918,42.89538068632606],[-85.62656695798663,42.896341690562004],[-85.62662349792461,42.897304128897964],[-85.62668379443797,42.8982690839359],[-85.62675081858075,42.899235563191084],[-85.62681846605683,42.90020070184568],[-85.6268876499654,42.90116046305465],[-85.62695704551427,42.90212009553137],[-85.62702304595325,42.903082974065555],[-85.62708739066622,42.90405266560959],[-85.62714281893204,42.905020287543806],[-85.62718968881236,42.905981077475545],[-85.62725231449528,42.906941246285975],[-85.62731949403327,42.907901156218955],[-85.62738403545137,42.90886269652841],[-85.62744480089111,42.90982708513109],[-85.62750323370388,42.91079229141386],[-85.62770768876446,42.911743445317384],[-85.62802437719606,42.912682657505854],[-85.6284843795002,42.91358650179076],[-85.62905649416588,42.91445911565266],[-85.62966494819443,42.91531081792522],[-85.63029622382624,42.916152972931954],[-85.63092904952163,42.916997084358535],[-85.63155811539161,42.91784418240252],[-85.63217142918158,42.91869846300074],[-85.63272979216204,42.91956572054849],[-85.6330567754903,42.920502774192826],[-85.63318532532641,42.92144774400525],[-85.63330877975972,42.92240377576076],[-85.63340221173817,42.923366527117366],[-85.63348817208913,42.924331771197096],[-85.63357155791843,42.92528968190768],[-85.63365458499158,42.926249966081244],[-85.63380836090911,42.927205391866124],[-85.63438936676627,42.928058910693025],[-85.63502133650516,42.92890128251491],[-85.6356485242949,42.92974328856816],[-85.63626476146057,42.93059346531011],[-85.63688313023225,42.93144263723323],[-85.63749853728812,42.93229598204352],[-85.63810354785579,42.93315134202289],[-85.63851949242581,42.9340309480549],[-85.63848428349023,42.93497642678887],[-85.63851526000121,42.935936316451645],[-85.63858002881452,42.936900278120305],[-85.63868283663857,42.937857386901946],[-85.63919041517615,42.93865269161286],[-85.6393077292384,42.939600844412666],[-85.63937232379098,42.940567439483104],[-85.63939156066964,42.9415316474641],[-85.6393881576262,42.9424924846389],[-85.63938804699836,42.94345543381972],[-85.63938754231341,42.94442080161667],[-85.63939339043766,42.945382532246654],[-85.63940885630933,42.94634912716701],[-85.6394296524135,42.94730411420532],[-85.63963682062811,42.948198670272035],[-85.64089353757295,42.948340617592],[-85.64220803168871,42.94835226481666],[-85.64352285288167,42.948362378822516],[-85.64484131403898,42.94837367068275],[-85.64615388864357,42.94838510250533],[-85.64746029478789,42.94839701965228],[-85.64877239611995,42.948409734684454],[-85.6500789842016,42.948430670009444],[-85.65139066333421,42.94845959071314],[-85.65271163433638,42.94848178123878],[-85.65402891128369,42.94850746968392],[-85.65533921998902,42.948533610103695],[-85.65664504262112,42.94855874856512],[-85.6579552454775,42.94858467829283],[-85.65926620384673,42.94860999877842],[-85.66057471484831,42.9486363758262],[-85.6618878796784,42.948661916300246],[-85.66319190629389,42.948700984156915],[-85.66395380032455,42.94918419242096],[-85.66397043499755,42.95012140103192],[-85.66398241708171,42.951081920373085],[-85.66399543972462,42.952035661659764],[-85.66399888164112,42.95299250656182],[-85.66399851226163,42.95394771364491],[-85.66399379184335,42.954904676286226],[-85.66398244457805,42.955863530188395],[-85.66402131803721,42.956826429121755],[-85.66404758388697,42.95778596152085],[-85.66407395992212,42.95874533801165],[-85.6643353815368,42.959581181435155],[-85.6656068177364,42.959587936878776],[-85.66690776577394,42.95961921550561],[-85.66820270279754,42.9596955028138],[-85.6695025,42.95974]]}},{"type":"Feature","properties":{"routeId":"4","color":"#0066B3","dir":"Southbound","trips":200,"trimmed":0,"dests":"Meijer - Gaines Twp","lenKm":16.23,"role":"dominant"},"geometry":{"type":"LineString","coordinates":[[-85.6706585,42.9596885],[-85.66933460784497,42.95966246157991],[-85.6680339035282,42.959587899702015],[-85.66669412238045,42.95953860757831],[-85.6653910908976,42.959505173636735],[-85.6640484154253,42.959468366142005],[-85.66270195027215,42.95943861600533],[-85.66135573228783,42.95942517923009],[-85.66000555175484,42.95940197340671],[-85.65866551942088,42.95937496845316],[-85.65731956849447,42.95936399237763],[-85.65597312273962,42.959374094578294],[-85.65462730952352,42.95939217998517],[-85.65329420642863,42.95943104460876],[-85.65196431531292,42.95946729028497],[-85.65062015177018,42.95948814074637],[-85.64953444168295,42.95929204472726],[-85.64938875919192,42.95831221056351],[-85.64936810033778,42.95732724454594],[-85.64935413793629,42.95634227852837],[-85.64934175493717,42.95535007824583],[-85.64933396094176,42.95435660341157],[-85.64932788725395,42.95337651184114],[-85.64932249222082,42.95239119226953],[-85.64932190963873,42.95140401079533],[-85.64932028427384,42.95041880185045],[-85.64931674930546,42.949430240629894],[-85.649315633344,42.94844491764526],[-85.64931105797677,42.94746003847014],[-85.64929893386932,42.94647877876049],[-85.64928837452464,42.94548935417255],[-85.64927808680041,42.944500371824184],[-85.64926598190704,42.94351325142529],[-85.64925818301512,42.94252349965814],[-85.64924227233956,42.941532924891874],[-85.64919939838983,42.94054764677696],[-85.6491195330895,42.93956010834971],[-85.64903347604367,42.938560700144066],[-85.64895627387969,42.9375676860092],[-85.64887425785558,42.93658664253432],[-85.64880765203279,42.93560966059664],[-85.64873165072068,42.93463295212432],[-85.64863617057314,42.933655546832426],[-85.64854608485271,42.93265909322574],[-85.64845805010262,42.931677187766795],[-85.64836826252377,42.93069064715941],[-85.64827936060948,42.92969904350315],[-85.6481933574323,42.92870287972332],[-85.64811678517671,42.92771761371269],[-85.6480489544238,42.92673437276405],[-85.64798515820539,42.92575062056062],[-85.64791714688891,42.92476686761704],[-85.64785142288181,42.923783081203666],[-85.64778832412847,42.92279928201822],[-85.64772512298876,42.92181464588968],[-85.64766159647384,42.92082811138272],[-85.64759468432935,42.9198483432986],[-85.64752808233828,42.91886460151383],[-85.64746627194688,42.91788075233853],[-85.64740357771277,42.916900523243626],[-85.64734173843166,42.91592546566531],[-85.647293304463,42.91494984923088],[-85.64724478961276,42.91396914445428],[-85.64719917196057,42.91298598266652],[-85.64714539319836,42.912002998713035],[-85.64708658973774,42.91101992311651],[-85.6470327073608,42.91003682317333],[-85.64697807062912,42.90905372105456],[-85.64692146697621,42.908070569494214],[-85.64686917526342,42.907087318898235],[-85.646817021398,42.90610406830225],[-85.64676690552821,42.90512113772577],[-85.64672061997851,42.904138984641435],[-85.64667731295387,42.90315379414455],[-85.6466292164015,42.90216885663297],[-85.64658110994145,42.901189790523425],[-85.64651773617474,42.90021697689326],[-85.64643723149591,42.89924558338781],[-85.64635400018759,42.89827455684518],[-85.64629174520233,42.897297211359174],[-85.6462309970441,42.89631747878951],[-85.64617085211808,42.89533402103598],[-85.64612459495585,42.89435022632349],[-85.64608950296349,42.89336595884754],[-85.64606124167983,42.89238169137158],[-85.64603736262556,42.89139742389563],[-85.64602242704963,42.8904131315159],[-85.64599146261902,42.889429012244925],[-85.64595664372534,42.88844489297395],[-85.64591591656071,42.887460980629484],[-85.64586785494205,42.886476370917336],[-85.64581928632185,42.88549185953722],[-85.64578179719506,42.88451033286326],[-85.64574099389048,42.8835288061893],[-85.64567821681973,42.88254775792304],[-85.64562583708393,42.88156647115911],[-85.64557978983306,42.8805844597818],[-85.64553593313373,42.87960047213415],[-85.64549694982986,42.87861798447788],[-85.64546890674922,42.877639995412665],[-85.64544357026352,42.876663990784145],[-85.64541611050515,42.87568608916919],[-85.64539028493705,42.87470370648337],[-85.64536311799498,42.87371566027481],[-85.6453391882176,42.87273079189299],[-85.64531305904312,42.87174833200827],[-85.64528348484049,42.870764930688594],[-85.64525407560896,42.869778623970575],[-85.64522723656191,42.8687921099029],[-85.64519589925433,42.86780545608383],[-85.64516505551538,42.8668171634928],[-85.64513257392663,42.86583284527903],[-85.64509334720739,42.8648520440358],[-85.64505533110528,42.863864282351805],[-85.64502316003492,42.862876524947225],[-85.64498997077419,42.86189385783457],[-85.64495617670414,42.86091225960912],[-85.64491856824193,42.859929933376904],[-85.64487960295986,42.85894591120561],[-85.64483710293175,42.85796358279515],[-85.64478307541367,42.856984359839245],[-85.64470559114471,42.85600782173556],[-85.64454874631093,42.85503626754371],[-85.64340609342774,42.8547887834612],[-85.64210167247546,42.85478055499081],[-85.64075089817122,42.85477238051669],[-85.63941576051403,42.85476270093602],[-85.63806765269123,42.85475310964449],[-85.63671565735979,42.85474327638002],[-85.63537109077843,42.8547273898671],[-85.63402476170651,42.85471207555507],[-85.63269005206106,42.854694325721645],[-85.6313527556222,42.854676547903246],[-85.63001031171368,42.85466221158288],[-85.62866431102876,42.85463941776369],[-85.62731468664893,42.85461525157582],[-85.62596506226909,42.854587172215126],[-85.62506357035174,42.8541097220093],[-85.62496118206573,42.85314619763365],[-85.62494529797576,42.85215944961658],[-85.62493533995043,42.851173133008004],[-85.62493201133759,42.85020219777725],[-85.624943323211,42.849224881439035],[-85.62496383840339,42.848242446622166],[-85.62497105719959,42.8472599182394],[-85.62496227436864,42.84628425693421],[-85.62481975679154,42.845323892915644],[-85.62387179279165,42.8448097978889],[-85.62254118087705,42.8447764209545],[-85.6213505,42.844897]]}},{"type":"Feature","properties":{"routeId":"4","color":"#0066B3","dir":"Northbound","trips":197,"trimmed":0,"dests":"Central Station","lenKm":17.01,"role":"dominant"},"geometry":{"type":"LineString","coordinates":[[-85.621212,42.845449],[-85.62134146494117,42.84620636511726],[-85.6217479445765,42.84547863680302],[-85.6220397097603,42.84489329481258],[-85.62346567882196,42.844872543783744],[-85.62466865880737,42.84508681892981],[-85.62481211981259,42.84612845818877],[-85.62482586508072,42.84717600798196],[-85.62484254797607,42.848198843110815],[-85.62513556648067,42.84921651682057],[-85.62592648852633,42.84994953721845],[-85.6273016899045,42.850140274989386],[-85.62855774027695,42.85053222857611],[-85.62934295088866,42.85137875564029],[-85.62994670299213,42.85226676310889],[-85.63015747124507,42.85329966814798],[-85.63044052048026,42.85429074698114],[-85.63159427512198,42.85474671004558],[-85.63302751637667,42.85478333597462],[-85.63446075763136,42.85479029761834],[-85.63589311254302,42.854799685690395],[-85.63732710157791,42.854809454159806],[-85.63876025426316,42.854818541575064],[-85.6401855379645,42.854826],[-85.6416164604584,42.854829396255134],[-85.64304743775457,42.8548223474931],[-85.64440139741042,42.85478865136501],[-85.64464728628327,42.8538868577273],[-85.64561344751021,42.853469475624415],[-85.64673258103676,42.85306559565492],[-85.64797263450633,42.852933319040666],[-85.64862044846919,42.85374204133571],[-85.64846808275101,42.854697564935314],[-85.6470945554908,42.854816607568154],[-85.6456978859306,42.854832914585266],[-85.64480668524233,42.85519203898593],[-85.64469864405572,42.856237520863445],[-85.64472370883668,42.857284550663756],[-85.64475447493317,42.85833158046406],[-85.64479017785732,42.85937857598109],[-85.6448241188989,42.86042556464549],[-85.64485674236023,42.86147255330989],[-85.64488950845617,42.862519500375925],[-85.64492254148871,42.86357529940425],[-85.64495179354515,42.86462037557843],[-85.6449767299831,42.86566323254253],[-85.64500032412037,42.866707823628076],[-85.64502507671813,42.867754949789564],[-85.64505272259282,42.86880203054281],[-85.64508091215791,42.86984901298346],[-85.64511033209435,42.87089608906825],[-85.64513893235758,42.87194313542503],[-85.64516976137621,42.872990122616045],[-85.6452000037135,42.87403715267704],[-85.64522960368939,42.87508454556747],[-85.64526087736925,42.87613335543566],[-85.64529621723825,42.8771765399122],[-85.64534581000972,42.87821898628961],[-85.64539335736025,42.879261421823855],[-85.6454383794694,42.88030389024118],[-85.64547534908293,42.88134675718375],[-85.64549991786097,42.88238910743242],[-85.645515872062,42.883431444353306],[-85.64556304795374,42.8844739412577],[-85.6456220884797,42.88551778410568],[-85.64568074823542,42.886567059852446],[-85.64573763085365,42.88761647173165],[-85.64578968310191,42.888660200067164],[-85.6458241932143,42.88970374181612],[-85.64583411752245,42.89074782334363],[-85.64584427810557,42.89179181693167],[-85.64587817519012,42.89283555953587],[-85.64591557165443,42.89387930214006],[-85.645961031737,42.89492304094262],[-85.64602118825992,42.895966949590665],[-85.64608348662733,42.89701597989544],[-85.64614774659064,42.898067276231664],[-85.64625988530031,42.89911025211541],[-85.64633549440484,42.90016000373708],[-85.64639603127547,42.90120631950694],[-85.64645619293285,42.90225371347079],[-85.6465113702328,42.90329673671976],[-85.64655680626049,42.90434528623798],[-85.64660403342613,42.90540131252501],[-85.64666116094327,42.90644997034168],[-85.64672120505382,42.90749855060183],[-85.64677888905732,42.908547130861976],[-85.64683453287066,42.90959571927003],[-85.64689393337504,42.910644409472326],[-85.64698259510519,42.91168563457414],[-85.64704487115095,42.912728204551215],[-85.64710955799295,42.91377632259446],[-85.6471817331879,42.91482387709978],[-85.64724786487639,42.915875809433096],[-85.64731438284501,42.91692394518692],[-85.64738428939616,42.917967655940515],[-85.64745305196827,42.919015571717864],[-85.64751787698498,42.920063543166684],[-85.64758157643784,42.92111153913648],[-85.64765329880728,42.92215936389479],[-85.64772598914713,42.92320260271079],[-85.64779694736735,42.92424163941692],[-85.64786483634656,42.92528666706211],[-85.64793241366051,42.926338734080254],[-85.64799986745582,42.92738107751861],[-85.64809459722586,42.9284314118637],[-85.64818883491596,42.929469930434536],[-85.64828316059959,42.93050662022431],[-85.64838439646883,42.931550085154505],[-85.64848440748491,42.93259868600817],[-85.64857558347121,42.933641441743745],[-85.64867036436827,42.93467944145378],[-85.64874579366081,42.93571856277248],[-85.64881721380914,42.93676028443174],[-85.64889659660909,42.93780417008411],[-85.64897667834681,42.938842525242414],[-85.64905692021792,42.939883973785946],[-85.64911912626768,42.94092360898846],[-85.64915823232387,42.9419674216765],[-85.64918671857274,42.943009003696176],[-85.64920442195701,42.94404925992553],[-85.6492130370593,42.945090514381995],[-85.64922194224435,42.94614178447546],[-85.64923333500153,42.94719369046649],[-85.64922513414787,42.948244108676576],[-85.64923358675966,42.94928155798403],[-85.64924059264938,42.95033391925586],[-85.64924338207884,42.951370167945086],[-85.6492488125122,42.95241324229698],[-85.64925482894596,42.9534518268547],[-85.64926503366168,42.954490915177225],[-85.64926947412962,42.955529601734945],[-85.64930116820015,42.956577765232964],[-85.64933271084345,42.957619988066256],[-85.649365600244,42.958658892160805],[-85.6497287229433,42.95951595751227],[-85.65113446866738,42.95952578790566],[-85.65254371856628,42.95948334380141],[-85.65396119335605,42.959441548541285],[-85.65539625192346,42.95940173058368],[-85.65681065431015,42.95939044082125],[-85.65822498886129,42.95940956734181],[-85.65963917975076,42.959448669950845],[-85.66105296609504,42.95948906794732],[-85.66246318846005,42.95951978652669],[-85.663867318069,42.95956365355402],[-85.66526738171542,42.95958338414624],[-85.66667143974486,42.95961232461933],[-85.66809440548828,42.95969025381658],[-85.669513,42.959743]]}},{"type":"Feature","properties":{"routeId":"2","color":"#ED1C24","dir":"Southbound","trips":195,"trimmed":0,"dests":"Meijer-Gaines Twp","lenKm":15.62,"role":"dominant"},"geometry":{"type":"LineString","coordinates":[[-85.670666,42.959684],[-85.66937852550929,42.95965616167501],[-85.668125671779,42.959595885900534],[-85.66684468207181,42.95954326012112],[-85.66557546211004,42.95951378152763],[-85.66437624585923,42.95935527054791],[-85.66416804456442,42.95846132414173],[-85.66414720478926,42.95751840287909],[-85.66413775960874,42.95657623836474],[-85.66415842118118,42.95563767156274],[-85.66412358558976,42.95469545558253],[-85.66408463569896,42.95375144311725],[-85.66406298338006,42.952805435538544],[-85.66405280377296,42.951859435854345],[-85.66404070571348,42.95091667717702],[-85.66403019353352,42.949980496263116],[-85.66400163021659,42.94903824422398],[-85.66314400185097,42.94864451232142],[-85.66186497051913,42.94861433222916],[-85.66057761313016,42.94858406922498],[-85.65929077295999,42.94854183146968],[-85.65799658964656,42.948517678222835],[-85.65670282404642,42.94850309756051],[-85.65540892656773,42.948484762844394],[-85.65410832308943,42.948461349711366],[-85.65281804333304,42.94843599904717],[-85.65152638523759,42.948409024289475],[-85.65023461202003,42.94837222470486],[-85.6489157183115,42.948346215429694],[-85.64762318960088,42.948341971585954],[-85.6463308043703,42.94834018207015],[-85.64503840524823,42.948335008205376],[-85.64375208123545,42.948321691422215],[-85.64246914991736,42.94830706176583],[-85.6411774827056,42.94828786276073],[-85.63988358831214,42.94824602131713],[-85.63950187938111,42.94741183228785],[-85.63948026228717,42.94646769256511],[-85.63946880256668,42.94552245495757],[-85.63946243875117,42.944577288217474],[-85.63945686831671,42.94363181983031],[-85.63945105930685,42.94268028229306],[-85.639449,42.94173230899735],[-85.63944109654469,42.940788086666835],[-85.63939272343326,42.93984891436494],[-85.63931463082024,42.938902539535015],[-85.6389028943289,42.938044002829926],[-85.6386891587093,42.937121178910495],[-85.63860116117588,42.93617717168735],[-85.63853942321686,42.935234269089186],[-85.6385055427499,42.93430214219275],[-85.63826433558484,42.9334544326678],[-85.6377572982159,42.932583264173125],[-85.63716342697408,42.9317455622535],[-85.63655537059262,42.930910764723386],[-85.63594564631057,42.9300747534118],[-85.63533802626908,42.929238427659],[-85.63474060310246,42.928401187762475],[-85.63414125815314,42.92757172560228],[-85.63385800656063,42.92665653714361],[-85.6337335706677,42.92572295075509],[-85.63361598368873,42.92478730539388],[-85.63353596152797,42.923844562684444],[-85.6334553023951,42.9229019000176],[-85.63338040644707,42.92195909407372],[-85.6332909214408,42.921016292358445],[-85.63308724345086,42.920107000071205],[-85.63264188322728,42.919210901248185],[-85.63212759663993,42.91837504550015],[-85.63151997890566,42.91751540159014],[-85.6308986733258,42.916684073536025],[-85.63027736774595,42.915862388880846],[-85.62966347758561,42.91503985181087],[-85.62906659584732,42.91421160628359],[-85.62849897692833,42.91336591923472],[-85.62813888087409,42.912454069442376],[-85.62783254741584,42.91152932797624],[-85.62765573059252,42.91059223443353],[-85.62757380173903,42.90964295399928],[-85.62751458820844,42.90869246569024],[-85.6274546229979,42.90774890864089],[-85.62739552084338,42.906800255492925],[-85.62733492240434,42.90584895373233],[-85.62727372967991,42.9049094611224],[-85.62720957690915,42.903960846472906],[-85.62714456818942,42.90300954273096],[-85.62707850038387,42.902060595227546],[-85.62701154435891,42.901111820539455],[-85.62694689421899,42.900166655302854],[-85.62688642755401,42.89922175847396],[-85.62682784387223,42.898277396343694],[-85.62676329782188,42.89733127235262],[-85.62670346256397,42.89639328373885],[-85.62664511654373,42.89545401964276],[-85.62659332160386,42.894508082997135],[-85.62654530515815,42.89355911182528],[-85.6264984513032,42.892610944867414],[-85.62645283678309,42.891665508214885],[-85.62640570552989,42.890715705935186],[-85.62636062369806,42.889772345750586],[-85.62631500624425,42.88882077156873],[-85.62628071724721,42.88787401704726],[-85.62624685954648,42.88692399617817],[-85.6262036885909,42.88597473970602],[-85.62616179129789,42.885025645474734],[-85.62612107629172,42.88408028313925],[-85.62608787764272,42.88313505097253],[-85.62603809658896,42.88218481640273],[-85.62598114006403,42.88124016873871],[-85.62592345523757,42.88029639693956],[-85.62588071287563,42.87935168784195],[-85.62584031066623,42.87840315288048],[-85.62581135403408,42.8774553478158],[-85.62577504249288,42.876510897390155],[-85.62573111366427,42.87556294746766],[-85.62568774799973,42.874610929111206],[-85.62564376319581,42.873662207275174],[-85.62560104700371,42.87270987900018],[-85.62555874338541,42.87176197598258],[-85.6255109461721,42.87082080279761],[-85.62546357362874,42.86987408585257],[-85.6254243797565,42.86892190885612],[-85.62539391325573,42.867969321652595],[-85.62536140369521,42.86702320962707],[-85.62532524444437,42.86607099749023],[-85.62529039731405,42.86512328189243],[-85.62526087207404,42.86417374805894],[-85.62523730746696,42.863221407346465],[-85.62521366548744,42.86227371468715],[-85.62519099349602,42.861323095940016],[-85.62516730448496,42.860372520724056],[-85.62514218148209,42.85942701179132],[-85.62511674952137,42.858476937562344],[-85.62508860635457,42.857526965373125],[-85.62505297566624,42.856577104416075],[-85.62501546374607,42.855630809759255],[-85.62498446390299,42.854684579102184],[-85.62496784824444,42.853731024519426],[-85.62495585646744,42.85278459228598],[-85.62494204778929,42.85184042164242],[-85.62493076855746,42.85089217251772],[-85.62492812742357,42.84994916734152],[-85.62494212024347,42.84899918846321],[-85.62496572381772,42.84805705356769],[-85.62497787599403,42.84711428199973],[-85.62496157748633,42.846172135508084],[-85.62484852207844,42.845264349009845],[-85.62385270416324,42.84473492695317],[-85.6225816474761,42.844768241155776],[-85.6213,42.844811]]}},{"type":"Feature","properties":{"routeId":"9","color":"#B9E5FB","dir":"Southbound","trips":188,"trimmed":1,"dests":"Central Station","lenKm":10.34,"role":"dominant"},"geometry":{"type":"LineString","coordinates":[[-85.692641,43.035334],[-85.69177790811239,43.03533624045346],[-85.69091979991116,43.03534080817849],[-85.69006731189766,43.03522040637946],[-85.68975836950183,43.03476149253023],[-85.68973863439825,43.03412274159609],[-85.6897214055868,43.03348901581471],[-85.68969878266621,43.032857826494286],[-85.68967136438076,43.03222358690335],[-85.68964695507879,43.031590294985584],[-85.68963562145916,43.030957269357074],[-85.6896534032374,43.03032450100311],[-85.68974013164922,43.02968816658227],[-85.68989277864601,43.029162],[-85.69072374858659,43.02913691855986],[-85.69153194717074,43.0288918124543],[-85.69233240397301,43.02844188706498],[-85.69264615853106,43.02792938575549],[-85.69269775418259,43.027308813595354],[-85.69276411553757,43.02668824143522],[-85.69268747190195,43.02606766927508],[-85.6920664091182,43.025817237179744],[-85.69120640848543,43.025772275480016],[-85.69034742768459,43.02575822889636],[-85.6894990281485,43.02574922980034],[-85.68886662110842,43.025747236179384],[-85.68815401390259,43.02575676543631],[-85.68729647818806,43.025768130967535],[-85.68652382505567,43.02568795345245],[-85.68575500501136,43.025190758667925],[-85.68568983445317,43.02458624667221],[-85.6857297169725,43.023977324125354],[-85.68581829663908,43.02335102771999],[-85.68591099594688,43.02272473131462],[-85.68601067485874,43.022098434909246],[-85.6860785365056,43.02147055928076],[-85.68658199531201,43.021128447420146],[-85.68743835687675,43.0210535543431],[-85.68829770561574,43.02102503280151],[-85.68874092374003,43.02075157516444],[-85.68907526074902,43.02016445992112],[-85.68909118878828,43.01953154859448],[-85.68908018963413,43.01889863726784],[-85.68906290488039,43.01826571899424],[-85.6890431466342,43.0176372110384],[-85.6890228946497,43.017004316393404],[-85.68900121200309,43.01636943680831],[-85.68897952935649,43.01573518868598],[-85.68895806906994,43.015105813650884],[-85.68893601774515,43.0144764568906],[-85.688914508275,43.013847107953815],[-85.68889767597317,43.0132177469997],[-85.68888265015923,43.01258831306094],[-85.68886790536017,43.011958879122176],[-85.68885196363411,43.01132801370586],[-85.68883670915793,43.01069275324084],[-85.68882172270546,43.01005740214751],[-85.68880746852855,43.00941900975732],[-85.68879215994379,43.00878061970387],[-85.68877880277017,43.008149045084544],[-85.688764447092,43.00751647043844],[-85.68874214983009,43.00688128182419],[-85.6887161462906,43.0062471411184],[-85.68869001095698,43.00562101303698],[-85.68866881599179,43.004991820076825],[-85.68865144616524,43.004358143326364],[-85.68863606517009,43.00372885152346],[-85.68862161453372,43.00309509796703],[-85.68860737208182,43.00246483323197],[-85.68859300956584,43.00183455334281],[-85.68857694550445,43.00120426417864],[-85.68855816382477,43.00057397501446],[-85.68853341388461,42.99994368585029],[-85.68851236764986,42.99931346136975],[-85.68849180707818,42.99868326644756],[-85.68847484485113,42.998053071525355],[-85.68845764949748,42.99742287660316],[-85.68844096765112,42.996790497156],[-85.68842435314575,42.99616248675877],[-85.68840931541565,42.99553164943357],[-85.68838908801044,42.99489500016405],[-85.68836859300974,42.994264013316965],[-85.68834649234431,42.99363018120756],[-85.68832436595018,42.99299730587169],[-85.68831249369282,42.99237342500743],[-85.68830316563238,42.99174716612952],[-85.6882886017345,42.991117447131806],[-85.68827200905878,42.99048869816934],[-85.68825532193809,42.98985815386319],[-85.68823904649408,42.98922499883734],[-85.68822484254936,42.98859073049405],[-85.68820526558919,42.987956431631616],[-85.68818360675547,42.987325444456296],[-85.68816300527907,42.986687982674354],[-85.68814232741626,42.98605463989728],[-85.68812904585158,42.98542535459891],[-85.68811668708594,42.98479624234187],[-85.68808604636541,42.98416504179922],[-85.68806769222044,42.9835291191452],[-85.68805283240503,42.982893662586584],[-85.68803491615536,42.98226077289851],[-85.68801571685815,42.981625279444316],[-85.68798888679274,42.98099428864066],[-85.6879668835871,42.980362613939874],[-85.68794578389213,42.97972293919587],[-85.68792521260706,42.97909055558907],[-85.68792122592981,42.978462735313556],[-85.68795718766141,42.97783401546657],[-85.68796739464996,42.97719986261618],[-85.6879534548286,42.97657046784065],[-85.68795898184997,42.9759478594361],[-85.68788378992767,42.97535300886366],[-85.68743310565117,42.974813439417595],[-85.68697199728322,42.97427205895492],[-85.68651511794445,42.97372920636552],[-85.68606696919682,42.97318664250996],[-85.68563242124688,42.97263961509383],[-85.68520056677414,42.97208809568378],[-85.68473669501577,42.97155206722345],[-85.68426637761675,42.97102521306222],[-85.6835407269961,42.97073691172628],[-85.68270209725209,42.97063367689281],[-85.68183733899885,42.970608593848524],[-85.68096883293218,42.97059688166256],[-85.68009650801382,42.97057368328933],[-85.6792372281119,42.970545036308714],[-85.67837718401384,42.9705127777714],[-85.67751588807123,42.97048788759571],[-85.67665066167929,42.97046134532534],[-85.67578790106955,42.97041993376416],[-85.67493305806202,42.970375589473214],[-85.67407836942333,42.970340964482475],[-85.67322019416952,42.97031681542483],[-85.67241405400605,42.97020683866809],[-85.67223120073392,42.96961652543384],[-85.67223008735499,42.968986430690656],[-85.6722350083833,42.96835372227871],[-85.67223848350098,42.96772332823452],[-85.67221578947529,42.96709193767921],[-85.67219300521634,42.96646950372527],[-85.6722033132326,42.96584234411604],[-85.67221635881857,42.96520937619545],[-85.67244573075475,42.96463396398373],[-85.67286439154077,42.96408218819346],[-85.67325487989815,42.96351726886406],[-85.67363386244793,42.962948126675286],[-85.67393698201018,42.96238164748461],[-85.67363428267696,42.96188009714324],[-85.67355924813887,42.961254220821054],[-85.673521,42.960626]]}},{"type":"Feature","properties":{"routeId":"11","color":"#0066B3","dir":"Southbound","trips":182,"trimmed":6,"dests":"Central Station","lenKm":10.31,"role":"dominant"},"geometry":{"type":"LineString","coordinates":[[-85.6282765,43.031526],[-85.62907120135819,43.03174679077243],[-85.62942755643623,43.03124620085197],[-85.62949969156017,43.03064580866804],[-85.62999760302193,43.03014040289301],[-85.63049710420708,43.029632320568325],[-85.63095176033606,43.02910429656792],[-85.63137345716115,43.028555025939724],[-85.63173444011721,43.02799096520741],[-85.63202456485797,43.027399447908905],[-85.63225961476239,43.026797733378885],[-85.63244095559602,43.02618660999285],[-85.63260252054287,43.025571943417084],[-85.63275335148964,43.02495697149068],[-85.63287428840313,43.02433952513359],[-85.63298237084808,43.02371837294853],[-85.63309068673716,43.02309687508577],[-85.63324197289464,43.02248397227336],[-85.6335744015027,43.0219145330712],[-85.63393023753979,43.021333613646775],[-85.63433648058717,43.02079202823859],[-85.63489642050916,43.020331774161406],[-85.63554919209194,43.019923669136],[-85.63623103625164,43.01955488948255],[-85.63697290677716,43.0192474321735],[-85.63774874368761,43.01898596733945],[-85.63853681570912,43.01874924429251],[-85.63932997297616,43.01851467125743],[-85.64012725098034,43.018280049806265],[-85.64090971246401,43.01803353726949],[-85.64165739055997,43.01772316526049],[-85.64239884439205,43.01740981821929],[-85.64314885247728,43.017095269540704],[-85.64385113853413,43.016768667891924],[-85.6442767401976,43.01622054495759],[-85.6446987478351,43.01567284880086],[-85.64512251566266,43.01512736883869],[-85.6455187182235,43.01457254453534],[-85.64586895285512,43.01400082751269],[-85.64622374489215,43.01343025855256],[-85.64659067926067,43.01286825700032],[-85.64696189378378,43.01230256254841],[-85.64734014418126,43.01174207798289],[-85.64771925131348,43.01118062465562],[-85.64809943415372,43.0106184409449],[-85.64848113384363,43.01005625723419],[-85.64886207103595,43.00949550671395],[-85.64924342735469,43.00893392964611],[-85.64962470766196,43.00837349775577],[-85.65000508304749,43.007811734923905],[-85.65038671578283,43.00724970501252],[-85.65079484837003,43.006697156453576],[-85.65120332066493,43.006145920264046],[-85.65161351278948,43.005595031532835],[-85.65202273195112,43.0050455465351],[-85.65243204849689,43.00449721668619],[-85.6528465274103,43.003949061159474],[-85.65327315530776,43.00340417651016],[-85.65369821139191,43.00285998239707],[-85.65412054656865,43.002314012867714],[-85.65454116000745,43.00176601096216],[-85.65496512304316,43.00121855380283],[-85.65538774763762,43.0006712632823],[-85.65581034985023,43.000125162160714],[-85.65623299682653,42.99958095020709],[-85.6566565010953,42.99903595325169],[-85.6570783990808,42.99849141362362],[-85.65749751584931,42.99794719290116],[-85.65791886126377,42.99740235339928],[-85.65834395720347,42.996856583593235],[-85.65876954085999,42.99631122048203],[-85.65919360008552,42.995765917133326],[-85.65961691032724,42.99522000059468],[-85.66004528881335,42.9946783874288],[-85.66047002821784,42.99413140946042],[-85.66088869696064,42.99358751690875],[-85.6613138366234,42.993045983850834],[-85.66173960029202,42.99250126722519],[-85.66216259950497,42.991960756438814],[-85.6625837835219,42.99141009969172],[-85.66300857448098,42.990863998742796],[-85.66343005137645,42.99031765179947],[-85.66385623422616,42.989774818148206],[-85.66428778968199,42.989233823320106],[-85.66470494595497,42.98869063193074],[-85.66512683736536,42.988145437425615],[-85.66554810162307,42.987600187002116],[-85.66596591032115,42.98705467022086],[-85.66634814184279,42.986492393876055],[-85.66670844097976,42.98592279297239],[-85.66701881688002,42.985345983693854],[-85.66712097751005,42.984799431902786],[-85.66637167511485,42.984600858485834],[-85.66552500480915,42.98457733231736],[-85.66467207889315,42.98456939738915],[-85.663816542187,42.984559415204714],[-85.66296037562039,42.98454891373954],[-85.66224126186887,42.98442968844687],[-85.66212252017763,42.98381291534892],[-85.66211257743227,42.9831864011537],[-85.66210495132592,42.98255968334777],[-85.6620988378063,42.98193238944863],[-85.66209438474863,42.98130508910272],[-85.66208438418602,42.980679281285646],[-85.66207582448051,42.98005221297719],[-85.66206684092967,42.97942514324896],[-85.6620586339925,42.97879775683393],[-85.66205122731914,42.978169648693296],[-85.66204525463019,42.97754153586554],[-85.66204133462116,42.976913552393285],[-85.6620349079357,42.976287130632386],[-85.66202996811671,42.97566061909697],[-85.6620262913952,42.97503304444261],[-85.66202129501308,42.97440641559625],[-85.66201460714822,42.97378213729105],[-85.6620083595214,42.973154721290825],[-85.66200362100167,42.97252757339285],[-85.66200241916637,42.9719018494107],[-85.66200659966873,42.97127855580497],[-85.66201728265324,42.97065393643652],[-85.66250373432078,42.970368601112696],[-85.66334237803167,42.97039929638733],[-85.66418184678275,42.97049151813114],[-85.66502440184104,42.970571924280335],[-85.66587863577689,42.97056783957139],[-85.66673192014075,42.970552860190125],[-85.66758715444294,42.97052787090462],[-85.66843967793626,42.97050576086767],[-85.66929579952262,42.97049560216853],[-85.67015183363341,42.97047971016072],[-85.67100592909377,42.97046291510922],[-85.67183316203514,42.97041263300642],[-85.67216502599835,42.969905910862096],[-85.67218104694004,42.96928123659387],[-85.67219972565505,42.96865393628032],[-85.67221483018551,42.96803234593462],[-85.67218834271611,42.96740936208296],[-85.6721648125143,42.96678369809608],[-85.67214823362258,42.966162357920794],[-85.67215941988758,42.965536564553275],[-85.6722386029227,42.964924532580525],[-85.67265020975371,42.96437967248498],[-85.67306042528477,42.96383939099613],[-85.67344548070827,42.96328907964819],[-85.67381908968088,42.96272812505903],[-85.67419869068095,42.9621644165329],[-85.67455937409412,42.96159976360096],[-85.6749261668304,42.9610405121643],[-85.67528709686792,42.9604731395555],[-85.675613,42.9599025]]}},{"type":"Feature","properties":{"routeId":"90","color":"#43AD49","dir":"Inbound","trips":166,"trimmed":0,"dests":"Central Station","lenKm":14.9,"role":"dominant"},"geometry":{"type":"LineString","coordinates":[[-85.663864,42.856148],[-85.66476352973461,42.855554797082334],[-85.66463531975205,42.85498055748465],[-85.66369363443886,42.85528397946198],[-85.66369668872599,42.85618930955273],[-85.66373066066305,42.857103032431866],[-85.66376246662561,42.85801481544773],[-85.66379396409255,42.858925909627615],[-85.66382555259798,42.85983780012929],[-85.66385675817364,42.86074818367344],[-85.66388677018475,42.86165782124378],[-85.6639177274867,42.862567889222206],[-85.66394636820549,42.86347774547158],[-85.66396957917505,42.864386987825185],[-85.66399626668385,42.86529675421311],[-85.66403366064944,42.86620608250584],[-85.66406667323353,42.86711534839648],[-85.6641022233075,42.86802319955483],[-85.66413886097729,42.868932166444964],[-85.6641713851279,42.86984344226336],[-85.6642044076275,42.870755060340535],[-85.66423456421668,42.87166642679389],[-85.66426615283515,42.87257798613865],[-85.66430357558485,42.87348889446269],[-85.6643441992945,42.874400747114564],[-85.66438161748144,42.87531170076224],[-85.66441789625574,42.876222751305676],[-85.66445381400246,42.87713384540983],[-85.66448765993118,42.87804507416911],[-85.66451323708438,42.878957442947524],[-85.66453367827681,42.87986721802709],[-85.66455510219875,42.88077858944739],[-85.66457900466567,42.881688929481214],[-85.66460644528966,42.88260174803071],[-85.66464232136244,42.883512837145844],[-85.66468010425345,42.88442381563088],[-85.66471690134836,42.885335089912765],[-85.66475509381473,42.88624554712271],[-85.66478811093026,42.88715514478052],[-85.66482160513111,42.888065172321305],[-85.66485523576571,42.888978028774076],[-85.66488999040044,42.889890907485025],[-85.66492422361657,42.89080033319392],[-85.6649612593769,42.89170955209031],[-85.66499874089743,42.89261896672059],[-85.66503710168246,42.8935296687122],[-85.66507542399776,42.89444073996735],[-85.6651153055027,42.89535249399235],[-85.66515520126424,42.89626426709406],[-85.66519401706813,42.89717504786748],[-85.66523046965663,42.8980856089373],[-85.66526825089647,42.898996064911856],[-85.66531795555994,42.89990650402953],[-85.66536071753572,42.90081820640491],[-85.66540020113717,42.90172905110107],[-85.66544028084367,42.9026396933899],[-85.66548143375165,42.903550286798165],[-85.66552301449858,42.90446087211292],[-85.66556374137963,42.90537042374183],[-85.66560492880035,42.90627984263545],[-85.66564740579624,42.90718922471824],[-85.66569105864853,42.90809857005699],[-85.6657330486352,42.90900791051807],[-85.66577551795694,42.90991728401352],[-85.66581727173954,42.91082683776815],[-85.66585573976539,42.91173714092508],[-85.66588680328353,42.91264750547819],[-85.66595764750522,42.913554906002446],[-85.66600045573912,42.91446641249672],[-85.6660385257203,42.9153783943445],[-85.66608238982752,42.91629016445628],[-85.66612493524649,42.91720191316232],[-85.66616868380456,42.91811373361334],[-85.66621177480904,42.91902555603107],[-85.66626598084751,42.91993583517535],[-85.66632278441189,42.92084569292059],[-85.66637071853665,42.92175710234464],[-85.66640863103335,42.922668712859604],[-85.66644679722023,42.92358026050394],[-85.66648547901266,42.92448595984394],[-85.66652619127467,42.925397581111774],[-85.66656205536603,42.926307994783485],[-85.66658332133173,42.92721869677571],[-85.66662656424617,42.92812786414539],[-85.66669353308272,42.92903766389095],[-85.66673869101012,42.92994801842217],[-85.66678419294894,42.930858349312146],[-85.66683073961977,42.93176863310696],[-85.66687611540222,42.932679899374115],[-85.6669212142913,42.933591536632136],[-85.6669677089409,42.934503165111934],[-85.66700930046068,42.93541493866459],[-85.6670539188816,42.93632648332734],[-85.66710845970127,42.93723632816143],[-85.66715654813348,42.9381457407018],[-85.66721289141861,42.93905532177231],[-85.66725378201663,42.93996541107384],[-85.66728001369513,42.94087576146066],[-85.66729291615994,42.94178629062776],[-85.66730708828639,42.94269690450653],[-85.6673268665675,42.94360716812359],[-85.66735412167762,42.9445174437423],[-85.66737980566336,42.945427868837896],[-85.66739973955899,42.946338227207995],[-85.66741660140363,42.947247619107785],[-85.66742836431914,42.94815753430984],[-85.6674372367097,42.949068361090006],[-85.66746182367142,42.949978986412574],[-85.66748424112924,42.950889960334536],[-85.66750537944978,42.95180128446815],[-85.66752385744826,42.95271267746938],[-85.66753040294215,42.9536238410124],[-85.6675394821063,42.95453508058931],[-85.66753850526867,42.95544575690111],[-85.66685360974962,42.955900208580765],[-85.66560840777842,42.95587450713733],[-85.66438479476447,42.95582457145042],[-85.66403012620975,42.95645494577534],[-85.66404707018755,42.95736538847244],[-85.66407604879929,42.958276009730454],[-85.6640723701582,42.959186398515484],[-85.66411322976245,42.960095162230616],[-85.6641537044537,42.96099990583328],[-85.66417817436081,42.96191019029759],[-85.66422207387454,42.96281549095304],[-85.66484307279927,42.96340904483112],[-85.66494233803164,42.96431839894677],[-85.66492504257415,42.96523078032998],[-85.66492368058249,42.9661414375134],[-85.6649403866538,42.96705218522962],[-85.66495747575735,42.96787178027297],[-85.66517144399089,42.968678768670415],[-85.66630355076249,42.96892295667087],[-85.6665010304913,42.96980029119307],[-85.66690056487585,42.970517829863105],[-85.66811822595034,42.97052314722481],[-85.66934937795308,42.970493792904115],[-85.67059118730782,42.97047262753234],[-85.67179984737112,42.9704080032775],[-85.67209913171693,42.96961837134853],[-85.67206171546657,42.968711474424964],[-85.67205167382724,42.96780123772433],[-85.6720299489608,42.96689405951755],[-85.6720432369043,42.96599343097877],[-85.67210784984647,42.965123378972116],[-85.67261593555986,42.964303375952966],[-85.67323498115977,42.96353012364183],[-85.67375377415901,42.9627189063018],[-85.67356204131866,42.961940339648464],[-85.673506,42.96104]]}},{"type":"Feature","properties":{"routeId":"9","color":"#B9E5FB","dir":"Northbound","trips":160,"trimmed":0,"dests":"Walmart-Alpine Twp / Walmart - Alpine Twp","lenKm":13.07,"role":"dominant"},"geometry":{"type":"LineString","coordinates":[[-85.673439,42.96089],[-85.67352416258655,42.96166546253765],[-85.67387727492536,42.96235985862882],[-85.6734863288102,42.96308083365828],[-85.67297124333228,42.963791461135585],[-85.67243018743234,42.96450352055042],[-85.67208726802795,42.965262375394374],[-85.67210171504667,42.96607224317421],[-85.6721313194336,42.96686696573252],[-85.67216659632442,42.967672928743056],[-85.67218638720294,42.96847488379939],[-85.6721903466379,42.96928232190605],[-85.67226008280153,42.9700807069115],[-85.67315752973627,42.97040027307378],[-85.67426367942002,42.97043243408947],[-85.67537528117683,42.970483108826016],[-85.67648341869148,42.970537387182695],[-85.67759268936973,42.9705855514939],[-85.6786981867246,42.97061039389233],[-85.67980900814769,42.97062198343437],[-85.68092565154407,42.97064215259181],[-85.68203613222984,42.970672677107046],[-85.68314036329872,42.970717536482425],[-85.68410692330613,42.9709737164557],[-85.68472594039972,42.971641251044396],[-85.68527954191666,42.972348896130825],[-85.6858327383585,42.97305182847364],[-85.68641784500676,42.97374174898026],[-85.6870159339362,42.974427013782375],[-85.68760241374892,42.97511752915353],[-85.68780525711298,42.97590709700336],[-85.68789499108948,42.976715985630136],[-85.68790637193388,42.977530231303184],[-85.6878518527864,42.97833210924616],[-85.68787200227723,42.97914378661437],[-85.68789332130012,42.97995398243138],[-85.68790816542591,42.98076440309103],[-85.68793556004144,42.9815717562458],[-85.6879721331476,42.98238126598815],[-85.68799167774941,42.98319744085361],[-85.68800602923048,42.98401152897867],[-85.68801528120811,42.984825679347686],[-85.68801979268756,42.98563968397977],[-85.68806317437205,42.98645279453267],[-85.68808677388924,42.987264481780116],[-85.68810850105876,42.98807758328574],[-85.68813170508693,42.988891884997216],[-85.68815661361276,42.989703052089325],[-85.68817269002312,42.99051676566681],[-85.68818808303178,42.9913295932504],[-85.68820606165158,42.99214148467985],[-85.68822950185331,42.99295260800302],[-85.68825229764917,42.99376459531613],[-85.68827514776524,42.99457736239367],[-85.68829949448332,42.99538709076613],[-85.68832053155151,42.99619616035631],[-85.68833949531127,42.99700531759638],[-85.68835528557165,42.99781552868364],[-85.68836995809991,42.99862614611514],[-85.68838324328249,42.99943677150451],[-85.68839703192012,43.00024733505731],[-85.68841177992842,43.00105778917379],[-85.68842238429241,43.00186854539344],[-85.68843394919944,43.00267918295516],[-85.68845068042305,43.003489787591924],[-85.68847316753946,43.00430029453729],[-85.68849754817333,43.005112791100125],[-85.68852173572552,43.00592598016428],[-85.68854816834022,43.006734963751455],[-85.68857739746863,43.00754335135113],[-85.6885994434903,43.00835618447971],[-85.6886201150229,43.00916624692631],[-85.68863909467481,43.00997463497973],[-85.68865672236271,43.01078467840926],[-85.68867546843731,43.01159671228547],[-85.68869558376404,43.01240874255703],[-85.68871261231298,43.01322075343573],[-85.68872522025062,43.01403269360637],[-85.68874673219608,43.01484629295059],[-85.688773496341,43.01566008027288],[-85.68880179911922,43.016473884426986],[-85.6888216863172,43.01728768281902],[-85.68883953709718,43.01810148121105],[-85.68883769332517,43.01891533383785],[-85.68882324729853,43.019729165035514],[-85.68869400887027,43.02052774397005],[-85.68800726341732,43.02089129161535],[-85.6869362881504,43.0209119880855],[-85.68613672579482,43.021071396236366],[-85.68595133130623,43.02186738608746],[-85.6858826530304,43.02267398654334],[-85.68577523734263,43.02347761240593],[-85.68569508976677,43.0242887112876],[-85.68565833397463,43.025099871460355],[-85.68633364228651,43.025785143850825],[-85.6874435910888,43.025857674971945],[-85.6885020906995,43.025834155461325],[-85.68918242137406,43.02582627987654],[-85.69026784420275,43.025828982028145],[-85.69133092459651,43.02586956826026],[-85.69242072311329,43.02600354609844],[-85.69287566499037,43.02660876479651],[-85.69275496031446,43.027395659894395],[-85.69253683564071,43.028190257761466],[-85.69192687890683,43.02896808180198],[-85.69090214309925,43.029077809697256],[-85.68979488335475,43.029080797095446],[-85.68938514098338,43.029405775702465],[-85.68937911838192,43.030211349745095],[-85.6894156503906,43.03101969565057],[-85.68946385034619,43.03182806056479],[-85.68949933692612,43.032639091357616],[-85.68951905412825,43.03345024190701],[-85.68948543029774,43.03425067415694],[-85.6891794509254,43.03500024377648],[-85.68832178310706,43.0353615490321],[-85.68753710862335,43.03582244897741],[-85.68689182820222,43.036447719234324],[-85.68687795973773,43.03724674874889],[-85.68667899732463,43.038018601181086],[-85.68618873852228,43.03872836028905],[-85.68546137002122,43.03935079318221],[-85.68463407602397,43.039812974394344],[-85.68386412304417,43.04038759110212],[-85.68331706664611,43.04106050032516],[-85.68309804560653,43.04184102045984],[-85.68292861911104,43.04263694614174],[-85.68323593993637,43.0434083416026],[-85.68428509948079,43.043605438265644],[-85.68537445205388,43.0436133551741],[-85.68645682010975,43.04360943705528],[-85.68757108015916,43.04359698960384],[-85.68868380233295,43.0435760581475],[-85.68943268585237,43.043129036901185],[-85.68961215101167,43.04235506933844],[-85.68970333609761,43.041589976422415],[-85.68974870661467,43.040768464372036],[-85.68977631807086,43.03994608786353],[-85.68982373807472,43.03919545224876],[-85.69081080677421,43.03901658700951],[-85.69145790467158,43.03857844378647],[-85.69173551555886,43.03791252525782],[-85.69135567998191,43.037347571410045],[-85.69202983430583,43.03728032724312],[-85.69309431505665,43.03728821538267],[-85.69414079941183,43.03729629365158],[-85.69484829725826,43.03697207032026],[-85.6952537916589,43.036279892927155],[-85.69519107504098,43.035470088186926],[-85.6943,43.035142]]}},{"type":"Feature","properties":{"routeId":"6","color":"#F9CBDF","dir":"Northbound","trips":146,"trimmed":0,"dests":"Downtown/RCS","lenKm":13.02,"role":"dominant"},"geometry":{"type":"LineString","coordinates":[[-85.5879645,42.913613],[-85.58703655215535,42.91342747309409],[-85.5871693581829,42.91401171914312],[-85.58648981026732,42.91459645583194],[-85.58563872240016,42.915146086384595],[-85.58482956083414,42.91569458724342],[-85.5842107324627,42.91632981268234],[-85.58425737080437,42.917091827075474],[-85.58468356177318,42.917826250038544],[-85.5850965131595,42.91847360060143],[-85.58440947113864,42.91889271927106],[-85.5839474464194,42.91950186692239],[-85.58396504075233,42.920309405215605],[-85.58403722131503,42.92112751697689],[-85.58411402532768,42.921926915282874],[-85.58418812921272,42.922726550124565],[-85.58426754533815,42.92352618496626],[-85.58436004716503,42.92428485466316],[-85.58461109271931,42.92457387256664],[-85.58497922875327,42.92393956723172],[-85.58560819112253,42.92336615582266],[-85.58650506814885,42.92332086343913],[-85.58749615081311,42.923663739318386],[-85.58781549749179,42.924260439111876],[-85.58763788089465,42.92498380276683],[-85.58735702250664,42.925754027781934],[-85.58721118669169,42.92652077532814],[-85.58781403389972,42.92694555997875],[-85.58886894805886,42.92697618718546],[-85.58996554071277,42.92698207142482],[-85.59106210490901,42.926984290470074],[-85.5921585927673,42.92699561804356],[-85.59325508062562,42.92700793334798],[-85.59435152282487,42.92702249824923],[-85.59544795577784,42.92703765823094],[-85.59654438344973,42.927052035531915],[-85.59763939036607,42.927066779085024],[-85.59871482792127,42.92708047749955],[-85.59980815650826,42.927094493369545],[-85.60090453521408,42.92710866592208],[-85.60200054802681,42.927121337524426],[-85.60309562613301,42.927134449050996],[-85.60419069650143,42.92714878086123],[-85.60528575804699,42.9271637353263],[-85.60638082079684,42.92717958390956],[-85.6074758835467,42.927195640229],[-85.60855391008747,42.927235801646],[-85.60914256601248,42.9278013427226],[-85.60921693680496,42.92859837427513],[-85.60928433262168,42.92939859040493],[-85.60936303776913,42.93019834048205],[-85.60945256600931,42.93099700204229],[-85.60952714096068,42.93179669385688],[-85.60959439090809,42.932596568440516],[-85.60966360970026,42.93339644302415],[-85.6097322940596,42.93419573535017],[-85.60979777449327,42.934996221182296],[-85.60986324318799,42.9357974953427],[-85.60993002130652,42.936598770238355],[-85.60999667960175,42.93739957545437],[-85.61005679387904,42.9382001425292],[-85.61008907025155,42.939002868352006],[-85.61013378991078,42.93980482489043],[-85.6100969870575,42.94060648236149],[-85.60998502200215,42.941400189363854],[-85.60997695489115,42.94220546593145],[-85.60998179735557,42.94300954275176],[-85.60999185450169,42.943808313363746],[-85.61001018031789,42.94461044041472],[-85.61002892896127,42.945412624631466],[-85.61004138867858,42.94621343925408],[-85.6103104861447,42.9469614776353],[-85.6109056442819,42.94763761738631],[-85.61148929990642,42.9482983363084],[-85.61177413008616,42.94904190920872],[-85.61225134102013,42.9497131037857],[-85.61323010550127,42.950084839265344],[-85.61419133930383,42.95047496710503],[-85.61515138616144,42.95087119674069],[-85.61611413477428,42.951252436833144],[-85.61706997440454,42.951623998757896],[-85.6180319043333,42.95200361927131],[-85.61898663715733,42.95240591788948],[-85.61993813708358,42.95279739152309],[-85.62072329395812,42.95335515173576],[-85.6214970930749,42.953930350733025],[-85.62236388756834,42.95442926838736],[-85.62327493036094,42.954879753651056],[-85.62419644214157,42.95528390764558],[-85.62524307770403,42.9554964243373],[-85.6263360540201,42.955546844417995],[-85.62743536216755,42.95554861547521],[-85.62853467031499,42.95554805459313],[-85.62961874266573,42.955546483071096],[-85.63071714540564,42.95555051193868],[-85.63177910942647,42.95566668348484],[-85.63265397266844,42.95613948579718],[-85.63351762065545,42.95661555051916],[-85.63437149313495,42.95710693407475],[-85.63527473118194,42.95756748238651],[-85.63628678606246,42.957836998235734],[-85.63734725905852,42.95803553804575],[-85.63840910082196,42.958221465014724],[-85.63947707669259,42.958409823419814],[-85.64050183914607,42.95870457636434],[-85.64152313607113,42.95899867917561],[-85.64253820407323,42.95931178425161],[-85.64356711704264,42.95959069845594],[-85.64460571750364,42.95985306382025],[-85.64564672406104,42.960110352681816],[-85.6466926650973,42.96036227864187],[-85.64773860613359,42.96060869281219],[-85.64877254933438,42.96087928865078],[-85.64980096248831,42.9611871596754],[-85.65078420231693,42.96153801698625],[-85.65175691012676,42.961918759104535],[-85.65271350110808,42.96230857518918],[-85.65366964073175,42.962701135199396],[-85.654380519873,42.96326294755018],[-85.65441640774924,42.96406250208862],[-85.6544284442071,42.96486392893516],[-85.65444829815769,42.96566590523702],[-85.65446625386878,42.96646567455713],[-85.65460273089309,42.96721984624264],[-85.65560492925192,42.967398458267326],[-85.6567016820812,42.96740960724381],[-85.65779840622488,42.9674239663497],[-85.65889530417621,42.96743988912955],[-85.65999304522558,42.96744516526518],[-85.66109176950329,42.967434106255695],[-85.66219034922094,42.96741978345051],[-85.66328784121195,42.967404759225204],[-85.66438542347029,42.967386236631214],[-85.66548318442938,42.96737756096506],[-85.66658030783557,42.967357694270206],[-85.66767769148008,42.967340696348245],[-85.6687763563654,42.967325965728996],[-85.66986310767294,42.96732093051466],[-85.67096004674548,42.967328474511575],[-85.6719465362379,42.96726674664548],[-85.67213473226924,42.966564443084714],[-85.67213870391353,42.96577231035819],[-85.67221674794314,42.96497106228172],[-85.67271084302845,42.9642759104907],[-85.67320998375959,42.96356583923928],[-85.67371715979135,42.96284603694788],[-85.67420757876108,42.962124852998855],[-85.67468323287237,42.961391873089255],[-85.67516483757957,42.96064983456593],[-85.6756105,42.959912]]}},{"type":"Feature","properties":{"routeId":"90","color":"#43AD49","dir":"Outbound","trips":133,"trimmed":1,"dests":"60th Street P&R","lenKm":14.31,"role":"dominant"},"geometry":{"type":"LineString","coordinates":[[-85.673452,42.9607835],[-85.67349368544096,42.961645429702756],[-85.67385261676998,42.96238012288711],[-85.67342007248052,42.963168273006204],[-85.67284299892404,42.963934494758476],[-85.67222608454271,42.964667602914105],[-85.6720970622213,42.96552112708012],[-85.67212095609092,42.96638705793592],[-85.67214780975723,42.96724996644878],[-85.67213951280965,42.96812108776989],[-85.67211369057736,42.96898450453276],[-85.67210446252125,42.96984418632646],[-85.6713960996116,42.970307689299716],[-85.67022543006055,42.97034421380225],[-85.66904316434001,42.97037203519281],[-85.6678585511824,42.970389461662016],[-85.66681210896124,42.9702420568545],[-85.66647575461084,42.969440214018874],[-85.6657227537417,42.96882305245056],[-85.665066766155,42.9683015337073],[-85.6650188586444,42.96743840543204],[-85.66499802179892,42.96656841696059],[-85.66496171441241,42.965695008498216],[-85.66497593321435,42.964835279728874],[-85.66501436582664,42.963963679334654],[-85.6647683610806,42.963201785759786],[-85.66422615274129,42.96260827662732],[-85.66420382143554,42.96173744140856],[-85.6641822432297,42.96086489331853],[-85.66417112453607,42.959992234800026],[-85.66416899795317,42.95911974843721],[-85.66414399590369,42.95824713366692],[-85.66412233909791,42.9573746689765],[-85.66414649954496,42.95650256299139],[-85.66479951493412,42.95601289203896],[-85.66598796694865,42.95595093357689],[-85.66717384112357,42.95593305638158],[-85.66769593785352,42.955298024379815],[-85.66769430724125,42.95442563202603],[-85.66767255100663,42.953553008920196],[-85.66765467856524,42.95268309930708],[-85.6676360050082,42.951815339018054],[-85.66761781292678,42.95094757872903],[-85.66760511617304,42.950084122181394],[-85.66759621838213,42.949212678947376],[-85.66758692633147,42.94834396085876],[-85.66756592670241,42.94747085453054],[-85.66754601964229,42.94659678201516],[-85.66752287313791,42.94572629025936],[-85.66749886463008,42.944857357249205],[-85.66747688775214,42.94399014706346],[-85.66745977791234,42.94312062457914],[-85.66743874609264,42.94224654991707],[-85.66740795100529,42.9413692540745],[-85.66737032390077,42.9404886610441],[-85.66732510238475,42.93960994587485],[-85.6672809090482,42.93873521765854],[-85.66723732844454,42.93786424688191],[-85.66719405051,42.93699482158167],[-85.66715093210222,42.9361235708201],[-85.66711242002026,42.935252312971095],[-85.66706614540686,42.9343843186902],[-85.66702079076309,42.93351651057213],[-85.6669754440729,42.93264866502275],[-85.66693203639004,42.93178069408996],[-85.66688693121074,42.93091247131875],[-85.6668417648859,42.93004358745102],[-85.6667999847351,42.92917288796756],[-85.66676110450143,42.928301910832744],[-85.66672242868071,42.9274310159187],[-85.66667458374178,42.92655996413806],[-85.66663614393272,42.92568848608304],[-85.66659746511175,42.92481667875927],[-85.66655765844527,42.923944908464215],[-85.66652075248578,42.92307362166493],[-85.66648474955497,42.92220373952732],[-85.6664519760165,42.92133381352653],[-85.6664248488525,42.92046359332252],[-85.6663972368857,42.91958848509797],[-85.66635438992822,42.91871351769167],[-85.66630879932683,42.9178457932246],[-85.66626503414977,42.91697316489215],[-85.66622218093339,42.91610221459234],[-85.66617850112667,42.91523128603222],[-85.66613326912997,42.914359916024395],[-85.66609438819737,42.91348695502322],[-85.66606782385875,42.912616358214706],[-85.66601552897183,42.91174471156147],[-85.66596789261735,42.910871947646456],[-85.66591776821903,42.90999927609563],[-85.66586536934109,42.90912679596448],[-85.66581377751001,42.90825403341546],[-85.66577390318653,42.90738100881093],[-85.66574597291188,42.90650774987181],[-85.66572340109056,42.905634480235456],[-85.66568525341768,42.90476131386356],[-85.66564830072974,42.90388825741741],[-85.66560958458197,42.903014465025066],[-85.6655706025244,42.90214053467078],[-85.66553433414916,42.901266547742466],[-85.66549748385984,42.90039253232791],[-85.66546474236337,42.8995223659482],[-85.66543643592888,42.89864960619727],[-85.66539323622622,42.897775559860676],[-85.66534720262158,42.89690146224754],[-85.66530318657604,42.89602731991721],[-85.66526343411151,42.895154600847476],[-85.66522488927941,42.89428372513704],[-85.665187150216,42.89341286082498],[-85.66514960403632,42.892544317947184],[-85.66511205779689,42.891674963972605],[-85.66507676627344,42.89080558111915],[-85.6650449918136,42.88993395661154],[-85.66501348731806,42.88906123477882],[-85.66498230329907,42.88818848879279],[-85.66495158087889,42.887315739352694],[-85.6649205245909,42.886442985986136],[-85.66489183338751,42.885570837247734],[-85.66486504592365,42.884699919235345],[-85.66483564992788,42.88382893027759],[-85.66480150628686,42.88295942535592],[-85.66475436174295,42.88209113253352],[-85.66470249264097,42.881221942026],[-85.66465219074286,42.88035269515183],[-85.66461587812904,42.87948324355914],[-85.66458233296814,42.87861371319667],[-85.6645619917426,42.87774216619204],[-85.66454995358714,42.876870411673394],[-85.66452776215823,42.87599960521577],[-85.66450362515269,42.87512829293078],[-85.66447682927125,42.87425698984874],[-85.6644477093175,42.87338393729019],[-85.66441860898979,42.87251160133387],[-85.66438973885471,42.87163994822221],[-85.66436133607937,42.87076900920803],[-85.66433286992988,42.869902342485965],[-85.6643026967103,42.86903647280421],[-85.66427174515624,42.86816683214242],[-85.6642391615193,42.867303380888885],[-85.66420915796769,42.866434479449694],[-85.66419311278517,42.86557534565608],[-85.66416100418304,42.86470636437066],[-85.6641294134137,42.863837519224774],[-85.66409777397735,42.86296969159171],[-85.66406739808346,42.86209858784933],[-85.66403749162743,42.86122768392971],[-85.66400857825545,42.86035991243739],[-85.66397882244391,42.85949099618696],[-85.66394957173426,42.858621748093476],[-85.6639205,42.857752500000004]]}},{"type":"Feature","properties":{"routeId":"7","color":"#F37053","dir":"Eastbound","trips":124,"trimmed":0,"dests":"Central Station","lenKm":13.75,"role":"dominant"},"geometry":{"type":"LineString","coordinates":[[-85.7783395,42.968752],[-85.77924797209018,42.96891175429137],[-85.77843478200128,42.96860659958011],[-85.77730820096002,42.96846485930153],[-85.77652763822087,42.96872558979109],[-85.77634812330827,42.96954769181804],[-85.77621722789934,42.97038959321526],[-85.77619673830392,42.97122604365874],[-85.77621100311666,42.97206305654181],[-85.77623913176652,42.97290447563503],[-85.77628354126762,42.973740883647466],[-85.77633138048742,42.97457343068076],[-85.77636826675423,42.97540920874842],[-85.7764065971318,42.9762431572063],[-85.77644366202574,42.97708168627288],[-85.77648040028005,42.97791763524735],[-85.77651697037206,42.97875540096386],[-85.77654959108266,42.979596615927846],[-85.77658173627366,42.98043472555493],[-85.77661438134325,42.981271226632245],[-85.77664309275781,42.982109250617256],[-85.77666768433586,42.98294981860139],[-85.77669174607584,42.983790386585525],[-85.7766939872772,42.9846282229666],[-85.77658232508132,42.98545275369763],[-85.77639079295321,42.98627061464914],[-85.77588050679519,42.98680227836343],[-85.77473562030178,42.98680684153439],[-85.77358718841354,42.98680018672944],[-85.77243877683208,42.986791451505056],[-85.7712920383249,42.98678103551485],[-85.77014221490626,42.986771128270206],[-85.76899344779815,42.98676428174758],[-85.76784497673944,42.98675620631756],[-85.76669879650576,42.986745140873225],[-85.76555329139374,42.98673301578085],[-85.76440665890854,42.98671922718448],[-85.76325681703975,42.98670323236247],[-85.76210622866742,42.98668746482377],[-85.76095810866003,42.98667219415874],[-85.75981081304911,42.986658096812135],[-85.75866002133222,42.986643946998825],[-85.7575091138876,42.98663310425913],[-85.75636484826262,42.98663088991215],[-85.75535405714496,42.98686406605418],[-85.75464089895384,42.987474810083036],[-85.75464408944299,42.988291946921976],[-85.75468942493328,42.989131032762245],[-85.75460810130875,42.989957710097684],[-85.75426677166942,42.99073606474032],[-85.75348017509452,42.99066221859367],[-85.75265896829434,42.990079616396955],[-85.7518874154413,42.98946208037967],[-85.75111403943515,42.98884616012423],[-85.75034064208873,42.988234195056705],[-85.74956650414613,42.987621345236334],[-85.7487593562075,42.98702166139489],[-85.74778483085261,42.98665805315411],[-85.74665666806021,42.986532631676496],[-85.74551394665411,42.98649095730447],[-85.74436715426424,42.98646034525186],[-85.74322015127815,42.98643554573957],[-85.74207445606348,42.98641417184858],[-85.7409296816551,42.986391699227596],[-85.73978758281896,42.986364567458],[-85.73864100531542,42.98633743020588],[-85.7374955062424,42.986312117063264],[-85.7363555952724,42.9862844109971],[-85.73520750135592,42.98625725314792],[-85.73405845925973,42.986230388717615],[-85.73290884621846,42.98620454369049],[-85.73175881317678,42.98618039486163],[-85.73060959491882,42.986155191222934],[-85.72946011253444,42.986129152449855],[-85.72831465260074,42.986106701960665],[-85.72716681924277,42.98608737761171],[-85.72601895306676,42.98607089139324],[-85.72487094164498,42.986055668891055],[-85.72372231040424,42.9860405444078],[-85.72257290528088,42.98602600168207],[-85.72142350015753,42.98601453315011],[-85.72027412188528,42.986005712308945],[-85.71912523974257,42.98599429499804],[-85.71797700402969,42.98598327914128],[-85.71682886384158,42.98596868041241],[-85.71568065062405,42.98596064163156],[-85.7145324377145,42.98595506620107],[-85.71338422471447,42.98595030701301],[-85.71223614693318,42.985945094305364],[-85.71108830239028,42.98593070576729],[-85.70994240979351,42.985913111782445],[-85.70879737123167,42.985895095711086],[-85.70764986312513,42.98587704811122],[-85.70650249800767,42.98584532238298],[-85.70535646171467,42.98580132556764],[-85.70420629255817,42.98575582780188],[-85.70305861100033,42.985711672509595],[-85.70191096963376,42.9856664615956],[-85.70076325420467,42.98562493751513],[-85.69961739274078,42.98557271382427],[-85.69847139451741,42.9855273653302],[-85.69734009383653,42.98549286256896],[-85.6961940363725,42.985458542515104],[-85.69504804852768,42.98542856573831],[-85.69390264229582,42.98539450283609],[-85.69275649753094,42.98535281194907],[-85.69160983427255,42.98531407773214],[-85.69046774271632,42.9852781459841],[-85.68932035004988,42.98524321603911],[-85.68817310643153,42.9852103179458],[-85.68702539659779,42.9851816710425],[-85.68588064022572,42.98513475946315],[-85.68473263336244,42.9851022213543],[-85.68358551579014,42.9850604433298],[-85.68243838834255,42.98502230943514],[-85.68129246388204,42.98498794992579],[-85.6801501137312,42.984946773544415],[-85.67900571188409,42.98489623656711],[-85.6778971198494,42.98481679119045],[-85.67770788096183,42.984047405110644],[-85.67775650464023,42.983210228787925],[-85.67783458693103,42.98237305293893],[-85.67791464912949,42.981535923097304],[-85.67799951625824,42.98069998798067],[-85.67809511000823,42.97986396293711],[-85.67819410545789,42.9790280874348],[-85.67829304653506,42.978192132881915],[-85.67837782982622,42.977355185523535],[-85.67845663503527,42.97651774664392],[-85.67854397989964,42.975680355079575],[-85.67862328010568,42.97484249877513],[-85.67872749844396,42.974009155069126],[-85.67926371253633,42.9733723690629],[-85.67945091536845,42.97261545321501],[-85.67919061834164,42.9718086873462],[-85.67897141927949,42.97099509213391],[-85.67896614153449,42.97015674433776],[-85.67899683926552,42.969318183784914],[-85.67904133112519,42.96847955611824],[-85.67907929741109,42.967640920905254],[-85.6791023223742,42.96680165489087],[-85.67909603030594,42.96596045675575],[-85.67906555516703,42.96512012552431],[-85.67899154216074,42.96428398372338],[-85.67878776218333,42.963471855863475],[-85.67832808677332,42.96273442018555],[-85.67777140650897,42.96199172132735],[-85.67718565733605,42.96127805626391],[-85.67659375857787,42.96055589524302],[-85.67602249999999,42.9598235]]}},{"type":"Feature","properties":{"routeId":"5","color":"#058b92","dir":"Northbound","trips":120,"trimmed":0,"dests":"Central Station / Acquest/28th","lenKm":14.14,"role":"dominant"},"geometry":{"type":"LineString","coordinates":[[-85.5595665,42.910323],[-85.55904798401943,42.91108362186458],[-85.55875284045553,42.91192203144111],[-85.55935269143352,42.912576551987655],[-85.56052286502401,42.91262142304261],[-85.56171195722393,42.912621043113674],[-85.562903191311,42.91262065884496],[-85.564080541139,42.91262032058578],[-85.56526972909231,42.912618656638614],[-85.56644800188404,42.91261942724768],[-85.56762702260966,42.912620880386854],[-85.56880151505956,42.912621946464554],[-85.56997823117135,42.912621254838214],[-85.57115381806611,42.91261877510401],[-85.57232954719163,42.91261530491927],[-85.57350866720725,42.91261292869554],[-85.57468819897898,42.91261209011863],[-85.5758676139634,42.912610812989584],[-85.57704706217073,42.91260707036969],[-85.57822603289154,42.9126034464324],[-85.5793994456998,42.912600240678174],[-85.58057285370822,42.91260202443658],[-85.581748648378,42.91260503994627],[-85.58292753871804,42.91260647544162],[-85.58409646081527,42.912603287943305],[-85.58527628686981,42.91261141351187],[-85.58645247809075,42.912658066081974],[-85.58719175153473,42.913204849468244],[-85.5879650396628,42.91361289232552],[-85.58913824623181,42.91356461534119],[-85.59031293435928,42.9135517819152],[-85.59148514054633,42.91354978194386],[-85.59209534843993,42.913013926228686],[-85.59296515402158,42.912627275515476],[-85.59413093978534,42.91263170892806],[-85.5953125337106,42.912642302405786],[-85.59649412763586,42.91265355307216],[-85.59767572156113,42.91266757889206],[-85.59885731048335,42.91267745759808],[-85.60003768019757,42.91268653755606],[-85.60121531582234,42.91269598607849],[-85.60239293926867,42.91270432151879],[-85.60357055748811,42.91271216133873],[-85.6047472834124,42.912719020616024],[-85.60592338114364,42.91272783300527],[-85.60709946224769,42.91276432753634],[-85.60810396929634,42.912991662874305],[-85.60817220774494,42.91384877796712],[-85.60821676765102,42.91470568280948],[-85.60826638626676,42.91556174906445],[-85.60833392910791,42.91642103555167],[-85.6084071267109,42.917279478756484],[-85.60847828280419,42.91813906273903],[-85.60854186265682,42.91899982409379],[-85.60860216134621,42.919859205975236],[-85.60866083403295,42.92071787793536],[-85.60872005521631,42.921575335536915],[-85.60878043383532,42.92243553464945],[-85.60883901118397,42.92329482272467],[-85.60889629195904,42.92415258277791],[-85.60895026839874,42.92501197953425],[-85.60900293815875,42.9258726813148],[-85.60906136119107,42.92673314541349],[-85.6091270796821,42.92759527634344],[-85.60920263563743,42.928455761562184],[-85.60927921056123,42.92931624678093],[-85.60936379937063,42.93017659963411],[-85.60946235451445,42.9310339972385],[-85.60954841634614,42.93189342673369],[-85.60963161261415,42.93275436088904],[-85.60972017631119,42.933615295044405],[-85.61015047231976,42.93434041495716],[-85.61129577657962,42.93438562754385],[-85.61247309509659,42.93437687719569],[-85.61365038894309,42.93438410520939],[-85.61482616773509,42.9343875829322],[-85.61600217915401,42.934391155849],[-85.61717806681992,42.93439280009524],[-85.61835405836865,42.93439404646736],[-85.61953052234838,42.93440013452559],[-85.62070803783786,42.93440787472561],[-85.62188718602599,42.934408194556276],[-85.62306844302486,42.93440499135016],[-85.62424238120468,42.93442242123801],[-85.62450681017253,42.93522267093327],[-85.62457451977505,42.936086154976],[-85.6246366122158,42.93694963901874],[-85.62469816791676,42.93781168269791],[-85.62475571464272,42.93867350600558],[-85.62481928202544,42.93953517889709],[-85.62484413647758,42.94039695165341],[-85.62528790015111,42.940979377943435],[-85.62645303364958,42.941024167016664],[-85.62763311007339,42.941027780594126],[-85.62881318618759,42.94102858502307],[-85.62999325280678,42.94103124406542],[-85.6311705284545,42.941037442615816],[-85.63234629214828,42.94104468203748],[-85.63352232361247,42.94105321368879],[-85.63470090370771,42.941060724941465],[-85.63587950247307,42.941066927862494],[-85.63705867572551,42.941075079240505],[-85.63823953364161,42.94109598148688],[-85.63932731195655,42.94129430388632],[-85.6393945931076,42.942091613569715],[-85.63939700681699,42.94295262736233],[-85.63939602331905,42.9438136709134],[-85.63940071383256,42.94467462688752],[-85.63940639164753,42.94553597256318],[-85.63941719600533,42.9463995282509],[-85.63943020751496,42.947263080579006],[-85.63943928480234,42.94812462137089],[-85.63945487849344,42.94898568047388],[-85.6394754553677,42.94984712606034],[-85.63948597720247,42.95071130635309],[-85.63949139467547,42.95157660952077],[-85.63950152428487,42.95244290547329],[-85.63951098789815,42.95330939199846],[-85.63952213552395,42.95417588383833],[-85.63954932528948,42.955042098509836],[-85.64015672436634,42.95554181322801],[-85.64133859428735,42.95556728818402],[-85.64251721997582,42.955575557868954],[-85.64369551359226,42.95558477491239],[-85.64487012837404,42.95559411712459],[-85.64605094084314,42.95560125277564],[-85.64722907892079,42.95561057504649],[-85.64840707326498,42.95562625149141],[-85.64958508184412,42.955643664835435],[-85.65076105457987,42.95565749159746],[-85.65194041952718,42.95567411513831],[-85.65312340294895,42.95569293508598],[-85.65430640586223,42.95571255328158],[-85.65548865761355,42.95573378436378],[-85.65666442878626,42.95576318814908],[-85.6578403697329,42.95578111707135],[-85.65902366647487,42.9558051638932],[-85.6602069852079,42.95583114343114],[-85.66138669417899,42.95588120358417],[-85.662567051011,42.95589915926132],[-85.66374670224582,42.955934382117036],[-85.66461771641931,42.955961547294564],[-85.66579160603527,42.95598015589794],[-85.66699025620787,42.95600734518404],[-85.66819582084756,42.95606099378962],[-85.6693836998451,42.95619274929759],[-85.67060120484193,42.95621775222388],[-85.67178715801593,42.95623192825606],[-85.6729606274443,42.95622569223852],[-85.6741405,42.956215]]}},{"type":"Feature","properties":{"routeId":"28","color":"#B41D8D","dir":"Eastbound","trips":118,"trimmed":0,"dests":"Woodland","lenKm":16.18,"role":"dominant"},"geometry":{"type":"LineString","coordinates":[[-85.775823,42.9005675],[-85.77582538857013,42.90155495315415],[-85.77582629190377,42.902546385742596],[-85.77582696905814,42.90353762109363],[-85.7758165535983,42.90453039856301],[-85.7757318127523,42.90549696546967],[-85.77447420124044,42.9058517181781],[-85.7732002561232,42.906186552413885],[-85.77194277544281,42.90655834772312],[-85.7707092787536,42.906978528329674],[-85.76947363849865,42.90739443463677],[-85.76823868752491,42.90781358149055],[-85.76701052901002,42.90823684864826],[-85.76577718937097,42.908657107779064],[-85.76454404139682,42.90907948856013],[-85.7633092345886,42.90949957009522],[-85.76207231737227,42.90990971807075],[-85.76082540041162,42.91032114022133],[-85.75957463476172,42.910709495467486],[-85.75832654230024,42.91110078739682],[-85.75706666997613,42.91148163403778],[-85.75578107387406,42.9118127593797],[-85.75449197067783,42.912138466182284],[-85.7532028674816,42.91246367627223],[-85.75191392687907,42.912787545803006],[-85.75060636212568,42.91305265048625],[-85.74929606634436,42.91331266433952],[-85.7479471831441,42.913446276185084],[-85.74658829629657,42.913475907468666],[-85.74522625350002,42.91349387327639],[-85.74386490006692,42.91351131243141],[-85.74250344129972,42.91353670038011],[-85.74114201989417,42.913565829102126],[-85.73978062165193,42.913593509497176],[-85.73841925723616,42.913620319925855],[-85.73705789282037,42.9136484956737],[-85.73569658157649,42.913677969102544],[-85.73433520627097,42.913707332897985],[-85.73297426936756,42.913736415757384],[-85.73161557363338,42.91376332171911],[-85.73025689463105,42.91379147088242],[-85.72889862419316,42.91381806426842],[-85.72754225751446,42.91384483827552],[-85.72618405661251,42.91386624514752],[-85.72482569780209,42.91387382540552],[-85.72346660705611,42.91385571409476],[-85.72210587679373,42.91383006744584],[-85.72074565580367,42.91379540003771],[-85.7193854505867,42.91375973942302],[-85.71802509080291,42.9137261279501],[-85.71666472750712,42.91369135874389],[-85.71530436421132,42.913657197655624],[-85.71394398862485,42.91362537183777],[-85.71258324932411,42.913598052785346],[-85.71122251002336,42.913571992586895],[-85.70986179195853,42.91354656759326],[-85.70850102366168,42.9135205702874],[-85.70714034005728,42.913495185072065],[-85.70577978724083,42.91346997524707],[-85.70441920777196,42.913438289824775],[-85.70305838774286,42.9134192928651],[-85.70169766827868,42.913398737231546],[-85.70033676540679,42.91338041173758],[-85.69897564881259,42.91336935170591],[-85.69761451333842,42.91336140313325],[-85.69625340829495,42.91335483592589],[-85.69489275796897,42.913347630265335],[-85.69353225911087,42.91334001900694],[-85.6921717327262,42.913332873630104],[-85.69081120634152,42.91332681027028],[-85.68945367212504,42.913320735388346],[-85.68810163048684,42.91331443948342],[-85.68674036513302,42.913308504856204],[-85.68539810678165,42.913299364484814],[-85.68406937068117,42.91328063558707],[-85.68273924360471,42.91326135481987],[-85.68140430721665,42.91324141299526],[-85.68005950308996,42.91322175898932],[-85.67870479265778,42.91321113494067],[-85.6773464410777,42.91319781083962],[-85.67598816409924,42.91318114598843],[-85.67463977219049,42.91316394808328],[-85.6732825246556,42.913139285222776],[-85.67192752783181,42.9131099128343],[-85.67056950452272,42.91309202601248],[-85.66921153518689,42.913074899908956],[-85.66785393165168,42.91304260627722],[-85.66649640425209,42.91300363932463],[-85.66514249284896,42.91293839051822],[-85.66379568698386,42.91289353011532],[-85.6624402189768,42.91286889948098],[-85.66108293401622,42.912849113896655],[-85.65972644572884,42.91282796985355],[-85.6583698381444,42.912807068728114],[-85.65701539666199,42.91278794530348],[-85.65567004386857,42.912776026247315],[-85.65432459281409,42.91276950386066],[-85.65298899677335,42.91276375529155],[-85.65165450825137,42.912758973779525],[-85.65030667295093,42.91275483742774],[-85.6489551722123,42.91274931954439],[-85.6476179979295,42.91274225555176],[-85.64628353571509,42.91273487753845],[-85.6449490596228,42.912725492117445],[-85.64361463499301,42.912714820498636],[-85.64228021032022,42.91270326982699],[-85.64094051781993,42.9126910928599],[-85.63959889607244,42.91267867602305],[-85.63825347104705,42.91266663059656],[-85.63691208163281,42.91265624399021],[-85.63557717350815,42.91264477486343],[-85.6342422653835,42.912633380752496],[-85.63290736285093,42.912621510689206],[-85.63157247501084,42.91260950485042],[-85.63023763737382,42.91259024032922],[-85.62890360176726,42.9125504313627],[-85.62822730302375,42.912070030048454],[-85.62808930408887,42.91147469394341],[-85.62776159725209,42.9118413621097],[-85.62764136379658,42.91250119021758],[-85.62646547438604,42.91257846255513],[-85.6251295123697,42.91257961336957],[-85.62379343438867,42.91257990544094],[-85.62245424271954,42.91257924527193],[-85.62111875533395,42.91257883657089],[-85.61978325128891,42.912577642461166],[-85.61844774605122,42.91257732714483],[-85.61711224081355,42.91257649727638],[-85.61577673741628,42.912580432048806],[-85.61444126421824,42.91258423572076],[-85.61310565705466,42.91258643514396],[-85.61176969653684,42.912584525095156],[-85.61043373313365,42.91258148957756],[-85.6090938338792,42.91257652213503],[-85.60775208543568,42.9125728339712],[-85.60640719151326,42.9125707668927],[-85.605054852329,42.912569693668594],[-85.60370252275324,42.91256459662441],[-85.60235019317747,42.912559113971014],[-85.60099787647682,42.91255209451258],[-85.59964561509167,42.912545968584425],[-85.59829338293149,42.91253658587377],[-85.5969411507713,42.912533174476124],[-85.59558898171656,42.91253537268176],[-85.59423680928197,42.91254559429402],[-85.59288928928382,42.91257191408512],[-85.59186829423919,42.91293478226237],[-85.59108085039603,42.913484712968554],[-85.58974216300481,42.91350591635225],[-85.58841,42.913485]]}},{"type":"Feature","properties":{"routeId":"44","color":"#C4DF9B","dir":"Eastbound","trips":116,"trimmed":0,"dests":"Woodland","lenKm":24.19,"role":"dominant"},"geometry":{"type":"LineString","coordinates":[[-85.781677,42.8812395],[-85.78222595110141,42.882560343983045],[-85.78220790900608,42.88405533835326],[-85.78137495423147,42.885065641889355],[-85.77933762270342,42.88501013529382],[-85.77729164538461,42.88491986989433],[-85.77524717626967,42.884803752140435],[-85.77328451946121,42.884449027659684],[-85.77292628842692,42.88354076272783],[-85.7734808414856,42.88231246578181],[-85.77282918208955,42.88108458509262],[-85.77232857676933,42.882293642318814],[-85.77224317856412,42.88372006471347],[-85.77073848814581,42.88466230379336],[-85.76870352665405,42.8846879240196],[-85.76665503296144,42.884648419792704],[-85.7646063074342,42.8846076095141],[-85.76255760792952,42.88457436421364],[-85.76052089643238,42.88457732855552],[-85.75849107296713,42.88458872991474],[-85.75644029813925,42.88459355277557],[-85.75442438893259,42.884472022517905],[-85.75291819711815,42.88380675703573],[-85.7529127231864,42.882319903805914],[-85.7520684699361,42.8811970017031],[-85.75229712244361,42.88014538946227],[-85.75102334191433,42.879949132114604],[-85.7498545618711,42.88087479400856],[-85.74797904247541,42.88145330598674],[-85.74595311452993,42.88161910048855],[-85.74391318933135,42.88165026678146],[-85.74209493827252,42.882115283789936],[-85.74115760792021,42.88342822787547],[-85.73952236640866,42.884114670950396],[-85.73772439800115,42.88456598330159],[-85.73568323395139,42.88459467045848],[-85.73364211277485,42.88460468511801],[-85.73160010305278,42.88461914042488],[-85.72955082362662,42.88463082519416],[-85.72750240286977,42.884641378396495],[-85.72545423675658,42.8846463532666],[-85.72340646052837,42.884630987434406],[-85.72135885782838,42.88459665827415],[-85.7193114074595,42.884551708921265],[-85.71726377155844,42.88451411966953],[-85.71521554530183,42.88448987167912],[-85.71316765657684,42.88446904331963],[-85.71112006129508,42.88444128733545],[-85.70907266835849,42.88441290700051],[-85.70702649438627,42.8843792439487],[-85.70498055450693,42.884345453846706],[-85.70293466334951,42.884304016782224],[-85.70088851561178,42.884277704381276],[-85.69884209262045,42.884257302578916],[-85.69679592070658,42.884227452473944],[-85.6947539384838,42.88420701705333],[-85.69271485653753,42.884204052858585],[-85.69067577459128,42.884200686826034],[-85.68863670724441,42.88419350879974],[-85.68659834488184,42.88416420520057],[-85.68456146451484,42.884138739470416],[-85.68252673641356,42.88411997334828],[-85.68048267028723,42.884103551910385],[-85.67843659885833,42.88409714849754],[-85.6763984715148,42.884064808297836],[-85.67435577442987,42.88401191962022],[-85.67231031953676,42.88397103457158],[-85.67026407232605,42.88395688250884],[-85.66821963132377,42.883948251455756],[-85.66617318034336,42.8839358433676],[-85.66412682557558,42.88392426099598],[-85.66208406516387,42.88393116828765],[-85.66004990360172,42.8839144856102],[-85.65801592409622,42.88388946922734],[-85.6559746701029,42.88385091714801],[-85.65392464172751,42.88381532743958],[-85.65188683398438,42.883791385365754],[-85.64984935916792,42.88377034662982],[-85.64781098457831,42.883748454350766],[-85.64576327015115,42.88373065940321],[-85.64371583195506,42.88371412013548],[-85.64166803151014,42.883702796017765],[-85.63961099174149,42.88369304464736],[-85.63755314203124,42.88368093943267],[-85.63549530668334,42.88366863337815],[-85.63343753691183,42.883653750648946],[-85.63138492932023,42.88363708726176],[-85.6293337134162,42.88362160916671],[-85.6272824568595,42.88360888389201],[-85.62523119327584,42.88359891343852],[-85.62318760125545,42.88360331870773],[-85.6211506275232,42.883612642871825],[-85.619104846361,42.88362138573417],[-85.6170607278382,42.88362960899779],[-85.6150147652928,42.88363065925759],[-85.61296950463222,42.88362696818527],[-85.61092424025298,42.88362498307488],[-85.60888166575518,42.883622801336294],[-85.60684059270486,42.883615708922505],[-85.60481408978978,42.88360631141171],[-85.60278132076208,42.88359402088637],[-85.60073357573211,42.883579572825255],[-85.59871095468466,42.883561862184735],[-85.59719823172111,42.8828440037434],[-85.59645365358833,42.88151096682617],[-85.59637797837749,42.880022018868544],[-85.59630511338838,42.87855110285296],[-85.59628867694917,42.877047515864334],[-85.59669680545005,42.87560936372717],[-85.59820749439749,42.87493789479976],[-85.59992963737268,42.87569814992118],[-85.60152431818281,42.876619525714986],[-85.60303298677074,42.87762267030486],[-85.60454226176164,42.87862867129489],[-85.60581211132808,42.879768278992024],[-85.60617891890422,42.88123699047611],[-85.60624077692862,42.88273251739484],[-85.60631955035635,42.88419503899276],[-85.60640331753726,42.88568712851162],[-85.60648990015856,42.88717729843335],[-85.60656340974123,42.88867134720782],[-85.60663858595282,42.890171528336545],[-85.60671369515438,42.89166741463376],[-85.60679284750196,42.893162462992514],[-85.60687560601869,42.89465739071876],[-85.60696096385095,42.89615231844502],[-85.60706068505691,42.8976413645656],[-85.60716213105874,42.89913758400732],[-85.60726425831673,42.900637350263054],[-85.60736715745558,42.902129281659924],[-85.60746252653232,42.9036197163051],[-85.60752093991867,42.90511892556739],[-85.60568003751857,42.90536928936227],[-85.60363644406657,42.90535349289043],[-85.60159531326345,42.90533670611482],[-85.5995538121862,42.90531803176617],[-85.59750792568823,42.90529922096094],[-85.59548572757714,42.9052809020312],[-85.5934318677757,42.90526422647318],[-85.5913760550314,42.90524535928481],[-85.58932705123507,42.905244264370495],[-85.58799871275144,42.905892585281876],[-85.58805044177461,42.9073889585897],[-85.58814992314964,42.908885091112666],[-85.58850179856492,42.91028102975173],[-85.59045327278254,42.9105421999182],[-85.59177743025268,42.911198907571425],[-85.59184654436547,42.9126807948533],[-85.59074676138944,42.91347806013618],[-85.588708,42.913488]]}},{"type":"Feature","properties":{"routeId":"44","color":"#C4DF9B","dir":"Westbound","trips":113,"trimmed":0,"dests":"Walmart-Grandville","lenKm":25.11,"role":"dominant"},"geometry":{"type":"LineString","coordinates":[[-85.587095,42.913001],[-85.58850011212277,42.913593474736786],[-85.59064279208205,42.91354645230543],[-85.59200843552581,42.912863032543555],[-85.59188618885102,42.91130622794964],[-85.59064694694062,42.910487243518695],[-85.5885942300852,42.910292355106776],[-85.58822666023978,42.90877373578528],[-85.58813452711607,42.907210124203615],[-85.58830549783744,42.90568615316817],[-85.58998010234802,42.90531029418601],[-85.59210988603846,42.90532591255409],[-85.59426862448156,42.90534402472383],[-85.59642898915642,42.905361495611054],[-85.59858957979004,42.90538018245163],[-85.6007499667206,42.90539802228113],[-85.6028992720408,42.90541684666815],[-85.60503681277791,42.90542850319291],[-85.60711604963132,42.90540717023287],[-85.6076164319508,42.904056988940845],[-85.60750944364786,42.90249040133721],[-85.60740054032357,42.90092381373358],[-85.60729659996247,42.89935974132931],[-85.60720580317079,42.89779060162087],[-85.6071149376945,42.89622390555477],[-85.6070294528069,42.894658532400236],[-85.6069450534994,42.893092526935995],[-85.60686332062275,42.89152922555911],[-85.6067850413219,42.88996400527458],[-85.606712479303,42.88839277461881],[-85.6066408075019,42.886820162622044],[-85.60660186161216,42.88525923992866],[-85.60652673063214,42.8836972677615],[-85.60642164151689,42.88211720673655],[-85.60625108255192,42.88057481678528],[-85.60543568288675,42.879186912934436],[-85.60390878080023,42.87809766779569],[-85.60231152871926,42.87704720090482],[-85.60071883846352,42.87601490685451],[-85.59903654726504,42.87505125251201],[-85.59732497353158,42.874858956471],[-85.59624017304012,42.876148655057584],[-85.59619585849106,42.87768226277602],[-85.59625808956702,42.8792287043606],[-85.59633344118059,42.88079599027211],[-85.59643764825869,42.88236292677245],[-85.59714133521602,42.88354481384743],[-85.59925956842585,42.883718428717216],[-85.60136236455034,42.883748823306654],[-85.60350936388197,42.883769254657416],[-85.60565642805784,42.88378846157082],[-85.60780354778652,42.88379723638569],[-85.60994541247791,42.88380189583472],[-85.61208297524594,42.88380568486235],[-85.61423115402935,42.88380899688748],[-85.61638232858094,42.883810159336356],[-85.61853348735049,42.88380351820816],[-85.62068461774616,42.88379660821145],[-85.62283377255329,42.883787286465406],[-85.62498090114049,42.883779857858386],[-85.62712797373703,42.883781644443204],[-85.62927498565053,42.88379586471772],[-85.63142204450213,42.8838151773861],[-85.63356911723935,42.88383612923887],[-85.63571036337626,42.88385365866251],[-85.63784375176739,42.88386583015792],[-85.6399823256658,42.88387773195697],[-85.64213228186912,42.88389054690307],[-85.64428227408234,42.88390101173415],[-85.64643223876097,42.88391641930524],[-85.64858208045186,42.883939147543444],[-85.65073191753696,42.88396045218905],[-85.65288175107106,42.883982331409655],[-85.65503158223518,42.88400662375733],[-85.65718052869364,42.88404846529075],[-85.65932995628687,42.884086348618844],[-85.66147954537728,42.88408410292189],[-85.66362658381472,42.884074837752124],[-85.66577258710701,42.884094422228735],[-85.66791965241163,42.88411606761141],[-85.67006671771624,42.88413408537287],[-85.67221379063261,42.88415853609153],[-85.67435832890591,42.88420817544664],[-85.67650427107047,42.88424977194966],[-85.67865122434516,42.88428274654142],[-85.68079750825078,42.88431519824729],[-85.68294466736525,42.884328400723504],[-85.68508844720196,42.884342255148056],[-85.6872251708363,42.88434498323572],[-85.68936201341096,42.884354712732645],[-85.69151047240275,42.884356717858566],[-85.69365544869173,42.88436324377406],[-85.69580816812561,42.88437826132499],[-85.69796040196135,42.884408684318956],[-85.70011270088375,42.88443993187361],[-85.70226515780702,42.8844648152726],[-85.70440942243947,42.884500515540765],[-85.70655110743218,42.88453502372554],[-85.70869394595702,42.884573872133174],[-85.71083272137011,42.884609912450465],[-85.71294198069076,42.884646890873164],[-85.71509328639392,42.88467564491007],[-85.71724480498834,42.884699486710986],[-85.71939613885426,42.8847301469618],[-85.7215254506875,42.884771379281396],[-85.72365145498789,42.88481265741542],[-85.72579184545803,42.884816771165816],[-85.7279377844675,42.88480740500195],[-85.73008358083896,42.8847982922183],[-85.73222937721043,42.88478187703431],[-85.73437535258485,42.88476697313304],[-85.73652060084804,42.884746593814505],[-85.73865034162372,42.884700887081024],[-85.74015422499724,42.8838626037882],[-85.74180885795178,42.88304268653635],[-85.7426455450682,42.88177601042603],[-85.74478649448002,42.881704488769394],[-85.74692608549074,42.88157106226605],[-85.7489728020519,42.88122111131447],[-85.75094017956911,42.880793683130335],[-85.7521603585979,42.88026640907624],[-85.75118230727972,42.879744322759656],[-85.75146892707747,42.88098469168979],[-85.75279650079209,42.882018921565695],[-85.75285014843676,42.88358996750428],[-85.75364606046791,42.88464307734421],[-85.75579214168809,42.884656759597064],[-85.75794083721888,42.88464777509896],[-85.7600900453042,42.88464269442254],[-85.76223921810232,42.88464728997588],[-85.76438813229417,42.884674949302365],[-85.76653731008551,42.884717222822204],[-85.76868792734649,42.884762892343154],[-85.77083839751556,42.88478872680343],[-85.77233190388469,42.8839329520209],[-85.77343220494132,42.88275423623641],[-85.77326902935147,42.88142843878592],[-85.77232467573032,42.881941780284585],[-85.77227669032806,42.883476606753014],[-85.77068866678528,42.88343218836658],[-85.76971490475488,42.88315252374007],[-85.77132984633728,42.88395507698878],[-85.773216278158,42.88463313650405],[-85.77531789571755,42.88493691376396],[-85.77745945792711,42.88504122676197],[-85.77960086348186,42.885128221767665],[-85.781731235145,42.885082938298716],[-85.78232385339497,42.88387799603172],[-85.78231438674128,42.88231105807498],[-85.782107,42.88099]]}},{"type":"Feature","properties":{"routeId":"12","color":"#913F98","dir":"Westbound","trips":110,"trimmed":3,"dests":"Meijer-Standale","lenKm":10.81,"role":"dominant"},"geometry":{"type":"LineString","coordinates":[[-85.674318,42.956671],[-85.67482967880152,42.956194132369255],[-85.67571981629261,42.95609023353097],[-85.6766309752978,42.95609681880394],[-85.67753154603,42.95610477567358],[-85.67843309028227,42.956114609953005],[-85.67933473325098,42.9561245317225],[-85.68023651615603,42.95614150790449],[-85.68114344702339,42.9561515619913],[-85.68204004026843,42.95616786614213],[-85.68293823003569,42.956183708909876],[-85.68376257121707,42.956253880282645],[-85.68348294149325,42.9567997692065],[-85.68295126605697,42.95732091654635],[-85.68253073988353,42.957907156021946],[-85.68211702961871,42.958493669675725],[-85.68171213354454,42.959080636241694],[-85.68140310357607,42.959677189541935],[-85.68160463066322,42.960173362075025],[-85.68250566627938,42.96019237377309],[-85.68339064452077,42.960170322370715],[-85.68428233085832,42.96005955232774],[-85.6851477893362,42.9598720863223],[-85.68601452713334,42.95968491123483],[-85.68688138501932,42.95950001763898],[-85.68774692505743,42.95931653953686],[-85.68860766074783,42.95913033084013],[-85.68946839643824,42.95894276266349],[-85.69033118153443,42.958759741313735],[-85.69119496489776,42.95859342149457],[-85.69205874801862,42.958471814606696],[-85.69226984605388,42.95892890226303],[-85.6922959603686,42.95958695410248],[-85.69230888696013,42.96020953029228],[-85.6923218360371,42.96086794047125],[-85.69233418763154,42.96152688966074],[-85.69234395794156,42.96212844181502],[-85.69234926549271,42.96278661213113],[-85.69235546057968,42.96344428689453],[-85.69237585656495,42.96410165141521],[-85.69239756126058,42.96475886181523],[-85.69241899860516,42.96541607221524],[-85.6924300637257,42.96607328401833],[-85.69244321221927,42.96673050338428],[-85.69245444673555,42.96738782787856],[-85.69246667537473,42.96804513453977],[-85.69247896221555,42.96870239634603],[-85.69248906492162,42.969362802642834],[-85.692499202425,42.97002485394851],[-85.69252063849926,42.970667649949334],[-85.69329734518303,42.97091608898812],[-85.6941966522846,42.97094706305652],[-85.69509595938617,42.97097352339276],[-85.695994359753,42.970986756237465],[-85.69688150041586,42.97093239851727],[-85.69776155374102,42.97080160692978],[-85.69863406274408,42.9706547885157],[-85.69951625499243,42.970540323717756],[-85.7003938043601,42.97051813338633],[-85.70120847586372,42.97067979560961],[-85.70199093248496,42.970965233582945],[-85.70286367179885,42.97116863812763],[-85.70374651199297,42.97123243317003],[-85.7046413321561,42.97127450104211],[-85.70554481370509,42.97130210241372],[-85.70644891700704,42.971328666785084],[-85.70735302030899,42.97135249577042],[-85.70825362329045,42.971370231785336],[-85.70915355275874,42.97138127386991],[-85.71005348466517,42.97139218369833],[-85.7109534165716,42.971403196134624],[-85.71185275035133,42.97141565982881],[-85.71275125559463,42.97142768017317],[-85.71364962693468,42.97143871446197],[-85.7145471977886,42.971453050911364],[-85.71543900608704,42.9715061309162],[-85.71623504295471,42.9717678924975],[-85.71695027033327,42.972094662438536],[-85.71770205288759,42.971776028796945],[-85.71848184761792,42.97157109293243],[-85.71937839563519,42.97154888636213],[-85.7202780919458,42.97155089553371],[-85.72117805048275,42.97155409695212],[-85.7220780090197,42.97156200569715],[-85.72297780778234,42.97157651836999],[-85.72387752980956,42.97159298476033],[-85.72477725183676,42.971610547856464],[-85.72567697386397,42.97162809079046],[-85.72657669589117,42.97164484941796],[-85.72747641791838,42.97166158708176],[-85.72837776307732,42.971678515451],[-85.72927959450644,42.97169257937481],[-85.73018142593557,42.97171052620198],[-85.73107934944343,42.971726172724466],[-85.73197666177663,42.97174647533309],[-85.73287481754373,42.97176606645902],[-85.73377436523873,42.97178666712795],[-85.73467252759491,42.971808434075214],[-85.73556953915337,42.97182735345367],[-85.73646815503194,42.97184829007311],[-85.73736698659205,42.9718655503791],[-85.73826541730163,42.97187762015113],[-85.73916389557066,42.97189117607853],[-85.74006193468539,42.971902847522784],[-85.74096085210871,42.97191089715577],[-85.74185921604129,42.97192384728014],[-85.74275751820291,42.971941332116934],[-85.74365582036451,42.97195736983703],[-85.74455461358444,42.97197340755713],[-85.74545487463828,42.97198820514332],[-85.74635812698772,42.97200389610182],[-85.74725539798337,42.972016266356526],[-85.7481556596559,42.972027589962934],[-85.74905592132843,42.97203908135862],[-85.7499596603963,42.97205218818626],[-85.75085631939852,42.97206749389124],[-85.75175550846524,42.97208232397666],[-85.75265339949357,42.972098986507305],[-85.75355317094456,42.97211026095153],[-85.75445580814839,42.97212077503954],[-85.75535709414366,42.97213154559827],[-85.75625738275667,42.97214331335855],[-85.75715772632337,42.97215450093507],[-85.75805806664194,42.97216580428889],[-85.75895838925581,42.97217688137181],[-85.7598587118697,42.97218737897647],[-85.76075903448357,42.97219787658113],[-85.76165930440389,42.97221026419895],[-85.76255953602218,42.97222194209406],[-85.76345961161648,42.972233201370905],[-85.76435481458157,42.97224322283843],[-85.76525001592039,42.972252886428564],[-85.76615328982405,42.97226261762144],[-85.76705697392725,42.97227097168542],[-85.767955493183,42.97227959291671],[-85.76885409209108,42.97228287293557],[-85.76975271706004,42.972287660724675],[-85.77065134202901,42.97229489573094],[-85.77154996843711,42.972300576244486],[-85.77244861458944,42.97230073059608],[-85.77335191889298,42.97229864341189],[-85.77425276156995,42.972298788849955],[-85.77515230861167,42.972289673401846],[-85.77601265379367,42.97222448346497],[-85.77637325794778,42.9716777872682],[-85.77640809236907,42.971031042285865],[-85.77640755433599,42.970373664734645],[-85.7764068557778,42.96971252641835],[-85.77641962301362,42.96905594766619],[-85.776786,42.968475]]}},{"type":"Feature","properties":{"routeId":"1","color":"#913F98","dir":"Northbound","trips":108,"trimmed":0,"dests":"Central Station","lenKm":18.55,"role":"dominant"},"geometry":{"type":"LineString","coordinates":[[-85.7194315,42.858146],[-85.71964983037518,42.85920306722517],[-85.72040841066936,42.85988449138428],[-85.72196186034971,42.860016706396394],[-85.72293633899724,42.860582429690695],[-85.72296363050252,42.86172045706068],[-85.7225902331937,42.86265489888467],[-85.72114414566434,42.86241000565232],[-85.71983092176558,42.86181803346496],[-85.71854457244328,42.86115571885137],[-85.71705799762495,42.86090137898525],[-85.71550120568165,42.86080575484014],[-85.71394608396712,42.860721348722016],[-85.71238967643497,42.86065929088548],[-85.71083170643688,42.8606394014295],[-85.70927277060352,42.860626603266354],[-85.70771383477015,42.860614990216106],[-85.70615101380959,42.86060299584136],[-85.70458439848599,42.860583732388456],[-85.703017897198,42.86056741993492],[-85.70145161008793,42.86058150650714],[-85.69988535979317,42.860608390209634],[-85.69832461834824,42.86064036670726],[-85.69676482863191,42.86069917450847],[-85.6952809698893,42.860968427185114],[-85.69389878714601,42.86150553739007],[-85.69253097579173,42.86205714772246],[-85.69124832715423,42.862710752303286],[-85.68999345224958,42.863400782620204],[-85.68890610530221,42.86421262643995],[-85.68791761914538,42.865097221076184],[-85.68669897613546,42.86568696344359],[-85.68515986789205,42.865869067337385],[-85.68360504006196,42.86595222643945],[-85.68221427300041,42.86589326378058],[-85.6826220711425,42.86526325849441],[-85.68348927510417,42.86561848583622],[-85.68246127114625,42.86597254830204],[-85.68090982126799,42.86597056862349],[-85.67934853690085,42.8659564861695],[-85.67778728961164,42.865943711693276],[-85.67622708688023,42.865932687193194],[-85.67466088893448,42.86592449721452],[-85.6731076484592,42.865903722809186],[-85.67155242535489,42.865884480156],[-85.66999125684521,42.86586394241954],[-85.66842976269052,42.86585006937983],[-85.66686781626376,42.865843525668005],[-85.66529737338078,42.86584396707651],[-85.66416990130075,42.86632744100908],[-85.6640751856525,42.86744665757186],[-85.6641108363732,42.868595808050145],[-85.66415085451075,42.86974373846633],[-85.66418837663196,42.87088521126316],[-85.66422498441511,42.87203548777113],[-85.6642639600048,42.873183111106194],[-85.66430271406684,42.87432676271561],[-85.66434933169364,42.875469074965295],[-85.66439899488935,42.876604675266606],[-85.66445244515276,42.8777472444231],[-85.6644807110809,42.878889851892495],[-85.66450965294474,42.88003400278357],[-85.66454772806378,42.88117790611598],[-85.66458786230626,42.88232543956819],[-85.664626763852,42.88347451119165],[-85.66466484335564,42.88462057453006],[-85.66471252419018,42.885766146122336],[-85.6647590236594,42.88691436775444],[-85.66480448173692,42.88806273144824],[-85.66484599917277,42.88921114174238],[-85.66488684884038,42.89035686267579],[-85.66493187021132,42.89150211769251],[-85.66497752200364,42.892647283918805],[-85.66502885040227,42.89379245014509],[-85.66507945760708,42.89493754462869],[-85.66513236073061,42.89608110379472],[-85.66518315141099,42.89722281177804],[-85.66522986752658,42.89836870642003],[-85.66527864515595,42.89951679751145],[-85.66532947767234,42.90066456877972],[-85.66538097487305,42.90181080097497],[-85.66543242347247,42.90295500507244],[-85.66548450953938,42.904099224138264],[-85.66553492471556,42.905246574691844],[-85.6655875488346,42.9063939708643],[-85.66564057981145,42.90754136583543],[-85.66569364490344,42.90868876080654],[-85.66574831057245,42.90981540322449],[-85.6658018014343,42.9109616431996],[-85.66585532790529,42.91210753227631],[-85.66591668092633,42.91325331539933],[-85.66597921725747,42.91439494153337],[-85.66603286349435,42.91553632399521],[-85.66608719922067,42.91667772688601],[-85.66614055497297,42.91781910102224],[-85.66619874198913,42.91896039737034],[-85.66625915575693,42.92010178820694],[-85.66631622325193,42.92124288437309],[-85.66636827094385,42.92238428159854],[-85.66641910695685,42.92352563235174],[-85.66647083412226,42.92466647198151],[-85.66651934827905,42.92581371682476],[-85.66653819639606,42.92696596397265],[-85.66616270415756,42.92746402141078],[-85.66464424594008,42.92745665151867],[-85.66308562737956,42.92743672911132],[-85.6615271443037,42.927422297416996],[-85.65997400384275,42.92752746425938],[-85.65845777805512,42.928203497935215],[-85.65813136022066,42.9293295085845],[-85.6581908613771,42.93047584225953],[-85.65828966581438,42.93161973775801],[-85.65837086390647,42.93276541460122],[-85.65844921274518,42.93391109144442],[-85.65853451525312,42.93505676828763],[-85.65861769958872,42.935876882726575],[-85.65867418417872,42.9370227305904],[-85.65876014958135,42.938170279103346],[-85.65883793422324,42.93931571522076],[-85.6588958084977,42.94046149100406],[-85.65896223145492,42.941611425595305],[-85.65899344323742,42.94276715845388],[-85.65900599464855,42.94391776341409],[-85.65901214536196,42.945069368006216],[-85.65902510752883,42.94622204394565],[-85.65903607090178,42.94737703229952],[-85.65913534612838,42.948436710111935],[-85.66070298797082,42.94857939726738],[-85.66227751089463,42.948651959193015],[-85.6638567554144,42.94868297392765],[-85.6654432313783,42.948723590593275],[-85.66701420108075,42.94877769139297],[-85.66744301802873,42.94973513044852],[-85.66747089588394,42.950888855365484],[-85.66749395255951,42.95203260386222],[-85.66752426255059,42.95317636130362],[-85.66756202557468,42.95431986212613],[-85.66759358723142,42.95546331575525],[-85.66763654079315,42.95660993296544],[-85.66767264089071,42.95775409141913],[-85.66771019202878,42.95890250393506],[-85.66774428792908,42.96005384141045],[-85.66778409066613,42.961205198373534],[-85.66783096055315,42.96235619334553],[-85.66857005195632,42.96316671149229],[-85.67001468749717,42.963251969081234],[-85.67155757830793,42.96319763511375],[-85.67238249275714,42.96241198988757],[-85.67337773940068,42.96177450474426],[-85.673494,42.960627]]}},{"type":"Feature","properties":{"routeId":"11","color":"#0066B3","dir":"Northbound","trips":103,"trimmed":0,"dests":"Meijer-Plainfield","lenKm":10.16,"role":"dominant"},"geometry":{"type":"LineString","coordinates":[[-85.675555,42.959847],[-85.67524547672572,42.960401782239686],[-85.67489072153147,42.96095578960717],[-85.67452801723101,42.961512593736515],[-85.67415236768066,42.962068778016274],[-85.67377657091104,42.96262286452793],[-85.67340715772103,42.96317949578725],[-85.67302361575403,42.96372593347344],[-85.67261244640537,42.96425692983175],[-85.67223130428896,42.96479588991516],[-85.67209409459379,42.965402548788035],[-85.67210428856633,42.96601183575094],[-85.67212794225489,42.9666288204765],[-85.67215421723702,42.96723883560831],[-85.67217068020544,42.96785055490935],[-85.67215691287097,42.96846585142998],[-85.67214044043695,42.96908185875665],[-85.6721293179778,42.96970222766041],[-85.67200695181401,42.97021756339759],[-85.67117896542011,42.970295807055905],[-85.67034356437584,42.97032839083149],[-85.66949625971787,42.9703474724338],[-85.66865047665176,42.97037305903193],[-85.66780469358567,42.97039881371324],[-85.66696737513601,42.97042460868275],[-85.66612943741751,42.97043708192483],[-85.66528431958557,42.97044398118518],[-85.66445847550838,42.970373679368116],[-85.66363495623936,42.97031151481415],[-85.66284176209258,42.97033144752725],[-85.66214773932396,42.970485301367816],[-85.66194000166402,42.97107339939898],[-85.66193284538194,42.97168326953963],[-85.66193760470918,42.972305133568135],[-85.6619446289499,42.97292584431719],[-85.66195486497357,42.973545435825],[-85.66196920234046,42.974167213305556],[-85.66197482443113,42.97478818239537],[-85.66197772925477,42.975402853037544],[-85.66197870099747,42.976017523679715],[-85.66198095464442,42.97663698920193],[-85.66198551798863,42.97725716981311],[-85.66198877733557,42.97787734567156],[-85.66199667422022,42.97849795102697],[-85.66200372002326,42.979119038761844],[-85.66200984754109,42.97974012649672],[-85.662015995114,42.980361130692486],[-85.66202409758894,42.98098111725468],[-85.6620340325283,42.981600914806044],[-85.66204302705034,42.9822166235866],[-85.66205090541175,42.982836787948614],[-85.66206369967429,42.98345838388965],[-85.66208106721251,42.98407945033171],[-85.66236672290631,42.98448852962564],[-85.66320892346283,42.984584927972925],[-85.66404755044937,42.984614078319716],[-85.66488944406521,42.98463183597248],[-85.66573390346556,42.98465138448745],[-85.66657323129692,42.9846737508863],[-85.66696302261714,42.98493940721469],[-85.66677226615671,42.98551167242626],[-85.66646165395042,42.9860741225752],[-85.66611499660047,42.98663192720684],[-85.6656980900707,42.98717043988873],[-85.66529025315506,42.98770436970611],[-85.66487262879772,42.98823830799429],[-85.66445817450833,42.988773841701104],[-85.66401750504025,42.98931573801752],[-85.66361366363472,42.98985600983011],[-85.66319627316662,42.990400943161795],[-85.66279564832718,42.99094429924387],[-85.66237862447477,42.99148754932909],[-85.66197426739514,42.99202764327702],[-85.661562072194,42.992567851661384],[-85.66114156213958,42.993109188268654],[-85.66072105208517,42.99365052487592],[-85.66030051984424,42.99419186148318],[-85.65987527409553,42.994739736198056],[-85.65945626366143,42.99528483844854],[-85.65904106178121,42.99582836536639],[-85.658625859901,42.996368885245545],[-85.65820552679537,42.996908556655654],[-85.65778210991486,42.997448208612894],[-85.65735869303435,42.997987860570134],[-85.65693527615385,42.998527512527374],[-85.65651569973336,42.99906371830704],[-85.65609687955283,42.9996021237484],[-85.65569102106097,43.000140912872155],[-85.65527040249563,43.000680188003216],[-85.65484978393029,43.00121946313428],[-85.6544297433581,43.00175276767509],[-85.65401148672011,43.00228320554725],[-85.65359342948452,43.00282464735943],[-85.65318048536412,43.00336608917161],[-85.65275991833323,43.00390749112957],[-85.65233935130233,43.00444889211397],[-85.65191990987852,43.00499029309838],[-85.65151836586122,43.00553764116036],[-85.65112789240663,43.00608855160014],[-85.65073366078688,43.00664131504662],[-85.65033942916713,43.0071940784931],[-85.64994658460509,43.00774555423928],[-85.64956538760137,43.00829718524742],[-85.64919211654933,43.0088555922354],[-85.64881884549727,43.009414781114806],[-85.64844127458097,43.00997068338403],[-85.64806748029763,43.01052049147677],[-85.64769681124733,43.011073780686594],[-85.6473277713069,43.011632038218515],[-85.64695991862241,43.012190295750436],[-85.64659206593792,43.01274855328236],[-85.64622421325342,43.01330291345897],[-85.64585795294143,43.0138650683462],[-85.64543167161195,43.01437356193336],[-85.64508240645831,43.01486154555072],[-85.64469784916459,43.015349487911514],[-85.64415985013038,43.01586775857455],[-85.64359605308475,43.016325496402814],[-85.64300671577797,43.01680857352642],[-85.64236665257185,43.01730116069208],[-85.64170055225836,43.01771834073539],[-85.64092103710854,43.01794149700553],[-85.64012493159373,43.01814905701686],[-85.63933157662848,43.01837156898422],[-85.63854448782126,43.018595982741395],[-85.63775850441108,43.01882082364566],[-85.63697252100089,43.01904566454992],[-85.63626954062937,43.01936641423642],[-85.63558467907316,43.01970424619998],[-85.63492209781973,43.02006858231199],[-85.63434433261536,43.020535499900504],[-85.6338347214474,43.021038036618826],[-85.63354745856928,43.021613431887374],[-85.63333556978637,43.02219669225881],[-85.63312100621673,43.022791309200315],[-85.63290564450209,43.02339205058154],[-85.63274448495198,43.02399459272168],[-85.63264851076406,43.02461203046991],[-85.63256950124423,43.025229468218136],[-85.6324388708856,43.0258441708893],[-85.63223712961137,43.0264423315655],[-85.63204112570456,43.02704044246067],[-85.6318128776056,43.02762904525642],[-85.63146567211982,43.028189194203506],[-85.63105264703691,43.02872220417953],[-85.63061839186997,43.02925251697826],[-85.6301682867475,43.02976551155839],[-85.62957073615563,43.03020912854274],[-85.6289748680778,43.030640181948],[-85.62884,43.031078]]}},{"type":"Feature","properties":{"routeId":"13","color":"#FAA61A","dir":"Southbound","trips":101,"trimmed":0,"dests":"Downtown/RCS","lenKm":10.46,"role":"dominant"},"geometry":{"type":"LineString","coordinates":[[-85.656498,43.018066],[-85.65574491184572,43.017912980738295],[-85.65584227540798,43.01728838157191],[-85.65605919956133,43.01666966361906],[-85.65628538504171,43.01605172934783],[-85.65651637996734,43.01543865342042],[-85.65674796157055,43.01482936397468],[-85.65689964662548,43.014209354300704],[-85.65692674044197,43.01358944181066],[-85.65626714701344,43.013462270054674],[-85.65540441377102,43.01345625230826],[-85.65453769396119,43.01344873307698],[-85.65366598366944,43.013440206528735],[-85.6527942733777,43.013432013880184],[-85.65192791542664,43.0134221938643],[-85.65105084016587,43.01341362916008],[-85.6501791119788,43.013406489805355],[-85.64930913535882,43.01339789940398],[-85.64844078774468,43.01339058099511],[-85.6475724334838,43.0133827246614],[-85.64670841177565,43.01337659617544],[-85.64584025351014,43.01337455470982],[-85.64497910185162,43.01337598061161],[-85.64411794895052,43.01337624108956],[-85.64325565802122,43.01337793940808],[-85.64239245498699,43.01338022494319],[-85.6415340378132,43.01335421756234],[-85.64066734111017,43.013328628278245],[-85.63994027217007,43.013170524830606],[-85.63984153081906,43.01254027203766],[-85.63984376367662,43.01190475727817],[-85.63984623044851,43.01126924251867],[-85.63985192135655,43.01063373695068],[-85.63985885554519,43.009998234854706],[-85.63986625609188,43.00936273275874],[-85.63987155283655,43.00872723066277],[-85.63987827974026,43.0080917285668],[-85.63988556763604,43.00745623516496],[-85.63989593809663,43.00682077376278],[-85.63990627775395,43.00618734384093],[-85.63991526353618,43.005550198999835],[-85.6399240939657,43.004914941757484],[-85.63993016314481,43.004279797286266],[-85.6399353857808,43.00364299843582],[-85.6399398497451,43.00300623235981],[-85.63994454182757,43.00237074802315],[-85.63994893732158,43.001735263686484],[-85.63995873919312,43.00109986660189],[-85.63997011662589,43.00046453347025],[-85.63998313554981,42.99983038344467],[-85.6399937574576,42.999195455551664],[-85.64000157529846,42.99855999692922],[-85.64000023061428,42.99792449512595],[-85.63999375556261,42.99728898787413],[-85.63998682627616,42.9966534806223],[-85.63997989622548,42.99601894758316],[-85.63997750514729,42.995389160950516],[-85.63997493254945,42.994759372175494],[-85.63997387727999,42.994129583357726],[-85.63997466695119,42.99349231368047],[-85.63997453459643,42.99286458503125],[-85.63997383894002,42.992234147324936],[-85.63997220601377,42.99160222430553],[-85.63997190680165,42.99096652822141],[-85.63996912382537,42.99033076548154],[-85.63996807291501,42.98969500274166],[-85.63996698888282,42.98905924000178],[-85.6399650851063,42.98842347696421],[-85.63996257482353,42.98778771291476],[-85.63996364008155,42.98715505035359],[-85.63996607716771,42.98652499884568],[-85.63996890894312,42.985894850514185],[-85.63997710265129,42.985259819014814],[-85.63997579782581,42.984624786720374],[-85.63996986308895,42.98398981591425],[-85.63995815065206,42.98335482995397],[-85.63994670820867,42.98271984399369],[-85.63993691552932,42.98208485803341],[-85.63992798021812,42.981449838345476],[-85.63992171298939,42.98081480462421],[-85.63991647389739,42.980179769212675],[-85.6399121099916,42.97954473380114],[-85.63990496304977,42.97890969838961],[-85.63990022789858,42.97827501984655],[-85.63989537996143,42.97763962678653],[-85.63988843248566,42.977006158557515],[-85.6398835886034,42.97637274695271],[-85.63987922742987,42.97573933544581],[-85.63987591700744,42.975105923770556],[-85.63988355622332,42.97447233718692],[-85.63989263883686,42.97383921054527],[-85.63988831712479,42.97320587745318],[-85.63987715416765,42.97257257463815],[-85.6398656532887,42.971939152806485],[-85.63985592578177,42.9713039214684],[-85.63984464691111,42.97066867654425],[-85.64008881021898,42.97013382686392],[-85.64092699077301,42.97005850371521],[-85.6417918431392,42.97005604075397],[-85.6426566347876,42.970053474391385],[-85.6435214129875,42.97005836756925],[-85.64438617906706,42.97006954427745],[-85.6452484498945,42.970082425298315],[-85.64611429733326,42.97008884247007],[-85.64698465047756,42.97008958398267],[-85.64785466221979,42.97009726997334],[-85.64871914752752,42.97010652868793],[-85.64958333931516,42.97011569403462],[-85.6504477580727,42.9701253546249],[-85.65131213254222,42.97014026167259],[-85.65217650701172,42.970151719218606],[-85.65304492902624,42.97016362486203],[-85.65391322468969,42.97017570665599],[-85.65478208557306,42.97019440699764],[-85.65564815298046,42.970214124404606],[-85.65651257323616,42.97023421668119],[-85.6573783203004,42.970249821717275],[-85.65824406736465,42.97026614330581],[-85.65910979782254,42.970281434225704],[-85.65997539939286,42.97030271180912],[-85.66084100096319,42.97032579165659],[-85.6617067312179,42.97034942082777],[-85.66257146226351,42.97037420833588],[-85.66343398398767,42.97041770674213],[-85.6642957907178,42.97049174128634],[-85.66514254463587,42.97056251281991],[-85.66600933408203,42.97056814458577],[-85.66687705608607,42.97055380833013],[-85.66774464585521,42.97053060591476],[-85.66861223562434,42.97050643415453],[-85.66947969774233,42.97049187845554],[-85.6703469951635,42.97047324805966],[-85.67121429258468,42.97045610300776],[-85.67196492933851,42.970323868263144],[-85.67214728083746,42.969735006121745],[-85.67217643782486,42.969109417286425],[-85.6721912815418,42.96847624432415],[-85.67220637633638,42.96784113003818],[-85.67218762168794,42.9672085492431],[-85.67216173461914,42.96658167920324],[-85.67215355998232,42.96595528945469],[-85.67216981972295,42.96532204505906],[-85.6723429695588,42.96471960037311],[-85.67277185113234,42.96415960926802],[-85.67317083558981,42.96359566698262],[-85.673557338825,42.96302765575236],[-85.67386540423556,42.96245366419132],[-85.67367782849718,42.96187602274135],[-85.6735606127297,42.96124666845416],[-85.673515,42.96062]]}},{"type":"Feature","properties":{"routeId":"15","color":"#F49AC1","dir":"Eastbound","trips":98,"trimmed":0,"dests":"Knapps Corner","lenKm":10.62,"role":"dominant"},"geometry":{"type":"LineString","coordinates":[[-85.67237449999999,42.960867],[-85.67237600754083,42.96151861017482],[-85.67240514222308,42.9621694617618],[-85.67236063484728,42.96280064101264],[-85.67162454245133,42.96311379595673],[-85.67074914315896,42.96314447793087],[-85.66987801937428,42.96313307191224],[-85.66897802179167,42.96312644554341],[-85.66813069499466,42.96313162444601],[-85.66724000489002,42.96313733048288],[-85.66635072731118,42.96314265479272],[-85.66546173489043,42.96312609585765],[-85.66457058918762,42.963108726958495],[-85.66367939044213,42.96308927977538],[-85.66278819169665,42.96308003552649],[-85.66196387096599,42.963205349077754],[-85.66176952943283,42.96375611406047],[-85.6617608049287,42.96439021028574],[-85.66160248289034,42.965023954168885],[-85.6609265265684,42.96529535405956],[-85.66004141387137,42.96528716771068],[-85.65915946550328,42.965270810474124],[-85.65827016433725,42.96525593493756],[-85.6573807396646,42.96526552605142],[-85.6569359375312,42.965694945913],[-85.6569248483793,42.96634292197575],[-85.65693256955215,42.966993148702436],[-85.65694765986356,42.96761532458398],[-85.6569543981916,42.96826144984061],[-85.6569510487454,42.968907580091],[-85.65693856700332,42.96955370679383],[-85.6569306798331,42.970201467647684],[-85.65692775423273,42.97085076197774],[-85.65693398540868,42.97149981838894],[-85.65694855207548,42.97214904861208],[-85.65696880984504,42.972798278835214],[-85.65699041013207,42.973447509058346],[-85.65700210910859,42.97410194008671],[-85.65700981490087,42.9747540016958],[-85.65701691243336,42.97540255244327],[-85.65702332710379,42.97605576696267],[-85.65703078095451,42.9767099090045],[-85.6570442337974,42.97736387935571],[-85.65704863048347,42.978018044590925],[-85.65705018009811,42.97867221883287],[-85.65705591252228,42.97932639653162],[-85.6570569768761,42.97998057472665],[-85.65706311559543,42.98063248150627],[-85.65706897908282,42.98128319405146],[-85.65707268526873,42.98193391559897],[-85.65707272220013,42.98258464469943],[-85.65707177816236,42.98323537379988],[-85.65707094414002,42.98388610290033],[-85.6569304952022,42.9844225094116],[-85.65604913199931,42.98449171723873],[-85.65516717820617,42.984489229968915],[-85.65428423797012,42.98448354953388],[-85.65339891321457,42.98447940594257],[-85.6525120304494,42.98447514767673],[-85.65162088892086,42.98447143566983],[-85.65072974939247,42.98446824233868],[-85.64983861795992,42.98446144528427],[-85.64894756377876,42.98445522654987],[-85.64806215790921,42.98444976004174],[-85.64717675203968,42.98444699605778],[-85.64628858069406,42.98444161147401],[-85.64539800354567,42.98443326316763],[-85.64450742639727,42.98442811074905],[-85.64362334255954,42.984418402183906],[-85.64273970876138,42.984405400427306],[-85.64185033956338,42.98438850457805],[-85.6409594124178,42.98437680685613],[-85.64007615911974,42.984372032575564],[-85.63918972215262,42.98437227570332],[-85.63830219401656,42.98438006798681],[-85.63741905318923,42.984387359713125],[-85.6365357652929,42.9843918600881],[-85.63564235167036,42.98439557443696],[-85.63474865373837,42.98439739289097],[-85.63385495580637,42.984400210341306],[-85.63296008218018,42.984400006319156],[-85.63206519497383,42.984395295994084],[-85.63117125440363,42.9843897582485],[-85.63027731513128,42.98438654073753],[-85.62938339995736,42.984388063619036],[-85.62849173261498,42.98438639288662],[-85.62760875318025,42.9843835789805],[-85.62671834162924,42.98438018603607],[-85.62582682744733,42.98437755511738],[-85.62493783558438,42.98437366746849],[-85.62404876303768,42.98437068448459],[-85.62315939943252,42.984366965312276],[-85.62226724538242,42.98436338648837],[-85.62137509133231,42.98436022531302],[-85.62048296126449,42.984357501530745],[-85.61959102672259,42.98435772016907],[-85.6186990689674,42.98435878821169],[-85.61780706019093,42.98435695868779],[-85.61691545527736,42.98435565329308],[-85.61602385036377,42.98435281510578],[-85.6151322454502,42.98435166184865],[-85.6142406597943,42.984347409532106],[-85.61334885337847,42.98434463291625],[-85.61245766469284,42.984341790371566],[-85.61156734967452,42.9843399416212],[-85.61067532508457,42.98433728464589],[-85.60978312525287,42.98433458885677],[-85.60889147237683,42.98432869934743],[-85.6079980596365,42.98432373837773],[-85.60710734180415,42.98431897371569],[-85.60621675838337,42.98432236165854],[-85.60532516128318,42.9843244820684],[-85.60443356418297,42.984324186965566],[-85.60354207662074,42.98432656051024],[-85.60265235108041,42.98433215904755],[-85.60176458013865,42.98434614478134],[-85.60092607342774,42.98438581043709],[-85.60060417832196,42.98486778155334],[-85.60059793062061,42.985499648722396],[-85.60059620302229,42.98614990437323],[-85.60059024509223,42.98680017111299],[-85.60058382799622,42.98745043785274],[-85.60057542169622,42.98810067490446],[-85.60055877653537,42.98874922960635],[-85.60051744948373,42.98939731321994],[-85.60045154734732,42.990045396833516],[-85.60038483426743,42.99069368480584],[-85.60031839873074,42.99134215199598],[-85.59986886976007,42.991727756381664],[-85.59900163149999,42.991851770336794],[-85.59839057716613,42.99227321233123],[-85.5978361139353,42.99279398972554],[-85.59767226929122,42.9934348964572],[-85.59752673500174,42.99406847012769],[-85.59735637114858,42.99468148318216],[-85.59747162256286,42.9953173028915],[-85.59752980685457,42.995957722871],[-85.5974740133194,42.99660363441424],[-85.59737126975034,42.99725039805151],[-85.59733553588366,42.99789819553031],[-85.59731199727312,42.998547341377744],[-85.59673283787666,42.99875728210418],[-85.59584469508233,42.99877504275099],[-85.59499003592285,42.99879134977674],[-85.59419651192084,42.99895683685993],[-85.59392896468796,42.99952086501786],[-85.59366010075237,42.999997306847234],[-85.59293121629663,42.999986314847746],[-85.59277777184062,42.999372290591225],[-85.5927845,42.9987165]]}},{"type":"Feature","properties":{"routeId":"13","color":"#FAA61A","dir":"Northbound","trips":97,"trimmed":0,"dests":"Veteran's Home","lenKm":11.21,"role":"dominant"},"geometry":{"type":"LineString","coordinates":[[-85.673448,42.960865],[-85.67349214994299,42.961526979717554],[-85.6737959665286,42.962166963497275],[-85.67368046263393,42.96273941809312],[-85.67329074292351,42.963352074246316],[-85.6728382447455,42.963952987420996],[-85.67236505183075,42.964551309503236],[-85.6720914776233,42.96518005921592],[-85.67210851963641,42.96586583165847],[-85.67212655055584,42.966543658442774],[-85.67215161679505,42.96722141225766],[-85.6721621375387,42.967905381840126],[-85.67214905751959,42.968587472352134],[-85.67213290786277,42.96927301595839],[-85.67211945311544,42.969951257115376],[-85.67152441576935,42.970272807942465],[-85.6705920510532,42.97031162970114],[-85.66965240291424,42.97034355544915],[-85.66871354663058,42.97036559052749],[-85.66778128369603,42.970398814992414],[-85.66684984280577,42.97042160311724],[-85.66591601262776,42.97043166043461],[-85.66497564055157,42.97042043369954],[-85.6640620218777,42.97032158295],[-85.66312668639264,42.97025206204993],[-85.66220700982949,42.970231127121124],[-85.6612819016047,42.97021073414453],[-85.66034355149408,42.970192912457634],[-85.65939939311578,42.970167659827894],[-85.65846030385156,42.97014929489925],[-85.65752657609981,42.970132523160316],[-85.65659525066839,42.970125861263604],[-85.65566756850353,42.970127368999115],[-85.65473647381201,42.97011706924629],[-85.65380823323463,42.97010240151766],[-85.6528793563677,42.97009100672619],[-85.65195036475018,42.970076026580124],[-85.65101500147658,42.97005791445237],[-85.65007396417735,42.97003982247005],[-85.64913054075213,42.97002363060451],[-85.64819950626372,42.9700244345823],[-85.647277663525,42.97000955211148],[-85.64635301181555,42.969992541975856],[-85.64541694538715,42.969978688725035],[-85.64448060989618,42.96996595982179],[-85.64354411036211,42.9699607463924],[-85.64260763730911,42.969960093729235],[-85.64167761506619,42.96997059917866],[-85.64076891527743,42.96998543380783],[-85.63990725320627,42.9701171284419],[-85.63971719965164,42.97075548849115],[-85.63970702532238,42.97143454766055],[-85.63969705438613,42.97211343308296],[-85.6396789491687,42.97279298097788],[-85.63966890675825,42.97347506653855],[-85.63968694024375,42.97416357329702],[-85.6397100984357,42.97485208005549],[-85.63973188868248,42.97553340393034],[-85.63973865162872,42.97620816405412],[-85.639753022019,42.97689115033679],[-85.63977121235415,42.97757674239699],[-85.63977857116312,42.97825698376317],[-85.63978809612894,42.97893722512934],[-85.6397931423791,42.979617469940095],[-85.63979824644527,42.980297716946055],[-85.63980385227809,42.98097954011176],[-85.63980887219056,42.98165821095797],[-85.63980985452224,42.98233845796393],[-85.6398066233738,42.98302356797527],[-85.6398091928367,42.98370302879945],[-85.639811,42.98438839358842],[-85.639814,42.985073748441536],[-85.63981592003695,42.985759103294654],[-85.63981891853115,42.98644446797241],[-85.63982206298425,42.98712983713789],[-85.63982402504655,42.987815206303374],[-85.63982722150394,42.98850038462865],[-85.63982930461599,42.98918349035586],[-85.63983188090391,42.9898694366309],[-85.6398352599452,42.99055323549507],[-85.639836,42.991236978699305],[-85.63983734325416,42.99192072591336],[-85.63983898047273,42.99260447312741],[-85.6398380297502,42.99328818992732],[-85.6398385559811,42.993971910115505],[-85.63983741770556,42.99465565868871],[-85.63984090886343,42.995339407197314],[-85.63983908519188,42.99602315570592],[-85.6398472000639,42.99670668872701],[-85.639860403638,42.99739010001223],[-85.63985918873462,42.998073839198305],[-85.63986097100356,42.99875757838437],[-85.63985338340532,42.999441165770115],[-85.63985216332401,43.00012765347672],[-85.6398490159135,43.00081412925297],[-85.63984495282975,43.00150060112244],[-85.63984235981394,43.00218350393448],[-85.63983768432844,43.0028658296142],[-85.63983261423967,43.00354813744875],[-85.63982497627384,43.00423043521131],[-85.63981457271774,43.00491273297388],[-85.6398061022127,43.005595030736444],[-85.63979650943584,43.00627732849901],[-85.63979037134277,43.00696008779634],[-85.6397812989254,43.00764381472403],[-85.639772330977,43.00832754162443],[-85.639765,43.00901126852484],[-85.6397601961658,43.00969452146732],[-85.63975676587525,43.010374350109394],[-85.63975415631724,43.0110616950153],[-85.6397535119045,43.011746239814194],[-85.63977236778426,43.01241752020665],[-85.64017048006737,43.01302837047377],[-85.64084384561106,43.01335753037429],[-85.6416271576735,43.01342424519715],[-85.64256092527243,43.01342558345002],[-85.64349713447446,43.01342692675763],[-85.6444289764605,43.0134315119524],[-85.64535877991966,43.01343494044771],[-85.64628851215348,43.013436213220395],[-85.64721852893821,43.01343428188288],[-85.6481504219505,43.01343647699563],[-85.64908231496278,43.01344171926294],[-85.65001418828643,43.013448259563354],[-85.65094603354412,43.01345836157971],[-85.65187787880178,43.013468021765874],[-85.65280972405947,43.013475783297686],[-85.65374491726259,43.01348475503819],[-85.65468218049595,43.013494952790985],[-85.65561944372932,43.01350439392758],[-85.65655670696269,43.01351383506419],[-85.6574934871144,43.01352267373914],[-85.65843145790419,43.01352888685589],[-85.65936945886614,43.01353508156007],[-85.66030750251511,43.013540335590186],[-85.66124168075531,43.013547882612606],[-85.66217896813879,43.0135566268826],[-85.66309556601773,43.01357834633564],[-85.6633343264276,43.0139693637548],[-85.66307219948115,43.01462178952088],[-85.66276625441327,43.01526385176476],[-85.6624598461964,43.015905914008634],[-85.66216327586203,43.016547976252504],[-85.66186196315985,43.01719366270635],[-85.66154804482656,43.01783445374479],[-85.66119424262709,43.018384018129126],[-85.66040428504382,43.01836674030483],[-85.65951628897437,43.018260029779135],[-85.65858632642548,43.01818803169726],[-85.65766,43.018143]]}},{"type":"Feature","properties":{"routeId":"12","color":"#913F98","dir":"Eastbound","trips":94,"trimmed":0,"dests":"Central Station","lenKm":10.97,"role":"dominant"},"geometry":{"type":"LineString","coordinates":[[-85.778343,42.96875],[-85.7790486085853,42.96897260045294],[-85.77885256600999,42.968684171577266],[-85.77794795332309,42.96853873596197],[-85.7770436710504,42.96843783681935],[-85.77649811848529,42.96874992540423],[-85.77634861622349,42.96942091152626],[-85.77620529831412,42.97008784667368],[-85.7761435436039,42.97075001330193],[-85.7761433928215,42.971428254636365],[-85.77604695076442,42.97204406811968],[-85.77515119869348,42.972128509256976],[-85.77423052361141,42.972169008846016],[-85.7733106726604,42.97218662593063],[-85.77238773799192,42.972184352929645],[-85.77146017817861,42.97217665550552],[-85.77053466660584,42.97216846978351],[-85.76961102349594,42.972162257624035],[-85.76868923099313,42.97215287867857],[-85.76776251910186,42.97214266393866],[-85.76683604179986,42.972133031897684],[-85.76591045363801,42.97212316040316],[-85.76499589306832,42.97211397163396],[-85.76407485278924,42.97210521685551],[-85.76315343413164,42.97209463947269],[-85.7622357000507,42.97208274601485],[-85.76132140894578,42.97207145392727],[-85.76040186016968,42.97206029779541],[-85.75948120079562,42.972048689109414],[-85.75855723426395,42.97203768485523],[-85.75763587138388,42.97202605161631],[-85.75671496919252,42.97201544976908],[-85.75579511241556,42.97200608774649],[-85.75488022847819,42.97199479687033],[-85.75396405569947,42.97198004998296],[-85.7530442231324,42.97196491815856],[-85.75212411480672,42.971951099199416],[-85.75120077757146,42.97193710984929],[-85.75027744121448,42.971923285772775],[-85.74935409538334,42.971910089184775],[-85.74843252069091,42.9718976089418],[-85.74751144222566,42.971886522349486],[-85.74659036376042,42.97187369023315],[-85.74566932095617,42.971859369213675],[-85.74474867569927,42.97184332999912],[-85.74383074835877,42.9718273282043],[-85.74291220466606,42.97181042833364],[-85.74199352914161,42.97179456810195],[-85.74106880716457,42.97178198047783],[-85.74014408518752,42.971768780773914],[-85.73921936321048,42.971756497998825],[-85.7382969210459,42.971743949286164],[-85.73737511821554,42.97173010388179],[-85.73645338781967,42.97171430320837],[-85.73553184409576,42.971694441869076],[-85.73461185135855,42.97167271679325],[-85.73369194182538,42.97165040613169],[-85.73276937625965,42.97162813806281],[-85.73184681069394,42.97160696075137],[-85.73092470487325,42.97158564382494],[-85.73000322944677,42.971564496859784],[-85.72908160259918,42.97155180138503],[-85.7281597783217,42.97154407205866],[-85.72723795404421,42.97153450737967],[-85.72631612976673,42.9715252645228],[-85.72539430548925,42.97151235807948],[-85.72447258880615,42.97149970508809],[-85.7235534096568,42.97148573261761],[-85.7226322481605,42.97147342795163],[-85.72171457355599,42.97145893262685],[-85.72079951253997,42.971459757470384],[-85.71989175031325,42.97146069273852],[-85.71898605369205,42.97150699072377],[-85.7181227405905,42.971742745502084],[-85.71740873061822,42.9720200565861],[-85.71658841590178,42.97184943514951],[-85.71578173128037,42.971522183925316],[-85.71490439241933,42.97139542835337],[-85.71398312622705,42.97138562897236],[-85.71306262646331,42.971376525187665],[-85.712143694483,42.971369185405564],[-85.71122768659635,42.97136173497112],[-85.7103116787097,42.97135255145214],[-85.70939567082303,42.97134478960915],[-85.70847966293637,42.97133320501224],[-85.70756394841152,42.97132086139785],[-85.70664845950293,42.971298764039595],[-85.70573192391399,42.971267890100435],[-85.70481503340936,42.971229726436164],[-85.70390195260599,42.971173779924754],[-85.70298436586648,42.97109991527573],[-85.70209014981643,42.97100225627908],[-85.70121892781502,42.970942878489936],[-85.70031619837931,42.970915111593996],[-85.69939791488906,42.97088687741159],[-85.69848567621176,42.97086653162279],[-85.69757775938766,42.97087643929727],[-85.69666147661411,42.97091206559458],[-85.69574521575548,42.97093249633842],[-85.6948284445974,42.97092051405058],[-85.69391141611666,42.97089444686959],[-85.69299871383298,42.97085448915536],[-85.69257961615793,42.97039606937348],[-85.69254713482154,42.96972609888461],[-85.692540873809,42.96905283108901],[-85.69253000443521,42.96838145485957],[-85.69251994007189,42.967710341877215],[-85.6925118100222,42.96703899143537],[-85.69249952041848,42.966367649130056],[-85.69248369430835,42.965696344620106],[-85.69246810488693,42.96502398452111],[-85.69245668970106,42.96434994385896],[-85.69244087489308,42.96368279515623],[-85.69241841735459,42.96303716789779],[-85.6923997046232,42.96236613603526],[-85.69238227999863,42.961783725409916],[-85.69236489845682,42.96111113844423],[-85.6923420604063,42.960437811654266],[-85.69233364719744,42.95976417154891],[-85.69232182584749,42.959089410080324],[-85.69215184895509,42.95850021415521],[-85.69128190064393,42.95854780144734],[-85.69039749873747,42.95872883537798],[-85.689513096831,42.95891199026316],[-85.68862869492455,42.95909878643668],[-85.68774441977685,42.95928655222657],[-85.68685941163099,42.95948074486978],[-85.68597013544533,42.95965572573854],[-85.68508248089512,42.959832104044324],[-85.68419611464283,42.96001435122856],[-85.68328748951006,42.96012837454496],[-85.68237293754026,42.9601448789187],[-85.68149035055617,42.960099701652396],[-85.68150498091066,42.959588174538325],[-85.68187485968265,42.95898563055238],[-85.68232026319885,42.95840558137661],[-85.68280493857057,42.957849633665745],[-85.68329535995039,42.95728429713557],[-85.68373131546952,42.956727288878426],[-85.68365113037098,42.95622489277688],[-85.68285290961356,42.95611996687363],[-85.68193939383607,42.956103302329424],[-85.6810212059714,42.95608724421008],[-85.68010091321551,42.95606786779586],[-85.67918437738255,42.95605033894884],[-85.67827157283564,42.95604488416842],[-85.6773647449067,42.95604604696851],[-85.67645629088061,42.95604089023975],[-85.67554730877853,42.95604572194989],[-85.674638,42.956134500000005]]}},{"type":"Feature","properties":{"routeId":"5","color":"#058b92","dir":"Southbound","trips":93,"trimmed":0,"dests":"Acquest/28th / 28th/Acquest","lenKm":15.44,"role":"dominant"},"geometry":{"type":"LineString","coordinates":[[-85.674301,42.956672],[-85.67393944670634,42.956108924002116],[-85.67263284155634,42.95614454828792],[-85.67133078070708,42.95613348229643],[-85.67002401276442,42.95610146167147],[-85.66872684171639,42.95599064259622],[-85.66743257443238,42.95589246386103],[-85.66612242032085,42.95586740323674],[-85.66481520586994,42.955840551546586],[-85.66397155379735,42.956197569484125],[-85.66402901288065,42.95715293782382],[-85.6640557707828,42.95809302483473],[-85.66401016010614,42.959029999821176],[-85.66290451844776,42.959453262073446],[-85.66173744828728,42.95920382718663],[-85.66170863485927,42.95826714727985],[-85.66173790517881,42.95730987209255],[-85.66178555582087,42.9563942386462],[-85.66128962790823,42.95573319695444],[-85.65998782106593,42.955743997677224],[-85.65868601422362,42.955732501003574],[-85.65738435644775,42.95570548150994],[-85.65607851987495,42.955685154203465],[-85.65476518723803,42.955656507727696],[-85.65345174518535,42.955635638565546],[-85.6521385499176,42.95561601723673],[-85.6508252698513,42.955594241809635],[-85.64951822465795,42.95556845194627],[-85.64821014013059,42.95555560314522],[-85.64688543592104,42.95554857948759],[-85.64556490372054,42.95553918392772],[-85.64425490237717,42.95552714448171],[-85.64294482888045,42.955513976846134],[-85.64163144005765,42.9555055602118],[-85.64031809629444,42.955487351521754],[-85.63959331982046,42.95495743695857],[-85.6395594536164,42.95399976650807],[-85.63954987610273,42.9530298081822],[-85.63954145204266,42.952055988721604],[-85.63953000690957,42.95108739317614],[-85.63951872872398,42.950129178364016],[-85.63950678837985,42.9491709635519],[-85.63950740702278,42.94821740383526],[-85.6394904617023,42.94726752687164],[-85.63947377316337,42.94632334857107],[-85.6394586869576,42.945362119509525],[-85.63945409516923,42.94440094641811],[-85.63944349933259,42.9434396395401],[-85.63943847554721,42.94249058456394],[-85.63940777567616,42.94153626324738],[-85.6385290913438,42.9410343112649],[-85.63721853639264,42.94102965681284],[-85.63590779851096,42.94101859813934],[-85.63459706062928,42.941011912613035],[-85.63328633806053,42.94100339991189],[-85.63196655836325,42.94099556804584],[-85.63064448681438,42.94098747333286],[-85.62932300035615,42.94098217505994],[-85.62801216728204,42.940971000394356],[-85.62670301876994,42.94096353269516],[-85.62539387025787,42.940951773355074],[-85.62489207419559,42.94024146041292],[-85.62483732055894,42.93927973509542],[-85.62477319003791,42.938316589990244],[-85.62470681712918,42.93735795311857],[-85.62463834552935,42.9364020391101],[-85.62454821693352,42.935457777351594],[-85.62432674282549,42.93451008433302],[-85.62313005725285,42.93436261858473],[-85.62182115220521,42.934358971599565],[-85.62051182276498,42.934355739485504],[-85.61920250175596,42.93435330785153],[-85.61789318358593,42.93435851805975],[-85.61658389415088,42.934354878074416],[-85.61527466427042,42.93434651926125],[-85.61396539769993,42.93433981984662],[-85.61265607891663,42.93433925801315],[-85.61134672153898,42.93432939358732],[-85.61004970383152,42.93428029672056],[-85.60974841402788,42.933407898568525],[-85.60965012552879,42.93244613457751],[-85.60956317570377,42.93148298383211],[-85.60950645284773,42.93051922511815],[-85.60944641444493,42.92956109553694],[-85.60937468713395,42.92860110725613],[-85.60929637205408,42.92764226425526],[-85.60921305513814,42.926684141951434],[-85.60913715987333,42.925722912864664],[-85.60906573332329,42.92476128582324],[-85.60899273016472,42.92379965878181],[-85.60892482064018,42.92283803174038],[-85.60885707501909,42.92187640469895],[-85.60878939312695,42.92091465986117],[-85.60872334762391,42.91995286098673],[-85.60865585609254,42.9189910621123],[-85.60858601431855,42.918038102808644],[-85.60851604188157,42.91709656920947],[-85.6084466063195,42.916138375529414],[-85.60835701706236,42.91518473833724],[-85.60828351979428,42.91422355561047],[-85.60820301511052,42.91326531314418],[-85.60743632085354,42.912616760267206],[-85.60614333872401,42.91257722269709],[-85.60483203397887,42.912574253100836],[-85.60352431223765,42.91256804510724],[-85.60220939664936,42.91256066335826],[-85.60088723101698,42.91255417992385],[-85.59956512884082,42.912547679048494],[-85.59824906403664,42.912541354501016],[-85.59693342917339,42.91253645547217],[-85.59561875888873,42.912535252947656],[-85.59430313034905,42.91254285119608],[-85.59298753116046,42.91255627588504],[-85.59197520668964,42.91286813761735],[-85.59126276713862,42.913481599005195],[-85.58996647663183,42.91349271056937],[-85.58864931128583,42.91349012388581],[-85.58735723344759,42.91352958756405],[-85.58707874863656,42.913834017346254],[-85.58660009189805,42.91454203469977],[-85.58563084485026,42.91515644032785],[-85.58469332986809,42.91582994115519],[-85.58427477370573,42.91662813428494],[-85.58458753926094,42.91753010327328],[-85.58507450478919,42.918328885958516],[-85.58445297722521,42.918784988316546],[-85.58321005697347,42.918709718132106],[-85.5819626706348,42.91843886539552],[-85.58077152178738,42.91808181014025],[-85.57980270146575,42.91749188281864],[-85.5788833542293,42.916821230480345],[-85.5776641782146,42.91678348885926],[-85.57640829676645,42.91677172333623],[-85.57536880007208,42.91620225143496],[-85.57481893775943,42.91540529362588],[-85.57493174359459,42.9144569119797],[-85.57510428835076,42.91352777679667],[-85.574923376018,42.91269564481891],[-85.57365513695217,42.912509],[-85.57234504833814,42.912479],[-85.57103159739596,42.912478602860794],[-85.5697374568811,42.91246315457977],[-85.5687408510623,42.9121077644248],[-85.56861062041068,42.91116571329004],[-85.56785194949877,42.91057453423681],[-85.56656634326754,42.91044914093021],[-85.56527712147134,42.91034609821337],[-85.56397427988182,42.91024782804653],[-85.56268165420514,42.91015188838933],[-85.561403,42.910082]]}},{"type":"Feature","properties":{"routeId":"28","color":"#B41D8D","dir":"Westbound","trips":91,"trimmed":0,"dests":"Fairlanes","lenKm":16.6,"role":"dominant"},"geometry":{"type":"LineString","coordinates":[[-85.587256,42.913458],[-85.5877977770189,42.91357234675261],[-85.58915203803723,42.913580199457066],[-85.59054543556545,42.913560968113565],[-85.59180781569663,42.91346851123968],[-85.59237599201583,42.91267899260754],[-85.59373064225711,42.9126255719287],[-85.59512321150086,42.912635586561784],[-85.59651581999381,42.91264700384235],[-85.59785320938907,42.91266070255593],[-85.5992430658606,42.91267396791447],[-85.60063291222029,42.91268448034586],[-85.60202275857996,42.91269516407511],[-85.60341262305126,42.9127035446449],[-85.60480366830994,42.9127076420225],[-85.60619474892177,42.912708461194896],[-85.60758578419241,42.91270922138984],[-85.60897660710583,42.912711060080156],[-85.61036752369941,42.912706925574895],[-85.61175854815191,42.91270195263556],[-85.6131495881342,42.91269676447584],[-85.61454066651535,42.91269660923588],[-85.6159317448965,42.91269891673854],[-85.61732282327765,42.912701988699766],[-85.61871389525967,42.91269404316253],[-85.62010468557651,42.91268759575288],[-85.62149547589334,42.91268345200106],[-85.6228864218797,42.91268073863062],[-85.62427746386709,42.91267709064434],[-85.62566850518073,42.91266940202259],[-85.62705832737342,42.91265217336866],[-85.6279821603138,42.9122195278359],[-85.62799129037961,42.91133972954535],[-85.62782594962074,42.91177411009613],[-85.62809149670355,42.91249617580162],[-85.62937218366183,42.91268263253196],[-85.63075446443366,42.91272213724987],[-85.63214515089219,42.91273443222987],[-85.6335358373507,42.91274865440746],[-85.63492652923065,42.9127615610326],[-85.63631725485058,42.91277384533087],[-85.63770798047051,42.912789649637226],[-85.63909871264329,42.91280219606705],[-85.64048945403805,42.9128157285638],[-85.6418801954328,42.91282688573088],[-85.64328001315828,42.912841000587974],[-85.64468158278711,42.912853022426305],[-85.64608323360055,42.912867988931126],[-85.64748487730783,42.912879],[-85.64888662452823,42.912885128148325],[-85.65028837851652,42.912887156871854],[-85.651650062008,42.91289260652886],[-85.65301029552441,42.91289729255206],[-85.65439758800626,42.91290164637903],[-85.65578839482853,42.912910663806436],[-85.65717920165079,42.91292025567405],[-85.65856985697388,42.91293994831302],[-85.65996037434337,42.91296158012169],[-85.66135091939817,42.91298332502448],[-85.66274146445296,42.91300548558811],[-85.66413203647724,42.91304046071249],[-85.6655209095448,42.913108131709684],[-85.66690862625877,42.91317164262666],[-85.66829795584846,42.91320010697205],[-85.6696885439771,42.91321570976302],[-85.67107929001196,42.91323172030415],[-85.67246997924083,42.91324655340584],[-85.67386065558378,42.9132610984499],[-85.67525133002933,42.91327869593078],[-85.67664182192621,42.913301064657254],[-85.67803231382311,42.91332257569046],[-85.6794292983533,42.913343065164554],[-85.68083092829292,42.91336228725047],[-85.68223255823253,42.91338268449539],[-85.68363423421468,42.913402954768124],[-85.68503159891806,42.91342273030301],[-85.68642114910784,42.91344142664487],[-85.68781096537965,42.913449377697965],[-85.68920085587857,42.91345665574747],[-85.69059074637748,42.9134638217487],[-85.69198063724785,42.91346797870081],[-85.69337053391952,42.913473585577535],[-85.69476043059119,42.91348275766088],[-85.69615029724083,42.913493914205446],[-85.6975401629364,42.91349237605381],[-85.6989300545531,42.91349868972164],[-85.70032862905933,42.913506689921405],[-85.70172990158434,42.9135302550662],[-85.70313109612354,42.913556806909845],[-85.70453229066274,42.91358412221799],[-85.70593288098871,42.913618328180966],[-85.70733285009038,42.91363727781144],[-85.70873399733335,42.913658185263614],[-85.71013513884255,42.91368469984517],[-85.7115237359477,42.913710627302585],[-85.71290959457913,42.91373952090103],[-85.71429545321057,42.913768331480085],[-85.71568122876177,42.91379847228942],[-85.71706660827631,42.91383347521169],[-85.71845198779086,42.913869195707136],[-85.71983741348595,42.91390582062212],[-85.72122290458267,42.913942312777245],[-85.72260856444642,42.9139700304602],[-85.72399426998382,42.913995141418035],[-85.72538030370961,42.91400368283177],[-85.72678202239096,42.91399420940789],[-85.72818349411243,42.9139701841952],[-85.72958479737828,42.91394150519421],[-85.73098610064415,42.91391268588312],[-85.7323707128665,42.91388265562881],[-85.73375332738173,42.91385481070449],[-85.73513598004729,42.913825948889674],[-85.73651863271284,42.91379649877498],[-85.73790997617208,42.91376704866028],[-85.7393049816143,42.91373905432721],[-85.74070252260404,42.91370956618162],[-85.74210006963396,42.913680415621236],[-85.74349761666387,42.913656413386015],[-85.74489569347173,42.913654480967864],[-85.74625725195776,42.91393360943854],[-85.74754484961417,42.914300152916276],[-85.74857205505913,42.914837194650104],[-85.74963472407379,42.91434764187499],[-85.75069266009928,42.91376340113428],[-85.75192127406619,42.91327744235617],[-85.75316977152033,42.91282383459262],[-85.7544174270017,42.91236559055235],[-85.75567790710777,42.91193865621163],[-85.75698884264861,42.91158569117946],[-85.75829105169456,42.911225011460814],[-85.75958555938142,42.91083331947985],[-85.76085584451188,42.91041113898032],[-85.76212042174892,42.909984335173576],[-85.76338965437328,42.90955217830136],[-85.76465344402772,42.90912407643471],[-85.7659164050478,42.90868799512991],[-85.76717644620359,42.90825719694043],[-85.76843607888988,42.907826895008185],[-85.76970513863056,42.90739869233311],[-85.77096671121893,42.90697152704502],[-85.77209268428685,42.90647203952676],[-85.77232996932858,42.905484633666596],[-85.7723129837925,42.90446859079319],[-85.77228409772763,42.90344492472048],[-85.77225694671398,42.90242913636793],[-85.7722653914673,42.90140477993988],[-85.77228201477236,42.90038910472353],[-85.77264875018591,42.899643702440834],[-85.77403993240131,42.899593072673305],[-85.77543,42.899577]]}},{"type":"Feature","properties":{"routeId":"14","color":"#39B54A","dir":"Westbound","trips":85,"trimmed":1,"dests":"Central Station","lenKm":10.15,"role":"dominant"},"geometry":{"type":"LineString","coordinates":[[-85.625111,42.981162499999996],[-85.62509229094334,42.98177038813448],[-85.62508655271458,42.98238568085456],[-85.62512098439494,42.98300509257365],[-85.62514258703774,42.983609082020465],[-85.62520269957959,42.984211069109556],[-85.62595115373847,42.98445313389788],[-85.62679769781994,42.98447784598328],[-85.62763062341583,42.98445558105395],[-85.6284473190262,42.9844103639764],[-85.62927849536423,42.984345712271576],[-85.6300375071844,42.98416770520711],[-85.63009269247972,42.98358421529543],[-85.630087912796,42.98295924802717],[-85.6300795825992,42.982333875399405],[-85.63007618005068,42.98170850277164],[-85.63007277996044,42.981083130143865],[-85.63006451950199,42.98046069973566],[-85.63005894378539,42.97983828331792],[-85.63005719431385,42.97921294586317],[-85.63005459674127,42.978587608408404],[-85.63005327321903,42.97796515932186],[-85.6300457389581,42.97734357284115],[-85.63003587895881,42.97672013926675],[-85.63002232692133,42.976108240394815],[-85.62999545748497,42.975529164296674],[-85.62926912722594,42.975554830615565],[-85.6284688940433,42.975742372517615],[-85.62772380786933,42.97604709475449],[-85.62699119778262,42.97635614013241],[-85.62624245591445,42.97665453933065],[-85.62549526460494,42.97691914380137],[-85.62523680222166,42.97655661929252],[-85.62521117328639,42.975955743438305],[-85.62507725093616,42.97538895770726],[-85.624878644517,42.97481530318564],[-85.62457589649327,42.97432444578031],[-85.62376585441991,42.97430365678113],[-85.6229466903086,42.974399363384876],[-85.62215759845441,42.97464055028021],[-85.62136298406688,42.97486240017384],[-85.62053759146458,42.97498961451889],[-85.61970400412658,42.97509525026842],[-85.61886912507389,42.97518421093025],[-85.61802315809715,42.97520602631158],[-85.61717632591828,42.97519269281293],[-85.61632597152705,42.97516953713608],[-85.61548146098126,42.97513619984865],[-85.61463153179731,42.97509746210432],[-85.6137914046445,42.97505902854196],[-85.61296685749193,42.974969063223476],[-85.61213821449293,42.974861075172925],[-85.61130555253844,42.97475708138791],[-85.61059973148255,42.97449303095409],[-85.61049420350318,42.97389520105914],[-85.61047930300947,42.97326925592223],[-85.61047525063987,42.97264331078533],[-85.61046242991735,42.972017472384394],[-85.61045866957983,42.97139866914443],[-85.61045855729274,42.97077985191805],[-85.61052737001663,42.97018005065651],[-85.61133875365141,42.970031034734205],[-85.61218958497511,42.97001172391218],[-85.61303982029094,42.97000793789896],[-85.6138696848328,42.97000583458477],[-85.61472097233278,42.970002422834824],[-85.6155552921416,42.96999759409225],[-85.61640234575913,42.969991737478566],[-85.61725394547605,42.96997925392162],[-85.6176182511658,42.969561184006295],[-85.61767228219003,42.968941011797945],[-85.61772141608617,42.968320839589595],[-85.61773100653235,42.967700331563336],[-85.61773172623155,42.96707789146278],[-85.61772448038091,42.966456698610784],[-85.61771765491784,42.965834872961665],[-85.61771347816284,42.96520942618065],[-85.61771082752735,42.96458342490755],[-85.61770723789239,42.96395846585908],[-85.61771150408119,42.96333350418922],[-85.61788743684787,42.9628194291151],[-85.61872540243624,42.96276873763528],[-85.61957942884888,42.96276903233371],[-85.62043301046975,42.96277343939521],[-85.62128096204782,42.96277661997959],[-85.62213169337697,42.962774094891856],[-85.62298549515273,42.962771898591065],[-85.62383693536434,42.96277468384381],[-85.62468971287046,42.9627769668106],[-85.62554060037587,42.9627828084822],[-85.62639395845497,42.96278279107308],[-85.62724883673096,42.96278063000639],[-85.62810278261233,42.962777512624],[-85.62895667924874,42.96277436642746],[-85.62981057588513,42.962771151440165],[-85.63066447252154,42.962768486679906],[-85.63151837036014,42.96276770233621],[-85.63236975789178,42.962767455602005],[-85.63321919417483,42.962766126762695],[-85.6340672279851,42.962765396270235],[-85.63491127597231,42.96276665209432],[-85.63576277995324,42.96277423869233],[-85.63661800989192,42.96276278595976],[-85.63747335475918,42.962758785191006],[-85.63832871800213,42.96276483302297],[-85.63918165493504,42.962772140812376],[-85.64002472209825,42.96278089606979],[-85.6408680102667,42.962782380588436],[-85.64171349007442,42.962785730128175],[-85.64256624236907,42.9627952451245],[-85.6434189946637,42.96280492510968],[-85.64426953679425,42.962814675009135],[-85.64512032025158,42.962816629785046],[-85.64596914069719,42.96282542765718],[-85.64681881132667,42.9628375033268],[-85.64767071141327,42.96284954201125],[-85.64852454799659,42.96286213074684],[-85.64937854371587,42.96286853400469],[-85.65023254917733,42.96287204483379],[-85.65108141713759,42.96288045682702],[-85.65192378298033,42.962901688946886],[-85.65276462231236,42.962926092427395],[-85.65360545992965,42.962949108706866],[-85.6544506473756,42.96297209153293],[-85.65529630183721,42.96299414687556],[-85.65614184526919,42.963015886763884],[-85.65698745962723,42.96303385841493],[-85.65783322349135,42.9630518502193],[-85.65867900654074,42.96306874722225],[-85.65952478959014,42.963086814879524],[-85.66037054221101,42.963105533670955],[-85.6612162636525,42.963124437855015],[-85.66206180621165,42.96314290279281],[-85.66290971479744,42.963161393958586],[-85.66375853577668,42.96319285605105],[-85.66460771582072,42.96322216957042],[-85.66545689586478,42.96324642287456],[-85.6663043879417,42.96326895184647],[-85.6671511452987,42.96327559611457],[-85.66799789309046,42.96327364117657],[-85.66884460483122,42.963281113294244],[-85.66969108952873,42.963281711441724],[-85.6705306099505,42.96327050963736],[-85.67137064245094,42.963229275008175],[-85.67215454689261,42.96307542091685],[-85.67237131863524,42.96251900087134],[-85.67282752768288,42.96225123317298],[-85.67338002392387,42.96186873741961],[-85.67346324958962,42.96124757594281],[-85.6734975,42.96063]]}},{"type":"Feature","properties":{"routeId":"6","color":"#F9CBDF","dir":"Southbound","trips":81,"trimmed":0,"dests":"Kentwood Station","lenKm":12.09,"role":"dominant"},"geometry":{"type":"LineString","coordinates":[[-85.672364,42.96085],[-85.67238842392824,42.961571359744326],[-85.67241015607934,42.96231675562942],[-85.67214264405489,42.96299001948897],[-85.67120827363274,42.963136770466086],[-85.6702486553538,42.963167868176214],[-85.66925894677937,42.96317016304319],[-85.66828815327035,42.963232246579715],[-85.66796778742037,42.96391048104562],[-85.66795323749288,42.96459088668541],[-85.66769131223441,42.965218310115695],[-85.66671993102241,42.96539967937199],[-85.66577694021764,42.96539512016909],[-85.66476841598863,42.96537899850819],[-85.66375970616825,42.965367786898305],[-85.66274944529486,42.96535203964215],[-85.66174309352428,42.965325706035465],[-85.66074711745311,42.965300625440314],[-85.6597398192518,42.96527850600474],[-85.65872971242499,42.96525643657526],[-85.65771960559817,42.965228783101075],[-85.65697945523286,42.9648446015295],[-85.65686962601376,42.96412973182899],[-85.65677930804644,42.96344554440093],[-85.65598249801315,42.96300900421315],[-85.65504767740737,42.96283687636725],[-85.65409417945949,42.96265321931526],[-85.65315303689036,42.96241549865466],[-85.65227359768012,42.96207052383265],[-85.65138711358766,42.96172213959061],[-85.65048464740369,42.96138302056744],[-85.64957888241072,42.96106393558887],[-85.6486589670863,42.96078627021321],[-85.64770404562131,42.960557447831256],[-85.64674880358614,42.960325118293454],[-85.64579774682363,42.96008758076868],[-85.64483901967412,42.95984888011069],[-85.64389646828549,42.95960971893817],[-85.64296274914432,42.95935069722892],[-85.64202491785505,42.959081934052335],[-85.64108490430753,42.958811953036665],[-85.64013443080339,42.958532217016995],[-85.63917750612566,42.95830366474073],[-85.63820251646328,42.95811991861553],[-85.63722330525108,42.95794049273517],[-85.63624172393709,42.95776093814137],[-85.63531412269869,42.95749687909069],[-85.63447896372337,42.95706698589472],[-85.6336804739617,42.95662433233777],[-85.63287635005406,42.956175184782936],[-85.63202920899501,42.95578682329123],[-85.63110546592975,42.955531686691124],[-85.63010290665413,42.955504459725326],[-85.6291003349204,42.95550688346428],[-85.62809775457396,42.9555088644056],[-85.62708988090804,42.95550124169496],[-85.62607571814351,42.955481694201524],[-85.62506648894143,42.95541565283781],[-85.62413096494417,42.955167445491085],[-85.62325331496007,42.95480237135202],[-85.6224315518795,42.95438428426099],[-85.62169621271188,42.95388190965632],[-85.62097129237019,42.953373781143036],[-85.62020894546453,42.952880401237046],[-85.6193531944895,42.95248865334036],[-85.61846833367423,42.952120942807085],[-85.61758493632024,42.95176373243352],[-85.61669809033847,42.951407050892136],[-85.6158058633535,42.951061011800746],[-85.61491487453435,42.95071477819196],[-85.61402548283756,42.95036082219321],[-85.61314265627601,42.950012439495474],[-85.6122457445249,42.94966711868295],[-85.61182924705675,42.94907976376121],[-85.61154755780268,42.94836163724479],[-85.61101325639818,42.94775080360038],[-85.61046912066813,42.94713066349335],[-85.61014761940577,42.946467235317414],[-85.6101132189878,42.945726651041],[-85.61008230941,42.94498428951905],[-85.61005064753317,42.9442419279971],[-85.61002886529964,42.94350075145136],[-85.61001536817905,42.94276659512171],[-85.6100334874726,42.94203420195969],[-85.61011312138397,42.94130320618492],[-85.61016792094037,42.94057081968623],[-85.6101524526656,42.93983557495187],[-85.61012548974189,42.93909784397337],[-85.61009539412287,42.93836011299488],[-85.61005078764622,42.937632483690685],[-85.60999325738237,42.93690174467034],[-85.60993572711854,42.936168635581694],[-85.60988889012066,42.935432720690116],[-85.60983671802138,42.93469509101496],[-85.60977762925141,42.93395755533713],[-85.60970428813502,42.933220710185346],[-85.6096278581899,42.93247580897475],[-85.60957542873498,42.93172919272836],[-85.60952421426585,42.9309891812165],[-85.6094816867204,42.9302516953492],[-85.60942299847336,42.929514209481894],[-85.60933167116843,42.92877805447248],[-85.6092396486768,42.92804178908729],[-85.60902176857742,42.92732448599585],[-85.60815653858475,42.927113418178486],[-85.60714789753177,42.92707937741364],[-85.60613701708671,42.92707152774159],[-85.60513048584204,42.92706548043975],[-85.60411640181376,42.92706023651256],[-85.60309415367335,42.92705329170482],[-85.60208672452877,42.92704412895967],[-85.6010796862623,42.92703071806602],[-85.60007264799582,42.92701513738475],[-85.59906555792318,42.927000413286336],[-85.59806067516332,42.92698543900774],[-85.59705467217594,42.926973623863915],[-85.59604862634318,42.92696289975798],[-85.59504258051042,42.92695180515428],[-85.59403578340583,42.92693979592511],[-85.59302714470014,42.92692863513804],[-85.59201851906151,42.9269171337064],[-85.59100989342289,42.92690468735707],[-85.59000137743648,42.926893762034815],[-85.58899411028506,42.92688177289635],[-85.58798681641596,42.926858010735906],[-85.58721467471649,42.926604514505804],[-85.58742794260334,42.92592828797697],[-85.58776702235167,42.925253202022006],[-85.58768262090446,42.924583273678756],[-85.58740436281718,42.923945371273035],[-85.58688012650099,42.92329584972798],[-85.58598971535591,42.92321871609756],[-85.58498105155542,42.92319608066013],[-85.58451531026067,42.92269142265818],[-85.58439543461016,42.921968674252746],[-85.58428031586476,42.92123727652682],[-85.58416850419859,42.920504401039],[-85.58408643630762,42.91976737992377],[-85.58403014650847,42.919030039485264],[-85.58397414294873,42.91829155130138],[-85.5839219713114,42.91755054692778],[-85.58386958348657,42.91680951051759],[-85.5838167833182,42.91606845297151],[-85.5837649044356,42.915327347929434],[-85.58372029245791,42.91458615686039],[-85.58368683051778,42.91384910961301],[-85.58374845433461,42.91311852823243],[-85.584509820009,42.91262322741527],[-85.58551391000451,42.912621228019255],[-85.586518,42.912602]]}},{"type":"Feature","properties":{"routeId":"10","color":"#FAA61A","dir":"Southbound","trips":80,"trimmed":3,"dests":"Pine Rest / Meijer - 54th St","lenKm":16.01,"role":"dominant"},"geometry":{"type":"LineString","coordinates":[[-85.674315,42.956674],[-85.67482543986667,42.95576776682274],[-85.67532642815462,42.95486409237341],[-85.67582503326089,42.95395857804644],[-85.67631919944027,42.95305026160938],[-85.67682607942969,42.952142517789305],[-85.67732816018273,42.951238022752165],[-85.67782205915327,42.950326354157895],[-85.67831207140028,42.94941593678466],[-85.67772162750516,42.94887132423312],[-85.67645408923089,42.94895041971665],[-85.67542476431174,42.94897691848675],[-85.67563415178383,42.948028689172666],[-85.67596078000959,42.947077249151796],[-85.67631133464194,42.94612697178499],[-85.67668838075706,42.94518377144772],[-85.67710698162239,42.94425079895255],[-85.67753743277376,42.94332880779301],[-85.67797422388246,42.94240569249205],[-85.67840811898476,42.941480525070006],[-85.67907425243848,42.94086867083366],[-85.67978515920858,42.94153440203148],[-85.68109521973602,42.941652830003704],[-85.68237755569125,42.941579874528614],[-85.68315126007215,42.94081979526376],[-85.6836525586624,42.939919161543564],[-85.68415172425297,42.939010529227566],[-85.6846701288977,42.938109731770545],[-85.68522630540556,42.93722239227676],[-85.68597820496836,42.93643000931784],[-85.68657526172693,42.93564194829374],[-85.68662285116227,42.93466980354698],[-85.68658942085885,42.93369803143919],[-85.68654331089095,42.932717744298415],[-85.68649658457787,42.931737449860044],[-85.68644741989732,42.93075711870785],[-85.68639889697404,42.92977679313092],[-85.68634248483724,42.928794220027626],[-85.68630833766687,42.92781641506579],[-85.68628413785895,42.926836403608824],[-85.68624568866753,42.92585588005356],[-85.68620535069181,42.9248756303187],[-85.68616626108985,42.923911775400576],[-85.68612788190866,42.922928538794515],[-85.68608926413762,42.921944058968535],[-85.68605376926895,42.92095947069682],[-85.68601610268956,42.91997491975453],[-85.68597610493676,42.91899213024214],[-85.68593771312845,42.91800738459853],[-85.68589801059191,42.9170264238329],[-85.68585655765526,42.91604098015975],[-85.6858241852124,42.91505541159718],[-85.68579205705957,42.914077980686905],[-85.68575339879433,42.913104942679865],[-85.68570482001563,42.91212744956822],[-85.68564835130235,42.91114404675841],[-85.68559671256052,42.91016068349772],[-85.68554873204113,42.90918227399632],[-85.68550532858916,42.90820899184899],[-85.68546160803213,42.90722812301695],[-85.68544465934991,42.90624894242492],[-85.68541636840358,42.90527044810438],[-85.68537727000823,42.904290739309445],[-85.68533479534717,42.90331103051451],[-85.68529468967095,42.90233127491207],[-85.68525723297816,42.90135140739814],[-85.68521953696167,42.9003759806657],[-85.68518489430001,42.899394600120566],[-85.68514759745827,42.89841343347237],[-85.68511074302577,42.89743177718623],[-85.68507320922593,42.896450662323204],[-85.6850369216399,42.895470736512245],[-85.68500264330136,42.89449224618568],[-85.68496461371095,42.893512340839536],[-85.68493206881762,42.89253233497067],[-85.68489910141578,42.89155378171453],[-85.6848665436529,42.89057641265091],[-85.68483177761499,42.8895990372483],[-85.68479812479151,42.888620589607704],[-85.68476379021251,42.88764354018143],[-85.68472945563352,42.886664295174114],[-85.68469512105452,42.88568291083247],[-85.6846591110808,42.88470158733885],[-85.68462392364937,42.88372051134162],[-85.684598791719,42.88273904061127],[-85.68456701908141,42.88176188423992],[-85.68453279666429,42.880785059932236],[-85.68449748448649,42.87980823562456],[-85.68446406153541,42.878831411316874],[-85.68442814624987,42.87785462557563],[-85.68439270945065,42.87687441227538],[-85.68435750889905,42.875891429605325],[-85.6843215326146,42.87490860405974],[-85.68428474105512,42.8739257535269],[-85.68425168681175,42.87294276186167],[-85.68421902617416,42.871959770196455],[-85.68418757946277,42.870976765028814],[-85.68416461734886,42.869996802417326],[-85.68414346730869,42.869019731025624],[-85.68409618005445,42.86804365480561],[-85.68398517590951,42.86706985358472],[-85.68366888534351,42.866196284691824],[-85.68245137213007,42.86596478475857],[-85.68229226592088,42.865274187296855],[-85.6834882825759,42.865301820565875],[-85.68317996240617,42.865908615984864],[-85.68187686835607,42.86594422607184],[-85.6806279905706,42.8657494617625],[-85.68002596595817,42.864918785759706],[-85.67976203850579,42.86396485964557],[-85.67957361285754,42.86299608417866],[-85.67946002401682,42.862016956089],[-85.67938767135549,42.86103782799934],[-85.67932843606883,42.860058019743704],[-85.67927296338881,42.85907803926759],[-85.67922296826531,42.85809805879147],[-85.67917368369565,42.85711801992382],[-85.67912527450254,42.856137956507034],[-85.67907734794484,42.85515789309025],[-85.679028379994,42.854177846056025],[-85.67897963453696,42.85319782509614],[-85.67893190641013,42.85221842805964],[-85.6788853418657,42.85123946930722],[-85.678840836362,42.85026027940119],[-85.67880320273908,42.849280899636135],[-85.67877819505463,42.848301519871086],[-85.67877818094846,42.84732214010604],[-85.67881374808351,42.846344195589865],[-85.67891726423721,42.84536968188682],[-85.67903608967355,42.84439516818378],[-85.67905512872734,42.84341964655457],[-85.67903324467208,42.84244397774713],[-85.67885233693492,42.84147804109527],[-85.67797651007187,42.84089328252954],[-85.6766388137013,42.84086142100554],[-85.6753000512516,42.840847023998535],[-85.67396181615291,42.84082736601655],[-85.6726239322897,42.840805705058976],[-85.67128562900245,42.84078233658644],[-85.66994591881777,42.840759448498446],[-85.66860851927775,42.840738169877994],[-85.66727155165756,42.84071628926039],[-85.66593217502287,42.84069427677589],[-85.66458888816396,42.84067157533671],[-85.66325150440109,42.84066235093334],[-85.6619151384488,42.84066879186563],[-85.66057610263519,42.84067511566652],[-85.65923634254328,42.840678323048785],[-85.6579032806251,42.840672306286564],[-85.65657,42.840629]]}},{"type":"Feature","properties":{"routeId":"8","color":"#00B7F1","dir":"Southbound","trips":79,"trimmed":0,"dests":"Target-RiverTown / Meijer-Rivertown","lenKm":18.31,"role":"dominant"},"geometry":{"type":"LineString","coordinates":[[-85.675414,42.959752],[-85.67643064498014,42.95892949587143],[-85.6774381848908,42.95807019391476],[-85.67845777237464,42.95721795527578],[-85.67947980119406,42.956363885732905],[-85.68067366863251,42.95563748849067],[-85.68186025463127,42.954928394910134],[-85.682413,42.95391623209179],[-85.6824179909531,42.95274979828205],[-85.68240910649727,42.951609030224034],[-85.68239352398604,42.95046865171148],[-85.68240594463381,42.949328397544505],[-85.68262766075577,42.94821473406618],[-85.68308468097338,42.94714188838969],[-85.68353314530307,42.9460650349346],[-85.68399195468999,42.945029120717166],[-85.68447109539314,42.9439538115723],[-85.68564319898613,42.94358226651146],[-85.68716711015827,42.943647106286186],[-85.6886927912147,42.943551912465395],[-85.68960940151166,42.94403457912209],[-85.68933576021304,42.94506994982005],[-85.68899610838145,42.94617705103828],[-85.68838028290438,42.946983582787865],[-85.68782755223307,42.946324893750486],[-85.68817434286424,42.94526539837003],[-85.68852041377727,42.94416674014503],[-85.68885333597348,42.94305490696119],[-85.68913028477395,42.94197399432251],[-85.68805810279953,42.94172908543318],[-85.68652533405431,42.94168394402614],[-85.68595634318235,42.94114217651764],[-85.6867349970289,42.940183245364565],[-85.68757804252043,42.93925063654065],[-85.68874915328252,42.938543666879816],[-85.68996162142184,42.93783669721899],[-85.6911746577585,42.937129727558165],[-85.69242413031012,42.9364475749304],[-85.69370978593527,42.935798300451864],[-85.69519446812234,42.93556622789689],[-85.69674256133733,42.93554508730542],[-85.69829982886712,42.93553823584261],[-85.69986248643903,42.935535613400816],[-85.70143001881112,42.935532],[-85.70299264300965,42.935523980972285],[-85.70456167104975,42.935504449650225],[-85.70605457756393,42.93527592465822],[-85.70622987311174,42.934274845592284],[-85.70617568461341,42.933125405298924],[-85.70609011136625,42.93197596557351],[-85.70601596245358,42.93082654446086],[-85.70593951244187,42.929677123348206],[-85.7058867604014,42.92853115839058],[-85.70583445958876,42.92739003139611],[-85.70579975179169,42.92625498526404],[-85.70576735313061,42.92512506722806],[-85.70573520217295,42.92398384015101],[-85.7057006874915,42.92283453063117],[-85.70566435444285,42.92168520367371],[-85.70562589911727,42.92054014731052],[-85.70558165887299,42.91939124731008],[-85.70553174737609,42.91824243067034],[-85.70548263002989,42.91709361403059],[-85.70544711810899,42.915945054926354],[-85.70541674299824,42.91483511744354],[-85.70537348288299,42.91369388921791],[-85.7053291002459,42.912552713269456],[-85.70531985806292,42.91141128188061],[-85.70620176276488,42.91072877611201],[-85.70756697752023,42.91029221080578],[-85.70890596629819,42.9096313800917],[-85.71017619669135,42.90906310921543],[-85.71166764537332,42.90875488599643],[-85.7131590940553,42.90844200905494],[-85.7146317196669,42.908070716886236],[-85.71605325388923,42.9076001935706],[-85.71747478811157,42.90712967025497],[-85.71895876844543,42.90683290683728],[-85.72050615900368,42.90672803495903],[-85.72205602208408,42.906698021177924],[-85.72361139087387,42.90672293639585],[-85.72517191414921,42.90672065699994],[-85.72673370589435,42.90669940873855],[-85.7282955290412,42.90666741423471],[-85.72985539152532,42.906633559834496],[-85.73140451501996,42.90659790485864],[-85.73295363851459,42.90656417844097],[-85.73450276200923,42.9065305434432],[-85.73605200582008,42.90649924463718],[-85.7376065218257,42.90646853479994],[-85.73916157035549,42.906439831318494],[-85.74071661025489,42.90641105450494],[-85.74227160921666,42.906383566892174],[-85.74382652294376,42.906360733270354],[-85.74538171459123,42.906351520677305],[-85.7469372905285,42.90634690505358],[-85.7484928664658,42.90634441773932],[-85.75005184332431,42.90634291660861],[-85.75161933850865,42.906342667223726],[-85.75318683369296,42.90634472444722],[-85.75475430849694,42.90635084507058],[-85.75632177841611,42.90635442908079],[-85.75786487041181,42.90635749499352],[-85.75943481714788,42.90636001558171],[-85.76100006585094,42.90635513531506],[-85.7625061602659,42.90627930152071],[-85.76281749495584,42.90527117118649],[-85.7628171180204,42.904128236580284],[-85.76278718857189,42.90298015662744],[-85.76273590603077,42.90183241126857],[-85.76268672511216,42.90068470574978],[-85.76265271476962,42.899536828105134],[-85.7626296972854,42.8983885645357],[-85.76261025622344,42.897240300966274],[-85.76259134888377,42.89609203739685],[-85.76258120989993,42.894943741059585],[-85.7625707927328,42.89380168935241],[-85.76255789126797,42.892659686799135],[-85.76254330432629,42.89151257931019],[-85.76253869661844,42.89036753540262],[-85.76253645260871,42.88922520744219],[-85.76253509459936,42.88809320496137],[-85.76254066387484,42.8869520653775],[-85.76254708973946,42.885810484842125],[-85.76255809259528,42.88469727368477],[-85.76256540040566,42.88355756688574],[-85.76257391070693,42.8824099175465],[-85.76258183100039,42.88126226486507],[-85.7625400421572,42.88015337721772],[-85.76141810138174,42.879732734502184],[-85.76050887447475,42.88041451927229],[-85.75974199488485,42.88120044894977],[-85.75831919513803,42.88174780516776],[-85.75676448412936,42.88178709071776],[-85.7552082643721,42.881737513231165],[-85.75370695334962,42.88146184279256],[-85.75243467953734,42.88123363391839],[-85.7523607969838,42.88052588448715],[-85.75220529254088,42.87982506932603],[-85.75109339078251,42.87998836785401],[-85.75025864220835,42.88071228273886],[-85.7488477787351,42.881160753168295],[-85.74733997466133,42.88150275258549],[-85.74578653234727,42.88161839651711],[-85.74422506825034,42.88166349105449],[-85.74338906642764,42.882371354064446],[-85.7431769262165,42.88350717815864],[-85.7427443711154,42.884387494254014],[-85.74116912562616,42.88444990404968],[-85.739682,42.88441]]}},{"type":"Feature","properties":{"routeId":"8","color":"#00B7F1","dir":"Northbound","trips":76,"trimmed":1,"dests":"Central Station","lenKm":18.4,"role":"dominant"},"geometry":{"type":"LineString","coordinates":[[-85.739711,42.883842],[-85.74116851027559,42.88347393931567],[-85.74187753454716,42.88266951924584],[-85.74264325371799,42.881792750164145],[-85.74417517456511,42.8817308873426],[-85.74573212006293,42.88166237193721],[-85.74727693205234,42.88155845896668],[-85.74876474503925,42.88133064111995],[-85.75013676093498,42.88079873031378],[-85.75150393000179,42.88090782951689],[-85.75258573684556,42.88019377589564],[-85.75177770966418,42.87948348356929],[-85.75185272904208,42.87874359585188],[-85.75292034137762,42.87800789054789],[-85.75438267940798,42.87778616462743],[-85.75593069803276,42.87779988927867],[-85.75748382193491,42.877823340154784],[-85.75903766672106,42.87797961423845],[-85.76036820919838,42.878630505478114],[-85.76084278340304,42.87951428424408],[-85.76213890247635,42.879817079838766],[-85.76235526880897,42.880866750772576],[-85.76237993955053,42.881949464739975],[-85.76238102664536,42.88308763534976],[-85.76238125135013,42.88422585016723],[-85.76238503214122,42.88536406498471],[-85.76238924530162,42.88650228250615],[-85.76239167646095,42.88764050137707],[-85.7623945067687,42.888778720247984],[-85.76239344171887,42.8899169353622],[-85.7623943163863,42.89105515000344],[-85.76239559536914,42.89219073991139],[-85.76241456280415,42.89332599222105],[-85.76244110195361,42.894461311291785],[-85.76246178747512,42.89559676664435],[-85.7624776883714,42.896731251896036],[-85.76250243651526,42.897864163933164],[-85.76253130224795,42.89899707597029],[-85.76255801563862,42.90013362843857],[-85.76259686944643,42.90127314896036],[-85.76264182453421,42.90240991592201],[-85.76268522290623,42.90354786707406],[-85.76272438261341,42.90468537461127],[-85.76276193990108,42.90582344202587],[-85.76178450710577,42.90630463825222],[-85.76022905266986,42.90630636379421],[-85.7586727142745,42.9063],[-85.7571163474817,42.90629304087762],[-85.7555599799811,42.90628383371814],[-85.75400664649814,42.90627834761982],[-85.75245573780452,42.90627133836057],[-85.75090482494936,42.9062677021759],[-85.74936129144284,42.90626952826169],[-85.74780510251544,42.90627149204292],[-85.74625207072079,42.90627628479492],[-85.74470673272837,42.906285025113796],[-85.74316539996006,42.906299234336245],[-85.7416245536092,42.90632702936819],[-85.74006563389861,42.90635037544088],[-85.73850429746626,42.906381457735954],[-85.73694858076772,42.90641010643194],[-85.73539802421665,42.90643770292968],[-85.73384746020216,42.90646823048445],[-85.73229716848721,42.906499269043444],[-85.73075327688473,42.9065297084307],[-85.72920204342532,42.90656141395873],[-85.72764761531705,42.90658925704364],[-85.72609556206706,42.90659305835012],[-85.72454551196418,42.906578434513264],[-85.72299665199542,42.906536974594076],[-85.7214466982458,42.906521053958414],[-85.71991642670542,42.90655198667158],[-85.71842724086076,42.906756081359276],[-85.71696454953072,42.907248605980286],[-85.71550787316373,42.90770562971445],[-85.71403246962805,42.908075821462795],[-85.71254538265323,42.90841628191899],[-85.71101269814334,42.908642245011045],[-85.70971429396934,42.90913649800095],[-85.70858759861639,42.90986856423651],[-85.70732246008716,42.91052605610661],[-85.70576977260289,42.91064588812165],[-85.70515855877935,42.9114822012794],[-85.70516120707055,42.91261684663109],[-85.70519670612396,42.913754704104726],[-85.70524682186594,42.91489142532651],[-85.70530212025726,42.91602764884608],[-85.70535530081274,42.91716396336613],[-85.70540564321368,42.91830037058076],[-85.70545246462692,42.91943677786169],[-85.70549915614811,42.920573194690085],[-85.70553826237234,42.92170991809614],[-85.70557818489686,42.922846447070334],[-85.70561743340565,42.92398297604453],[-85.70566453759587,42.92511950501872],[-85.70570444778156,42.926256141676916],[-85.70574310061261,42.927392793401175],[-85.70579619532673,42.928507065207086],[-85.70587416109842,42.92964255031458],[-85.70595086470341,42.93077812683101],[-85.70603217892119,42.93191344182291],[-85.70611561513071,42.93304862378666],[-85.70618075816121,42.93418425996115],[-85.70613026483827,42.93529433287448],[-85.70464605616527,42.93542776110317],[-85.70309099029184,42.93543245141687],[-85.70153592441841,42.935430949612],[-85.69998083048608,42.93543419807912],[-85.6984257433012,42.93543913404862],[-85.69687222879897,42.93544515696296],[-85.69531872021578,42.93547898866342],[-85.69383138163381,42.935710828328865],[-85.6925245831809,42.93631957262524],[-85.69125043123579,42.93697864966008],[-85.6900411548748,42.93769724664744],[-85.6888870836555,42.93848160506785],[-85.6877306843054,42.93925187239705],[-85.68671255195636,42.94010051620692],[-85.68594136890945,42.94106518473531],[-85.68616093803163,42.94170962174084],[-85.68770554761049,42.941765598091344],[-85.689199764939,42.94186855474562],[-85.68893223257308,42.94289715431407],[-85.68856041432636,42.94399035587394],[-85.68817519123529,42.94508930816569],[-85.68780109816899,42.94619548389035],[-85.68815412564801,42.947014679188406],[-85.68893099673308,42.94634826514414],[-85.68931042894138,42.94524775157572],[-85.68966067343399,42.94414588648496],[-85.68900689776511,42.94348800943832],[-85.68747681742087,42.94361210362966],[-85.68594457327079,42.94358471454178],[-85.68461651737113,42.94359915391733],[-85.68407759696294,42.94465895282407],[-85.68362702822682,42.945745637583634],[-85.68316852180374,42.94682619597473],[-85.68274240023436,42.947918196609656],[-85.68246765861474,42.94903381589359],[-85.682331213146,42.950162059336144],[-85.68234773529716,42.951300044816435],[-85.68236642851491,42.95243803029673],[-85.68237520421948,42.95357608604946],[-85.68215536435996,42.95466130744271],[-85.68097154970015,42.95539096961934],[-85.67977534225841,42.95610920038651],[-85.67870914769388,42.95693710856594],[-85.67769326575511,42.95779223594873],[-85.6767157471204,42.958677388043384],[-85.675795,42.95959]]}},{"type":"Feature","properties":{"routeId":"14","color":"#39B54A","dir":"Eastbound","trips":75,"trimmed":0,"dests":"East Fulton","lenKm":8.17,"role":"dominant"},"geometry":{"type":"LineString","coordinates":[[-85.672371,42.960815],[-85.67237555597133,42.961301634712505],[-85.67240269865655,42.96180189779689],[-85.67240593908531,42.96230775078262],[-85.67231632924388,42.96281131836742],[-85.67175391815726,42.96307400560848],[-85.67113210495297,42.96312499715663],[-85.67043830391917,42.96312762429894],[-85.66977116523937,42.96312753332034],[-85.6690879283243,42.96312045920421],[-85.66841320618288,42.96312330346422],[-85.66776452520479,42.963134062604524],[-85.66708852804457,42.96313621355188],[-85.66641253088434,42.96313411857503],[-85.66573664561079,42.96312287371894],[-85.66506105667479,42.96311187324906],[-85.66438298845563,42.96309446480558],[-85.66368730225386,42.96307402043698],[-85.66300475132907,42.96305626794942],[-85.66232074364956,42.963043778935535],[-85.66162192586305,42.96303156195617],[-85.66094349036072,42.963018163160584],[-85.66026972235412,42.963004764364996],[-85.6595959543475,42.96299038737115],[-85.65892218634087,42.96297863685587],[-85.65824841833427,42.96296743103706],[-85.65756351739265,42.9629544325351],[-85.65686111090497,42.96294405136549],[-85.65615870441728,42.96293484566303],[-85.65547729710995,42.962925193131916],[-85.65478452150118,42.96291206059549],[-85.65409668648988,42.96290502982058],[-85.6534026654627,42.96288891802245],[-85.65270903910331,42.96287536775798],[-85.65201466371948,42.96285969943227],[-85.65132028833565,42.96284633852345],[-85.65063884792173,42.96283085903064],[-85.64996763916524,42.96281842430591],[-85.64929081743817,42.96280625579699],[-85.64860011334477,42.962801417618856],[-85.64790939898482,42.96279315421816],[-85.64722457123682,42.962789411851276],[-85.64653363470929,42.96278483312829],[-85.64584215093191,42.96277821210512],[-85.64516434396444,42.96276580897975],[-85.64449424115034,42.9627537165204],[-85.64382399419168,42.962748752125954],[-85.64315245848728,42.962747635656775],[-85.64245532875373,42.96274083103657],[-85.64178063094286,42.96273018200668],[-85.641105933132,42.962720794229845],[-85.64043123532112,42.962711469043185],[-85.63975133150188,42.96270521964781],[-85.63907849369208,42.962699330439406],[-85.63840565575282,42.962696860765746],[-85.63773281781356,42.96269272742276],[-85.63705812607533,42.962689561631805],[-85.6363834008851,42.962688209623025],[-85.63570867569486,42.962691],[-85.63503395545743,42.96269143547642],[-85.63436290859256,42.96268972839001],[-85.63369297621799,42.962690423026025],[-85.63302291935123,42.962691632985916],[-85.63235008296826,42.96269536249964],[-85.63167725070491,42.962696993273696],[-85.63100441844158,42.96269840452434],[-85.63033158617824,42.96270095002073],[-85.62965875391491,42.962703569380956],[-85.62898591791256,42.96270516362066],[-85.62831307608658,42.96270685149589],[-85.6276402342606,42.962707856982625],[-85.62696739243461,42.96270822198795],[-85.6262945495731,42.96271031775671],[-85.62562170652788,42.96271324838843],[-85.62493967582488,42.962714],[-85.62425631131245,42.96271401317758],[-85.62357276315923,42.962716],[-85.62288917275676,42.96271838506181],[-85.62221482022737,42.9627183102598],[-85.62154010562067,42.96271846806286],[-85.62086539101398,42.96272068793144],[-85.62019067640729,42.96272441148525],[-85.61950821173328,42.962735464600755],[-85.61882171062057,42.96285312004053],[-85.6181862589227,42.96309371476343],[-85.61776864293076,42.963377891924694],[-85.61766964058972,42.96381870808272],[-85.61766701054668,42.96431217523106],[-85.61767050721737,42.964805642379396],[-85.61767258037963,42.96529910952774],[-85.61767606641206,42.96579257667608],[-85.61767852921513,42.966286039182215],[-85.6176819259961,42.96677949965276],[-85.61768896541841,42.9672729601233],[-85.61769220309813,42.96776642565366],[-85.61769355201389,42.968259892077214],[-85.6176950753044,42.96875335850077],[-85.6176853887453,42.969246824924326],[-85.61767622734337,42.969740291010105],[-85.61716261376131,42.969934517089676],[-85.61648978107866,42.969954104160806],[-85.61581296211878,42.969960272557785],[-85.615131347781,42.96996329547483],[-85.61444966367543,42.96996789898419],[-85.6137714208037,42.969971684781235],[-85.61309317512618,42.96997980400695],[-85.61241492601145,42.96998933393379],[-85.61173667689671,42.97000238505008],[-85.61105842778198,42.97002251030729],[-85.61056433030338,42.97032438131323],[-85.61041886370202,42.970781959120835],[-85.6104084826049,42.97126722055308],[-85.61040978462798,42.97176434735343],[-85.61041853276032,42.97226153675711],[-85.61042670364672,42.97275872616079],[-85.61043551670558,42.973253877582735],[-85.61051473818777,42.97374173316067],[-85.61074835061409,42.97422637821251],[-85.61111530913634,42.97470860146809],[-85.61153602708822,42.97487512804914],[-85.61206030094559,42.974967012289554],[-85.61273863498668,42.975018735706996],[-85.61340902569435,42.975070616430735],[-85.61408170806601,42.97512000223333],[-85.61476289296354,42.97515711546222],[-85.61544298712245,42.97519100648312],[-85.61612061625641,42.97522130049146],[-85.61679902401883,42.975235251467325],[-85.61747750795274,42.975230785792675],[-85.61813143227143,42.97518445793133],[-85.61881237629053,42.975156613890945],[-85.61949332030964,42.975137151864665],[-85.62017426432875,42.975121135316364],[-85.62084406814016,42.97505306188458],[-85.62143479409954,42.97480850107793],[-85.62202552005893,42.9745722117496],[-85.62261613788358,42.97437475495099],[-85.62328604990098,42.97439210655778],[-85.62395720034631,42.97442692223034],[-85.62462184158886,42.974472575104144],[-85.625120858263,42.97463165533611],[-85.62512227580604,42.97511733795735],[-85.62512406680709,42.975614170837446],[-85.62512526238146,42.97609386159673],[-85.625123240464,42.976584723085395],[-85.62512276192246,42.97708417846832],[-85.6251249599432,42.97758363385124],[-85.62512273484792,42.978083089234154],[-85.625117016184,42.97857133112086],[-85.625122,42.979069]]}},{"type":"Feature","properties":{"routeId":"10","color":"#FAA61A","dir":"Northbound","trips":67,"trimmed":1,"dests":"Central Station","lenKm":16.2,"role":"dominant"},"geometry":{"type":"LineString","coordinates":[[-85.656543,42.839836000000005],[-85.65674449440877,42.838859950987896],[-85.65708957688798,42.83791214221239],[-85.65817223020062,42.83747092775077],[-85.65941772426207,42.83776482947618],[-85.66074233895165,42.837840623479714],[-85.66209189118732,42.83785435385438],[-85.66344335922116,42.83786744243446],[-85.66360289452564,42.838810907251705],[-85.66365013728422,42.83980100575452],[-85.66398369014905,42.84065690315063],[-85.66530300549604,42.8408025122238],[-85.66665746470524,42.84082842988087],[-85.66801299472118,42.84084873982172],[-85.66936851669821,42.840869254013505],[-85.67072058681518,42.84088817522912],[-85.67207339352831,42.8409114032452],[-85.6734248573554,42.840931817485085],[-85.67477881520963,42.84095436419968],[-85.67611615793916,42.84098953556121],[-85.67726263023694,42.84127414610698],[-85.67756296262564,42.84223094360128],[-85.67772854929444,42.843216459415885],[-85.67789304257042,42.84420027765769],[-85.67804599454246,42.84518607078256],[-85.67816500424695,42.846172593189635],[-85.67827402470706,42.847156990411634],[-85.67835635533011,42.848141701315555],[-85.67842654306381,42.849129755146755],[-85.67848929256718,42.85011821534596],[-85.67854405362267,42.85110545557987],[-85.6786002576081,42.852092463084354],[-85.67865162572777,42.853079617949504],[-85.6787015624064,42.854069043439765],[-85.67875195473906,42.85505869727777],[-85.67879928425023,42.856048397097766],[-85.67884213975333,42.85703823388368],[-85.67888178403499,42.85802735829683],[-85.67891984241172,42.859017303721714],[-85.67895107681915,42.86000728960128],[-85.67897918788532,42.86099549371387],[-85.67895684953135,42.86197489576702],[-85.67873695438118,42.86293840495024],[-85.6783544529795,42.86387566448447],[-85.67781543244917,42.86480812824486],[-85.67761470351493,42.86573426486642],[-85.67874332340567,42.86604122140615],[-85.68009289813192,42.86606991995287],[-85.68138911984644,42.865995868247495],[-85.68220344978215,42.865267853451044],[-85.68347682140225,42.865263869641],[-85.68378067569223,42.866106208663815],[-85.6838078755462,42.86709475599851],[-85.68383764025234,42.86808339722559],[-85.6838733432902,42.86907213465142],[-85.68391064705472,42.87006195852172],[-85.68394965431887,42.87105182667747],[-85.68398747740503,42.8720415722405],[-85.68402509072753,42.87303141949473],[-85.68406134935033,42.874021323100834],[-85.68409782885418,42.87501122670693],[-85.68413373904649,42.8760011213426],[-85.68416940017372,42.87699097436691],[-85.68420458159426,42.87797946016434],[-85.68423773048816,42.87896797936169],[-85.68427182039557,42.87995649855904],[-85.68430194254361,42.88094509220092],[-85.6843350242674,42.881933705146366],[-85.68437018881394,42.88292221328364],[-85.68439451664688,42.8839107663115],[-85.68442577426083,42.884898631664555],[-85.68446451695687,42.8858865974216],[-85.68450448340059,42.886874370960314],[-85.68454425088943,42.88786217329121],[-85.68458436266734,42.88884965934455],[-85.68462523019801,42.8898379168305],[-85.68466529032582,42.8908258166192],[-85.68470460432371,42.891811601018304],[-85.68473928692391,42.89279726045227],[-85.68477141078955,42.89378465177066],[-85.68480321214244,42.89477380091135],[-85.68483419236563,42.89576298462604],[-85.6848589959526,42.89675235195859],[-85.68488402730196,42.897740517144534],[-85.68492216959159,42.89872855657828],[-85.68496045311396,42.899716811075066],[-85.68500505684503,42.90070480134346],[-85.68505150036238,42.90169278141899],[-85.68509655695047,42.90268081149498],[-85.6851378971538,42.903669509852406],[-85.6851802511614,42.90465922466716],[-85.68522520140169,42.90564720098395],[-85.68529085240692,42.90663445810212],[-85.68535487086582,42.90762160928732],[-85.68540209411964,42.90860878554844],[-85.68544514996995,42.909596092977054],[-85.68548467036479,42.910582557246315],[-85.68551651416081,42.911568400805706],[-85.68555460818858,42.91255559652748],[-85.68560455592592,42.91354462568698],[-85.68566189229668,42.914532019121154],[-85.68570471722133,42.915519205796315],[-85.68574695462819,42.91650640167306],[-85.6857906404187,42.917493944489465],[-85.68583503312097,42.91848284197275],[-85.68587867977743,42.919471583882604],[-85.68591669789785,42.92046163682979],[-85.68595427170288,42.92145239893976],[-85.68599023172797,42.92244334133237],[-85.68602719882841,42.92343425476073],[-85.6860678049231,42.9244244602674],[-85.68611061171964,42.925413571325464],[-85.68615475343336,42.92640270163852],[-85.68618578159612,42.92739207903572],[-85.68621615722381,42.9283813344764],[-85.6862804118568,42.92937002137677],[-85.68633084594508,42.930359926591045],[-85.6863809998764,42.93134904162085],[-85.68643109208415,42.9323356218633],[-85.68647839629946,42.93332221219609],[-85.68652591704782,42.93431000327153],[-85.68656707138805,42.93529845164353],[-85.68624793316718,42.936228603709594],[-85.68536979866178,42.936914863671376],[-85.684791764605,42.93781138156719],[-85.68427835267964,42.93872114380758],[-85.6837620700139,42.93963368084182],[-85.68324746256198,42.940546612905216],[-85.68267257856297,42.941433856263586],[-85.68141209331804,42.94160461427161],[-85.68006879777838,42.94156079724071],[-85.67926464900083,42.94091208000328],[-85.67848149682237,42.94113307694473],[-85.67804092361408,42.9420705290988],[-85.67761916230977,42.94300885678237],[-85.67718626009088,42.943942936300616],[-85.67675454138039,42.944879727816456],[-85.67635199546595,42.9458230042056],[-85.67599224140285,42.94677299283492],[-85.67566197374816,42.94773283898098],[-85.67538486614254,42.94869559482819],[-85.67592470040812,42.94947905959783],[-85.67710074960604,42.94990820794695],[-85.67761826214587,42.95056357901508],[-85.67714102667378,42.95148351163088],[-85.67663362032611,42.952398324309605],[-85.67612400979749,42.953312506405055],[-85.67560198028205,42.95421941215908],[-85.67507865569578,42.955128771664874],[-85.6745675,42.956042499999995]]}},{"type":"Feature","properties":{"routeId":"24","color":"#BED62F","dir":"Eastbound","trips":66,"trimmed":0,"dests":"Woodland","lenKm":27.78,"role":"dominant"},"geometry":{"type":"LineString","coordinates":[[-85.7397095,42.8838585],[-85.74180231751822,42.883203476207],[-85.74271834419521,42.88176944749188],[-85.74505606789401,42.88170607365217],[-85.74740601979502,42.881546672383585],[-85.74959182775989,42.88099553309081],[-85.75170729346192,42.880757966427],[-85.75209271903978,42.879595304773716],[-85.75080834815677,42.88045907825679],[-85.74873084192834,42.8812205724783],[-85.74646526153484,42.88158056113038],[-85.74412752777528,42.88167399346658],[-85.74320786188618,42.88305803514841],[-85.74324242923463,42.884774602193204],[-85.74332938882279,42.88649044359789],[-85.74339475535345,42.88821410595928],[-85.7434598747182,42.889943845882996],[-85.74352807144132,42.89168008912926],[-85.74359371945985,42.89340290310763],[-85.74365293352241,42.89512942310646],[-85.7437091859129,42.89685601357314],[-85.74376243292434,42.89858587579502],[-85.74380244008046,42.9003189338827],[-85.7438292237608,42.902052230343145],[-85.7438535362595,42.903785531514],[-85.74387226360247,42.90551925508471],[-85.7439019460929,42.90725552599554],[-85.74393070089502,42.90898177877748],[-85.7439552762371,42.910707423253],[-85.74398108604294,42.91243303701765],[-85.74401476281238,42.9141584263881],[-85.74407917171342,42.91588357416995],[-85.74408696075643,42.917596310410055],[-85.7434003312806,42.91921727353027],[-85.74186540759305,42.920487023371415],[-85.7400428349401,42.92152068059169],[-85.73797119693467,42.92217808843304],[-85.73643690180657,42.92126035641639],[-85.7340908510265,42.921078967505736],[-85.73172543968573,42.92112385856224],[-85.72936113305462,42.92116840521063],[-85.72699830096909,42.9212097904219],[-85.72463536377371,42.92122334951232],[-85.72227273508659,42.92117395287878],[-85.7199103228602,42.921123584199485],[-85.71754804722977,42.92107210325143],[-85.71518527571581,42.921020181158504],[-85.71282277428223,42.92096841720887],[-85.71046045751018,42.92091860147218],[-85.70809729499413,42.92087824557112],[-85.70579384895916,42.920954885674576],[-85.70557175103008,42.922454533904386],[-85.70560685057696,42.92417630812815],[-85.70561772337165,42.92589805725336],[-85.70550990562842,42.92761963249781],[-85.70354750548373,42.9280229922328],[-85.70119033624024,42.92803639726973],[-85.69883331851281,42.9280003803176],[-85.69761924622104,42.92686136967865],[-85.69755734891325,42.92526450475788],[-85.69756715966767,42.923595286605604],[-85.69720578168887,42.921953341433216],[-85.69654068823931,42.92028922357758],[-85.69611471712811,42.91859701328623],[-85.69578853434894,42.91689454233649],[-85.69557443583939,42.91518257411455],[-85.69519906901867,42.913508426771116],[-85.69287919303981,42.9133603564495],[-85.69056107303055,42.9133611723868],[-85.68820238632199,42.9133703012085],[-85.68599094619182,42.913562384990044],[-85.68572093078859,42.9152209251002],[-85.68579130964665,42.91694569518563],[-85.68586253031086,42.91860518060322],[-85.68592993068103,42.920326245599796],[-85.68599119273472,42.92204922650794],[-85.68605200734217,42.923773963284674],[-85.6861066623604,42.925449095808446],[-85.68613166514783,42.92717944563894],[-85.68454855635841,42.92779908377314],[-85.68218567689432,42.92778110871593],[-85.67982297856264,42.92772737201954],[-85.67745887342309,42.927681817494815],[-85.67509871129636,42.92764368997748],[-85.67274754534091,42.92761269204985],[-85.67039631007749,42.92757724955224],[-85.66804502237201,42.927536490338895],[-85.66600341015575,42.92744947295358],[-85.66364732382651,42.92741875521244],[-85.66129137240259,42.92737810911511],[-85.65893575365689,42.92676377400322],[-85.65791217872287,42.92522877620027],[-85.65778080387317,42.92375075756515],[-85.65765387964638,42.9220231917053],[-85.65750663392646,42.920488767680226],[-85.65589156875126,42.920149657942204],[-85.65354478835661,42.92013023361331],[-85.65118052286397,42.92010902000589],[-85.64881437396654,42.92010180715195],[-85.6476655885872,42.9211553643199],[-85.64771412284313,42.922839235982934],[-85.64783224978501,42.92445901842473],[-85.64790107622599,42.92610722350075],[-85.64706027046259,42.927266460658544],[-85.64471013565267,42.927251350779514],[-85.64235469091989,42.92722028556402],[-85.63998861308431,42.92718777512089],[-85.63762257093754,42.92716202276273],[-85.63525630612871,42.927135077179855],[-85.63289564568142,42.92710933728313],[-85.63053625071308,42.92709540369547],[-85.62817672864331,42.92707804428514],[-85.62581710306114,42.9270718879349],[-85.62345746997036,42.927070386533856],[-85.62109785137608,42.92707270014935],[-85.6187382218086,42.927078189289745],[-85.6163786873534,42.92708893887627],[-85.61401913295532,42.927098302492155],[-85.61165950851529,42.92709238648059],[-85.60930000692018,42.927079461790576],[-85.6069418462171,42.92706187821174],[-85.60458891292615,42.9270462458901],[-85.60223605123076,42.92702638602164],[-85.59988339820907,42.92699698735615],[-85.59753072890948,42.92696779182508],[-85.59517797484837,42.92693980480931],[-85.59282522104135,42.92691526064857],[-85.59047246895119,42.92689543642106],[-85.5881196403304,42.92688730065005],[-85.58576686007414,42.92689624165949],[-85.5834138455416,42.92690649301831],[-85.58106083067096,42.926914571161966],[-85.57870781616626,42.926923125737716],[-85.57635480286396,42.92693075603066],[-85.57400181355096,42.92693532306015],[-85.57164878902907,42.926913871036675],[-85.56969276782715,42.92656720683236],[-85.56954155630453,42.92485655344623],[-85.56945663255297,42.923134616709916],[-85.56962843191135,42.921411337488195],[-85.57105231768273,42.92048250482808],[-85.57333870869338,42.92005171119203],[-85.57566516439874,42.919791970053026],[-85.57787529183088,42.91971025515127],[-85.58007743158149,42.91956128919161],[-85.5819531063505,42.91884597489803],[-85.58378095912667,42.91853782712388],[-85.58386859896243,42.91683381803692],[-85.5846310500579,42.915543024828764],[-85.58656400000001,42.914576999999994]]}},{"type":"Feature","properties":{"routeId":"27","color":"#FFC000","dir":"RoundTrip","trips":57,"trimmed":1,"dests":"Airport Ind","lenKm":17.3,"role":"dominant"},"geometry":{"type":"LineString","coordinates":[[-85.5872215,42.913599500000004],[-85.58728050555713,42.91347533577774],[-85.58857830976656,42.91357827754388],[-85.58998275867236,42.91355471001749],[-85.59144940093822,42.91350378448938],[-85.59198707938299,42.91262904993124],[-85.59189775973209,42.91156692683819],[-85.59162956123245,42.91065079687117],[-85.59018905611742,42.910449423635406],[-85.58872825068943,42.91041678585276],[-85.58730501635624,42.9102205612556],[-85.58597232681524,42.909753842282484],[-85.58463652706575,42.909353075855726],[-85.58322712027562,42.909113515059246],[-85.58176798712435,42.9091178250496],[-85.58029995332431,42.90916095314126],[-85.57883136524019,42.90920948781688],[-85.57736196422826,42.909259004486756],[-85.57589219809078,42.90930409567975],[-85.57442292607449,42.90934007160648],[-85.57306385395208,42.909639211098835],[-85.57176790400031,42.91010759391126],[-85.57035174048428,42.91037023109185],[-85.56892571835292,42.91033391119998],[-85.56858033536659,42.909348331990174],[-85.568521105662,42.90832906135103],[-85.56845833103324,42.90727688517057],[-85.56840090162702,42.90622417661919],[-85.56833555487734,42.9051717153863],[-85.56827409951939,42.904119113457796],[-85.56820384706882,42.90305509439114],[-85.56813461009199,42.9019843686098],[-85.56805801357748,42.900913963682115],[-85.56797985527976,42.89984184935348],[-85.56786298790956,42.89879362555821],[-85.56695446272514,42.89807006632665],[-85.56554277849293,42.897983100665016],[-85.56408534160822,42.89798227107594],[-85.56263749006166,42.89798526924548],[-85.56117661682856,42.89798270010287],[-85.55971483404736,42.897980661230406],[-85.55825305127868,42.89798168481711],[-85.55679146519057,42.89798174800303],[-85.55533291426555,42.89798286365598],[-85.55387436332025,42.89798236902875],[-85.55241581228358,42.897983691417394],[-85.55095726124694,42.897983890622],[-85.54949883034826,42.897979564330754],[-85.54821036463613,42.89780463405303],[-85.54803616958398,42.89676741758189],[-85.54796363179454,42.89569649166401],[-85.54789431396563,42.894624626802994],[-85.54782540808864,42.893550814804314],[-85.54775628617392,42.89247700280562],[-85.54768634226932,42.891402557812185],[-85.54761658076413,42.89032942299019],[-85.54754879781943,42.88925556873926],[-85.54748348906975,42.88818171448831],[-85.54741526992348,42.88711650607276],[-85.54732969586043,42.886043593638036],[-85.5472408691865,42.88497400780698],[-85.54715937455708,42.883941457170486],[-85.54590434780337,42.88357563968769],[-85.54444415953819,42.883554521485095],[-85.5429771001856,42.88358981217522],[-85.54150941510714,42.8836207888623],[-85.54005212620885,42.883656105230315],[-85.53858804741452,42.88369528246241],[-85.53713718301606,42.88372848808656],[-85.53567262826851,42.88376162464008],[-85.53425359948041,42.88379367486655],[-85.53278772535498,42.88382183144843],[-85.53143755068167,42.88398759358063],[-85.53054337965082,42.88479050065102],[-85.5297281558708,42.88556395759886],[-85.52907081102296,42.88640902946876],[-85.52957210930177,42.887259247318156],[-85.53098182748893,42.887450257808695],[-85.53224767437803,42.88699981495368],[-85.53332811463225,42.88630305363185],[-85.53406876915018,42.88554639019554],[-85.53409056888216,42.88478032375777],[-85.53514411133153,42.88405601501162],[-85.53655231939473,42.883934224222436],[-85.53802102925354,42.88391274267674],[-85.53948904788439,42.88387795488471],[-85.54095646220424,42.88383879788901],[-85.54241391755363,42.88379901559092],[-85.5438623255872,42.88376256736717],[-85.54531081994132,42.883725567089684],[-85.54670861833924,42.88369117570536],[-85.54815645635581,42.8836732017071],[-85.54962047524337,42.8836643129233],[-85.55109221165421,42.88365636520591],[-85.55256397389438,42.88365433143944],[-85.55403573900597,42.88365333012392],[-85.55550534403581,42.88365391312201],[-85.55697443706211,42.88365264421864],[-85.55844352809355,42.883655238320756],[-85.55991261476308,42.883655493929226],[-85.5613772108297,42.883660133584],[-85.5628353587901,42.88367232375465],[-85.56429788935158,42.88368763473855],[-85.5654423598086,42.884162329610874],[-85.56622168439709,42.8850795375596],[-85.56695235685072,42.88601122385626],[-85.56724263233117,42.88701823143076],[-85.5672096352119,42.88807558124781],[-85.56723954343705,42.8891459956858],[-85.56726763006446,42.89021520531729],[-85.56720309587365,42.89128076226149],[-85.56755149869478,42.89206812568659],[-85.56748990830155,42.89312678900298],[-85.56753899861592,42.89420312982733],[-85.56760444311183,42.895281038873236],[-85.56766743341741,42.89635841304946],[-85.56771788948397,42.89743493494879],[-85.56776510762208,42.89851126253795],[-85.56782490545567,42.89958719446186],[-85.56788960788407,42.90066304076238],[-85.56795475167897,42.90173899324037],[-85.56801931885263,42.902814468840475],[-85.5680835890698,42.903889345183565],[-85.56814745304871,42.90496422544736],[-85.56821152785804,42.906037260405235],[-85.56828014580466,42.90710524142708],[-85.568349609877,42.90817316142788],[-85.56846009209289,42.909210468038694],[-85.56878948113273,42.910120642428595],[-85.56993410715044,42.91057064070176],[-85.57129890292012,42.91025355068862],[-85.57265055041701,42.90980162813591],[-85.57403806844522,42.90960958398567],[-85.57544975816525,42.90946671299601],[-85.57690648426592,42.909377077636606],[-85.57837593147157,42.90933033457833],[-85.57984562658844,42.90928850284861],[-85.58131661458125,42.909250414602724],[-85.58278731812918,42.909231894903655],[-85.58424401997169,42.90936576266774],[-85.58553449993767,42.909795227009226],[-85.586835884065,42.91022900659574],[-85.58824328803178,42.91047616211385],[-85.58970856820858,42.91051115948318],[-85.59116265038975,42.910583696446295],[-85.59175495111747,42.91133679474858],[-85.59184788209394,42.912409103485274],[-85.59165862958986,42.91340209636584],[-85.59021959974453,42.91349328288139],[-85.58875950000001,42.913495499999996]]}},{"type":"Feature","properties":{"routeId":"45","color":"#004987","dir":"Inbound","trips":54,"trimmed":0,"dests":"City/Health Campus / City Campus","lenKm":20.8,"role":"dominant"},"geometry":{"type":"LineString","coordinates":[[-85.889288,42.962226],[-85.89024836030299,42.962795302851305],[-85.8903100282141,42.9639770716267],[-85.8893292180062,42.96500842684215],[-85.88837814388876,42.96595993714644],[-85.88774435560165,42.967164361302906],[-85.8878110720976,42.96842298796126],[-85.88848572520878,42.96947271923575],[-85.88990298127445,42.970168092420465],[-85.89119507806615,42.97100360090771],[-85.89100985629742,42.971911199032576],[-85.88931275255149,42.97199282006021],[-85.88758048699498,42.97199415865415],[-85.88584825365587,42.97199185125871],[-85.88411605149726,42.97198027806128],[-85.88238383615946,42.97197067506376],[-85.8806516254994,42.97196513275265],[-85.87891945298193,42.97196956975704],[-85.87718735917986,42.97198478442802],[-85.87545527416046,42.97200095128791],[-85.8737276723737,42.97201783242335],[-85.87200407171477,42.97203515710481],[-85.87028048952271,42.972052148451155],[-85.86855691870988,42.97206861331571],[-85.86683336832178,42.97208773928301],[-85.86510982213132,42.97210549908358],[-85.86338627440452,42.972122540799774],[-85.86166275309598,42.97213922525496],[-85.85993922367825,42.972158518417274],[-85.85821568817184,42.97217927186871],[-85.85649211773332,42.97219861102755],[-85.85476854864481,42.972219449717045],[-85.85304493398176,42.9722381412984],[-85.8513193108098,42.97224196382682],[-85.84958519373312,42.972240861896644],[-85.84785122896137,42.972215724814866],[-85.84611915504476,42.972182308348714],[-85.84439287506282,42.9721426682915],[-85.8426704476193,42.97211729424755],[-85.84095372573975,42.97211385908681],[-85.8392368564426,42.97216272544885],[-85.83752640209201,42.97235898668272],[-85.83581884489799,42.97254844107138],[-85.83410349730778,42.972698838505494],[-85.832385002531,42.972770848185746],[-85.83066615304222,42.97280258441076],[-85.82894608224802,42.972805802315136],[-85.82722597556968,42.97280462910267],[-85.82550595257126,42.97279476949399],[-85.82378543610795,42.972785042072246],[-85.82205311179564,42.97277114239992],[-85.82032970947407,42.97275937542684],[-85.81860982395938,42.97274901602117],[-85.81688996446664,42.97273551385062],[-85.81517015810121,42.97271968471313],[-85.8134503503532,42.97270223781146],[-85.81173057114935,42.97268396642923],[-85.8100108232285,42.9726628455099],[-85.80829135395612,42.97263406239831],[-85.80657204305658,42.97260429441082],[-85.80485261835175,42.97257714912502],[-85.80313287696741,42.97255912493539],[-85.80141294931356,42.97254574054533],[-85.79969308073251,42.97253321659862],[-85.79797336503782,42.97251376152013],[-85.7962537451699,42.97249023696676],[-85.79453416369077,42.97246315083055],[-85.79280441146724,42.97243734224143],[-85.79107361792228,42.972412064827296],[-85.78934281874672,42.9723858984829],[-85.78761212343541,42.97235869799057],[-85.78588127769102,42.9723318688264],[-85.78415029145823,42.972310984166576],[-85.78241927739452,42.972292926838506],[-85.78068827885797,42.972273643279024],[-85.77895252018249,42.97225636859502],[-85.77721197154546,42.97223662829167],[-85.7754713491983,42.97221756303749],[-85.77373067904603,42.972208509715074],[-85.7719900158548,42.97219341616906],[-85.77025702234576,42.97218003695896],[-85.76852459447335,42.972165412685655],[-85.76679219251317,42.97214882433556],[-85.76505080456818,42.97213085159625],[-85.76331689880658,42.972110691611235],[-85.7615830392218,42.972087777537126],[-85.75984069311875,42.972069822162595],[-85.75809549115253,42.972049131820384],[-85.75635093458679,42.97202810028618],[-85.7546146014749,42.97200651273957],[-85.75288881208698,42.971983510304206],[-85.75116327261688,42.971956810503485],[-85.74943767440891,42.97193090821017],[-85.74771198089678,42.97190414200263],[-85.74598616794448,42.9718804541713],[-85.74425795825621,42.97185135600553],[-85.74253144048132,42.97181843282269],[-85.74080398061218,42.97178629049198],[-85.7390673306181,42.971761465147225],[-85.73732637209083,42.9717420607852],[-85.73558117679289,42.97171292530969],[-85.73383636432085,42.97167215129516],[-85.73209154440889,42.97163170672651],[-85.73034668378001,42.97159617750218],[-85.72860146376686,42.97156519431961],[-85.72685615261517,42.97154163602701],[-85.72512045575557,42.971512011904835],[-85.7233872540884,42.97147710863105],[-85.72166196865052,42.97144532616176],[-85.71993659037318,42.97141535738933],[-85.71821135080177,42.97138125510199],[-85.71666498955061,42.970922388491104],[-85.71535062129072,42.97011224449041],[-85.71407875725569,42.96925119865241],[-85.7127964044177,42.96839749139614],[-85.71146656944507,42.96756701361625],[-85.71005703006759,42.966860908234516],[-85.70848024582244,42.966345821799415],[-85.70683967491722,42.9659523694266],[-85.70513254418643,42.96572126321264],[-85.70343305329044,42.96557521765816],[-85.70215831073605,42.964903613496645],[-85.70124046274452,42.96405597663299],[-85.69957441599729,42.96385916601257],[-85.69785074876384,42.96380438470202],[-85.6961255927763,42.96375454202776],[-85.69440082153619,42.96370060063347],[-85.6926763615317,42.96364637798569],[-85.69095105721624,42.96360332987889],[-85.68922593031883,42.96355637530682],[-85.6875009094843,42.963507696371224],[-85.68577507043362,42.963474748170626],[-85.6840415186832,42.96343624431195],[-85.6823091022381,42.96338358430236],[-85.68057544389707,42.96333587402401],[-85.6788421817775,42.96330378137989],[-85.67715191792985,42.96327610777443],[-85.67541961769037,42.963253860007555],[-85.67370754644236,42.963396735920554],[-85.67262190890492,42.96436967389669],[-85.67215472772156,42.96554815137494],[-85.67214735271776,42.966808315670875],[-85.67215294619638,42.968072808116816],[-85.67213621182346,42.969330013530495],[-85.67172252719769,42.970322352413255],[-85.66998909238595,42.97036383084358],[-85.66825483758929,42.97039546762751],[-85.66653606187558,42.97044137154569],[-85.66481350884341,42.97043018831093],[-85.6631035,42.970325]]}},{"type":"Feature","properties":{"routeId":"7","color":"#F37053","dir":"Westbound","trips":50,"trimmed":0,"dests":"Meijer-Standale","lenKm":16.91,"role":"dominant"},"geometry":{"type":"LineString","coordinates":[[-85.67358150000001,42.9608915],[-85.67497038212285,42.96099275883335],[-85.67622520672238,42.961422649763634],[-85.67724052321446,42.96214458561334],[-85.67798503646313,42.96295649118451],[-85.67836131888421,42.9639587204001],[-85.67832021682747,42.96497244048764],[-85.67821334635623,42.96600358850867],[-85.67808491638397,42.96702722466161],[-85.67800713581703,42.96805218798002],[-85.677935787801,42.969077431533876],[-85.67786102235962,42.97010475498299],[-85.67732589022931,42.97104234162582],[-85.67678263283713,42.97189865653971],[-85.67695493695035,42.97292034370822],[-85.67712613609476,42.97394203087673],[-85.67731451521314,42.97495717921846],[-85.67728559293934,42.97598107296383],[-85.6771815016399,42.97700740856685],[-85.67708347807618,42.9780337346338],[-85.67698305746546,42.97905959580728],[-85.6768786790538,42.98008562099638],[-85.67678309336168,42.981111947917455],[-85.6766982465623,42.98213874171873],[-85.67661970232666,42.98316555759233],[-85.67655634247595,42.98416600611936],[-85.67710854861488,42.9849133401903],[-85.67850288992196,42.98495620253921],[-85.67989890663364,42.98500286550319],[-85.68129911423748,42.98505580043639],[-85.68269979096269,42.98510628067072],[-85.68410131099594,42.985151468935314],[-85.68550522690043,42.98519238247893],[-85.68690871145695,42.98523936865726],[-85.68831262129777,42.98528194977015],[-85.68971693987376,42.98532183644218],[-85.69112088514565,42.98536427024041],[-85.6925244073154,42.985413082858344],[-85.69392995201136,42.98546443698654],[-85.69533595356165,42.98550749025881],[-85.69674209193934,42.985546068230185],[-85.69814613833853,42.98559239152955],[-85.69954388785722,42.98562946425906],[-85.7009460874192,42.98569023488214],[-85.70234958470598,42.98574228051349],[-85.7037530474187,42.98579220272101],[-85.70515602754858,42.985853488819075],[-85.70655851273227,42.98591375226735],[-85.70796065342006,42.98596780417667],[-85.70936298283502,42.98599591863322],[-85.71076579222287,42.9860065579425],[-85.71216866975618,42.9860148563421],[-85.71357154728949,42.98602485141426],[-85.71497441670326,42.986033652408196],[-85.71637926216819,42.98604402074018],[-85.71778450397643,42.98606054305684],[-85.71918964786167,42.98607772729929],[-85.72059483746375,42.98609396723175],[-85.72200075516128,42.98611128530811],[-85.72340723584344,42.986124126965976],[-85.72481243912924,42.98613803188134],[-85.72621674165205,42.98615410415877],[-85.72762066851013,42.98617915324243],[-85.72902451541694,42.98620790542833],[-85.730428455736,42.986235518391894],[-85.73183228785328,42.98626678935247],[-85.73323597093113,42.98629874188761],[-85.73463965400899,42.9863315602846],[-85.73604333708683,42.98636230581211],[-85.73744727442403,42.98639053849992],[-85.73885103543327,42.986421601992134],[-85.74025473955919,42.986452989262794],[-85.74165870659509,42.98648299034805],[-85.74306284002377,42.98650764536042],[-85.74446701430927,42.98652896304034],[-85.74587130112727,42.98654985749005],[-85.7472755553589,42.98656430736446],[-85.74867973864079,42.9865821326063],[-85.75008388020902,42.98660105202423],[-85.75148810063638,42.986621067316236],[-85.75287128213895,42.986774568266895],[-85.75421454909394,42.98708506801418],[-85.75461904368177,42.98797940959749],[-85.75467559567018,42.98900619766815],[-85.75456836476252,42.990014876879954],[-85.75421270300396,42.99099669807373],[-85.75484209814246,42.991851209497774],[-85.75582747770457,42.992581350938124],[-85.75681152444872,42.993316113725996],[-85.75779325981415,42.99405370224686],[-85.75877496167098,42.99479129704525],[-85.75975520408844,42.99552864623649],[-85.76073544650589,42.99626568161466],[-85.76171597217632,42.997002846319404],[-85.76269664065862,42.99774013134012],[-85.76367695264284,42.99847759589383],[-85.76465718035476,42.999215292870176],[-85.76563746675293,42.99995494549004],[-85.76661803079494,43.00069511711882],[-85.7676000587895,43.00143424835375],[-85.76858337285128,43.002172407789715],[-85.76956489042703,43.00291053873806],[-85.77054015850682,43.00364874059463],[-85.77151540915668,43.00438831973753],[-85.7724909409801,43.00512722584105],[-85.7734649267353,43.005862167020766],[-85.77443752281732,43.00659603047171],[-85.77541346519001,43.00732954252062],[-85.77638720992785,43.00805325995236],[-85.77734497557731,43.008747631030715],[-85.77773267851163,43.00836885356849],[-85.77768993313109,43.00737929760564],[-85.77763732187744,43.006352695985065],[-85.777586272555,43.00533462871405],[-85.77753381966514,43.00430773315291],[-85.77748462007918,43.00328083623906],[-85.77743730105362,43.00225387373766],[-85.77739727238878,43.00122674568802],[-85.77735853988506,43.00019961763839],[-85.77732066302136,42.99917247871481],[-85.77727856378017,42.998145291751555],[-85.77723918026464,42.9971181047883],[-85.7772007061791,42.99609090262184],[-85.77716413762818,42.99506368220102],[-85.77712554256269,42.99403645961982],[-85.77708943874907,42.99300922371016],[-85.77705756725537,42.99198191220583],[-85.77702513075644,42.99095452578009],[-85.77700027790914,42.989927063524476],[-85.77697565527615,42.98889960126886],[-85.7769522805358,42.987872159060075],[-85.77691829860046,42.986844949824196],[-85.77688846279753,42.98581785711912],[-85.77684204309351,42.984791455072575],[-85.776784811595,42.98376474113005],[-85.77673551486549,42.98273777085809],[-85.77669345672922,42.98171073851171],[-85.77665583574193,42.98068339440434],[-85.77661947127032,42.97965605029697],[-85.77658457001246,42.97863269915154],[-85.77654805777448,42.97761176677834],[-85.77651968579423,42.97658631379985],[-85.77650205992671,42.97555862875268],[-85.77648707701017,42.97453457202867],[-85.77647098115008,42.973511963133475],[-85.776444787215,42.972489939654906],[-85.77643135376069,42.971465481092636],[-85.77642427077302,42.970441349563956],[-85.77642054718365,42.969420449573164],[-85.7768135,42.9684765]]}},{"type":"Feature","properties":{"routeId":"1","color":"#913F98","dir":"Southbound","trips":50,"trimmed":0,"dests":"UM Health - West","lenKm":19.94,"role":"dominant"},"geometry":{"type":"LineString","coordinates":[[-85.6723485,42.960840000000005],[-85.6724214623063,42.962077930870336],[-85.67187097456959,42.96304395612532],[-85.67028981780948,42.963105289497804],[-85.66862965885363,42.96308254226347],[-85.66793194889169,42.962298691660536],[-85.6678747930901,42.961049552393746],[-85.66783641032717,42.959800862089836],[-85.66780400807923,42.958566552622756],[-85.66776125428059,42.957331555762345],[-85.66774152334513,42.956096800475706],[-85.66771627380481,42.954861289680174],[-85.66769627890015,42.95362035028334],[-85.66766520996475,42.9523840795777],[-85.66762894065718,42.95115526744472],[-85.66757355271181,42.94992224520102],[-85.66714483634082,42.94879689841149],[-85.66558587221732,42.94866898075827],[-85.66391687122089,42.94864118055001],[-85.66222767896016,42.948619467282256],[-85.66054855261902,42.94858279091066],[-85.65916364421938,42.9482561985577],[-85.65909665517736,42.94703617078552],[-85.65908424760342,42.94580633907265],[-85.65907093825832,42.94457329091489],[-85.65907003903388,42.943343798476874],[-85.65907839004518,42.942109786119765],[-85.65902488552405,42.94087816108422],[-85.6589343689857,42.939646343823426],[-85.65883606078236,42.93841372076564],[-85.65875017316786,42.93718322637273],[-85.6586605832556,42.93595026468355],[-85.65857913618548,42.934822169625924],[-85.65848576634168,42.93360170273438],[-85.65838913737645,42.932377713176336],[-85.65829325022733,42.931149547676256],[-85.65819688299865,42.92992184564184],[-85.65811445027393,42.928693545300256],[-85.65869713023781,42.92760568354077],[-85.66030490165706,42.92747635189319],[-85.66198342233292,42.92750452405684],[-85.6636753542532,42.92752589326493],[-85.66536084194624,42.92752448542598],[-85.66661449987191,42.92719365318702],[-85.66663938882704,42.926006503215746],[-85.66658790047978,42.92477157247086],[-85.66653333150428,42.92354207551097],[-85.66648515105378,42.922302473861805],[-85.6664462011898,42.92106679254108],[-85.66640352750372,42.91983182053414],[-85.66634344115168,42.918596972064144],[-85.66628344659586,42.917362334311335],[-85.66622318173387,42.91612769054571],[-85.6661501773136,42.91489342863427],[-85.66609513126605,42.913658995504186],[-85.66604675581769,42.912424183459706],[-85.6659885378073,42.91118954654224],[-85.66592408682175,42.90995518054729],[-85.66585373933606,42.90872082544573],[-85.66579644970233,42.90748607521218],[-85.66574948874198,42.90625123110286],[-85.66570785901999,42.90501630553145],[-85.6656512067643,42.90378151577407],[-85.66560088225987,42.90254628405072],[-85.66554903867105,42.9013104940596],[-85.66549903071237,42.90007475164951],[-85.66544571925778,42.898839681081924],[-85.66538332639115,42.89760447773908],[-85.66532204662684,42.896369085911196],[-85.6652700752773,42.89513357952541],[-85.66521620873013,42.89389800869402],[-85.66515902695477,42.892662466820035],[-85.66511008613931,42.89142677324706],[-85.66505917523989,42.8901910580037],[-85.66501262430992,42.888955393775234],[-85.66496865486427,42.887719677693866],[-85.66492717419106,42.88648382680125],[-85.66489051919572,42.8852481661548],[-85.66485565844118,42.884014598581345],[-85.66479593152647,42.88281515482545],[-85.66474136637382,42.88158131730705],[-85.66467614747125,42.88034750892528],[-85.66461125261577,42.8791132922478],[-85.6645822327155,42.87787877642556],[-85.66456258733103,42.876644204357795],[-85.66452067677656,42.875409683626586],[-85.66448091861622,42.874175255940514],[-85.66444282795482,42.872940828254436],[-85.66440164613206,42.871706439926385],[-85.66436448319772,42.87047204418201],[-85.66432154732078,42.86923763263914],[-85.6642925488591,42.86800319317571],[-85.66428014042482,42.86676872750377],[-85.66515760661491,42.866003589735826],[-85.66673908091082,42.86595166318447],[-85.66842762618893,42.86597965398488],[-85.67011548129926,42.86602227134621],[-85.67180411222503,42.86605622134377],[-85.6734925521576,42.86604834257811],[-85.67517327286625,42.86606156730036],[-85.67685107798624,42.86607276606803],[-85.67851337597412,42.86607534796755],[-85.68014861160492,42.86608128707394],[-85.68160853124922,42.865887906241525],[-85.68262245909833,42.86544826095864],[-85.68389052931441,42.866014463727716],[-85.68530128063007,42.86602474402513],[-85.68679291742858,42.865672806521005],[-85.68817091935898,42.865016085888726],[-85.68936170562426,42.864161817682444],[-85.69050330291662,42.86326600765195],[-85.69181806287926,42.86251882742006],[-85.6933974209436,42.8619947044796],[-85.69497677900792,42.86150505737821],[-85.69655613707224,42.86109020123462],[-85.6981727885398,42.86076739418741],[-85.69987724004858,42.860736788274764],[-85.70158109275934,42.86070838416719],[-85.7032611813863,42.86070154879232],[-85.70494147928954,42.86070355448708],[-85.70662173140771,42.86071289196528],[-85.70830185995266,42.86072826347282],[-85.70998194434199,42.86074537522426],[-85.71166202873133,42.860766682108135],[-85.71334211312067,42.86078913516802],[-85.71500533009655,42.860825410650364],[-85.71666142044049,42.86104379747174],[-85.71820982293731,42.861609814833784],[-85.7197242724229,42.86214864815707],[-85.7213219741746,42.8625320867358],[-85.72285160763309,42.86227166948541],[-85.72318056479031,42.86117894124385],[-85.72314741610109,42.860394105353336],[-85.72312765332141,42.859155372009454],[-85.72304992200802,42.857917398686496],[-85.72210074372308,42.85680742187573],[-85.72064991923814,42.85622951545021],[-85.7190666600078,42.85576719228031],[-85.71747044457155,42.85579801353089],[-85.7161659123546,42.856220427422635],[-85.71491765213496,42.857170312138784],[-85.7141622288384,42.85826120142124],[-85.71380084874284,42.859436103563084],[-85.71494765315126,42.859766675550205],[-85.71662564897068,42.85978862720782],[-85.71830999958631,42.859806086880525],[-85.71998195228879,42.8598397781351],[-85.72081853660058,42.859060305471914],[-85.72044319753681,42.85796740806316],[-85.719439,42.858154]]}},{"type":"Feature","properties":{"routeId":"15","color":"#F49AC1","dir":"Westbound","trips":50,"trimmed":1,"dests":"Central Station","lenKm":15.27,"role":"dominant"},"geometry":{"type":"LineString","coordinates":[[-85.593073,42.997941],[-85.59431645201627,42.99775042621902],[-85.5952727599553,42.99801379829779],[-85.59562289308438,42.99872766040485],[-85.59688356169227,42.99861639599739],[-85.5974062914099,42.99806019548395],[-85.59746176425232,42.99712744625328],[-85.59759207976838,42.996197719560755],[-85.59765540135315,42.99526550411556],[-85.5977276537195,42.99433123159323],[-85.59798345416236,42.99342228643238],[-85.59802867325074,42.992504103806404],[-85.59901362259816,42.99204862001148],[-85.60021098848702,42.991713],[-85.60062887127438,42.990912873176924],[-85.6006410082178,42.98997765077209],[-85.60065180335218,42.98904489558602],[-85.60065952680914,42.98811215291363],[-85.60066619274339,42.98717519358343],[-85.600660233401,42.98623908842888],[-85.60065246164874,42.985299640683515],[-85.60043843433994,42.98447119899055],[-85.59917529805952,42.984316910517116],[-85.59789139451065,42.984304712666265],[-85.59660749181292,42.98430023906659],[-85.5953236416834,42.984292818078046],[-85.59404245744967,42.984289223058276],[-85.59276795510702,42.9842805417367],[-85.59149212245407,42.98425554029148],[-85.59084610037566,42.983661503943566],[-85.59079899728928,42.9827382842667],[-85.59079779613324,42.98179719322142],[-85.59080895591869,42.98085612178921],[-85.59082613052594,42.9799151154519],[-85.59083925212238,42.97897404399079],[-85.59084396643208,42.97803297023407],[-85.59084109426631,42.977091880164664],[-85.59083646643461,42.976150775006076],[-85.59083165463494,42.97520966984748],[-85.5908260443683,42.97427178046945],[-85.59082068481014,42.97333630718112],[-85.59081931948562,42.97240083210523],[-85.59081632402325,42.971465353264406],[-85.59082584041771,42.97055249356041],[-85.59095695067467,42.96961919167297],[-85.59187230494946,42.9693945154531],[-85.5931335809148,42.96968177645565],[-85.59436080267155,42.969865025175714],[-85.59563607067618,42.969941695343856],[-85.59691915004008,42.96995710221378],[-85.59820222342368,42.96996907406308],[-85.59948526180469,42.969980284059815],[-85.6007657300147,42.96998582994613],[-85.60204339947181,42.96998994154186],[-85.60331849676078,42.969991759732466],[-85.60459359303653,42.96999487565655],[-85.60586868931227,42.97000191926366],[-85.60714376206607,42.97000779465208],[-85.60842443701657,42.970012508930054],[-85.6097021800715,42.97003493095432],[-85.61037758652975,42.97058760067282],[-85.61040058817525,42.97152099781687],[-85.610409566211,42.97245439399405],[-85.61042294878862,42.973387711426604],[-85.61043276593587,42.97432107855024],[-85.61043938284611,42.97525448393163],[-85.61044578826089,42.97619290742625],[-85.61045055367974,42.97713222619877],[-85.61045577973427,42.978060301564646],[-85.61045766613877,42.97898809991044],[-85.61046032673461,42.97992190170289],[-85.61046074194674,42.98086287353536],[-85.610464,42.98180384527612],[-85.61046693304225,42.98274481777138],[-85.61047602126415,42.983685790812885],[-85.61104099395472,42.984367994404444],[-85.61229225068746,42.984430248644976],[-85.61357615732132,42.98443893885468],[-85.61485999893371,42.98445196466093],[-85.61614353298869,42.9844639679714],[-85.61742736002562,42.98447318963182],[-85.61871125890146,42.98447758671014],[-85.61999515777728,42.98448047060987],[-85.62127907231866,42.984485511537834],[-85.62256298137613,42.984490106517825],[-85.6238468881992,42.984497716744094],[-85.62512862460873,42.98450097987112],[-85.62640688066936,42.98450484366833],[-85.62768514018568,42.98450474540695],[-85.62896782607507,42.98450785289902],[-85.63025292297606,42.98450698378537],[-85.63152998946404,42.984502978628555],[-85.63280509463634,42.984498747380385],[-85.63408019605903,42.98449648361313],[-85.63535529953265,42.98449329009716],[-85.63663273721741,42.984487],[-85.63792368839822,42.98447084614299],[-85.63921471520996,42.984471416290944],[-85.640504967539,42.984477150041826],[-85.64179533977362,42.98448130408709],[-85.64308639182804,42.98448824458525],[-85.64437744388245,42.984495301671764],[-85.6456625126185,42.98450425231432],[-85.64693354634463,42.98451407758352],[-85.64820458007075,42.98452478789287],[-85.64947562083626,42.98453414399462],[-85.65074672240249,42.98453916709345],[-85.65202791163209,42.98454285908647],[-85.6533135886995,42.984548111884],[-85.65459935528013,42.984553280709044],[-85.65588504088862,42.98455],[-85.6570574546986,42.98437430877789],[-85.6571546515162,42.98349065060931],[-85.65714404978667,42.982550452336305],[-85.6571405157597,42.981610155556034],[-85.65713443527349,42.98066985877577],[-85.65712291468795,42.97972962134648],[-85.65711158880036,42.97878939903205],[-85.65710412306316,42.97784912359592],[-85.65709706575934,42.976908826379756],[-85.6570925588676,42.9759685341992],[-85.65708876233144,42.97502824428476],[-85.65708321511386,42.974087954370326],[-85.65707771598406,42.973147664455894],[-85.65708554758453,42.972207420773344],[-85.6570797773922,42.97126714412154],[-85.65705839340345,42.970327012848635],[-85.65703837878057,42.96938277204901],[-85.65701572585385,42.96843845726283],[-85.65699766909874,42.967494183399175],[-85.65697451365023,42.966551840852084],[-85.65695559712772,42.965612480341136],[-85.65692767372296,42.964673068453834],[-85.65690754935632,42.96373356369122],[-85.65730035569753,42.963100526637234],[-85.65858579502763,42.963077934751084],[-85.65987123435772,42.963092355728925],[-85.66115699258242,42.96311909909964],[-85.66244268165927,42.96314534406752],[-85.66372802883731,42.96318288903011],[-85.66501307059494,42.963226626181616],[-85.6662981711392,42.96326409897551],[-85.66758442304392,42.963279281064956],[-85.66887084521588,42.96328035859117],[-85.67015711829005,42.96328653751668],[-85.67142183070324,42.96326196757181],[-85.67233456852126,42.96283330954436],[-85.67289144876811,42.96224536544358],[-85.67345735099961,42.96155591978465],[-85.673511,42.960621]]}},{"type":"Feature","properties":{"routeId":"45","color":"#004987","dir":"Outbound","trips":44,"trimmed":0,"dests":"Valley Campus","lenKm":21.16,"role":"dominant"},"geometry":{"type":"LineString","coordinates":[[-85.661931,42.97028],[-85.66060139436564,42.970364395510316],[-85.66234188885663,42.97036726443598],[-85.66408458892909,42.97045088883725],[-85.66582851007547,42.970571297672656],[-85.66758798887466,42.97053559188967],[-85.66934524894032,42.97047648364722],[-85.6711181561094,42.97043548985543],[-85.67217975724444,42.96975736564343],[-85.67218674310662,42.96846300951074],[-85.67216399509377,42.96716635223344],[-85.67215057320564,42.965868859376926],[-85.67238286547027,42.96459958028643],[-85.67335856799023,42.96355478524508],[-85.67506513456337,42.96331101198442],[-85.67682147521268,42.96334211234392],[-85.6785431909004,42.963412019306276],[-85.68006330643398,42.96342485030373],[-85.68182750875286,42.96343325834444],[-85.68359528873691,42.96345150882818],[-85.68534969301436,42.96348188006459],[-85.68710105990385,42.96352051955812],[-85.68886524181394,42.963564845098375],[-85.69062919004716,42.963619672377014],[-85.6923926243085,42.96367605287936],[-85.69415730530483,42.9637181987252],[-85.69592159275483,42.96376497264924],[-85.69768589840254,42.963814274014204],[-85.6994499954223,42.96386349894361],[-85.70114284640769,42.96411059891389],[-85.70222027588733,42.965018055303645],[-85.70351971985585,42.965680008813415],[-85.70528289432022,42.96576996574649],[-85.70702288703367,42.96603571213366],[-85.70869158902008,42.966472885367736],[-85.7102416588039,42.967083375681106],[-85.71171416220156,42.967817645956984],[-85.71302158674499,42.968680239699566],[-85.71431862399223,42.96956188327655],[-85.71562026090379,42.97041845837137],[-85.71695393075967,42.9712865069758],[-85.71865465275994,42.97152084168095],[-85.72041968113356,42.971535095747015],[-85.72218444585863,42.97155194719041],[-85.72394899518578,42.971584300245325],[-85.72571603573954,42.97161866569512],[-85.72749504579951,42.97164970888625],[-85.72927419592884,42.97167439475086],[-85.73105315147188,42.97170447932393],[-85.73283186233374,42.97174401267381],[-85.734610424901,42.97178399525242],[-85.73638910167045,42.971825776350926],[-85.7381683250033,42.97185086976754],[-85.73994758802938,42.971871336389896],[-85.7417266802172,42.971897434515995],[-85.74350559821943,42.97193187943925],[-85.74528447191648,42.97196768091449],[-85.74706347308177,42.97199900816851],[-85.74884271871336,42.97201874377281],[-85.75062190207936,42.97204468971505],[-85.75240095742794,42.972074784839776],[-85.7541801716082,42.97210139670132],[-85.75595947573515,42.972121638462426],[-85.75773873805218,42.972142126353454],[-85.75951678395533,42.97216380386489],[-85.7612928985379,42.97218899824354],[-85.76306907201274,42.97220584227598],[-85.76484528406183,42.97222796641044],[-85.76662154099276,42.97224666582042],[-85.76839778577238,42.97226421171977],[-85.77017396829547,42.972286228218564],[-85.77195012607123,42.972306118573115],[-85.77372625548043,42.97232297807605],[-85.77550237706711,42.97234548397351],[-85.77727864357013,42.972365042044174],[-85.77905315358349,42.972379495927754],[-85.78082713443013,42.97239311419791],[-85.78260148780882,42.9724083772038],[-85.78437571858845,42.972423531830984],[-85.78614986701243,42.97244445566881],[-85.78792372664806,42.97247068060547],[-85.78969576452184,42.97250073465558],[-85.79146786505007,42.972529677337675],[-85.79323996743446,42.97255553932115],[-85.79501205857031,42.972579847660455],[-85.79678795245258,42.97260398782211],[-85.79856407497738,42.97262690180419],[-85.80034031852826,42.97264492441478],[-85.8021166266399,42.9726565607454],[-85.80389295767075,42.97266600938832],[-85.80566900073867,42.97269201221525],[-85.80744479219474,42.97272042393854],[-85.8092205999657,42.972748355078295],[-85.81099661546115,42.97277687276711],[-85.81277275766713,42.972799652184534],[-85.81454896045071,42.97281825505837],[-85.8163229146793,42.972833479501915],[-85.81809498228435,42.97284887239262],[-85.81986540528688,42.972860997177406],[-85.82163388321976,42.97287269143824],[-85.82340238817956,42.972879800046414],[-85.82517089430614,42.97288624076554],[-85.8269394156309,42.972889700904844],[-85.8287079391041,42.97288958270471],[-85.83047638875004,42.97288455060422],[-85.83224759021493,42.972852542742444],[-85.83401490524668,42.97277097387333],[-85.83577492320555,42.972666289798596],[-85.83752618285357,42.97247956227791],[-85.83927785818958,42.97229583440678],[-85.84103323174709,42.9722083182049],[-85.84279560531277,42.97224264533699],[-85.84455856090958,42.97232386254592],[-85.84632344885514,42.972391562517274],[-85.84807725129613,42.97243605171729],[-85.84984709265723,42.97246736572329],[-85.85161759541492,42.97247065945818],[-85.85338806439171,42.97247236992713],[-85.85516142595503,42.972460299577456],[-85.85693921919813,42.97244004489727],[-85.8587144339264,42.972422453831314],[-85.86048954622845,42.97240432833353],[-85.86226462580865,42.97238457096029],[-85.86403661516992,42.97236097052818],[-85.86580507111964,42.97234175307389],[-85.86757364286545,42.97232275544046],[-85.86934221461127,42.97230422336679],[-85.87111076259262,42.97228365243039],[-85.87287930685764,42.97226530831972],[-85.87464785112266,42.972241291140094],[-85.8764169526526,42.972221837000575],[-85.87818913343641,42.97220600482125],[-85.87996131422022,42.97219874205102],[-85.88173165156427,42.97218950888804],[-85.88350040401284,42.97219295012559],[-85.88525980532495,42.9722023085549],[-85.88702857370822,42.97220579594931],[-85.8887973422581,42.9722002615812],[-85.89056556992472,42.972188272993925],[-85.89161183665041,42.9716814059635],[-85.89083333715121,42.97058183916664],[-85.88941374870961,42.96984734041102],[-85.88842754421546,42.9689412982357],[-85.88776977210375,42.967721037797766],[-85.88810456182304,42.966458032236375],[-85.88889511631135,42.96536112642447],[-85.89004426118157,42.96439842784366],[-85.89030146308573,42.96315903740988],[-85.88948579419039,42.962139334020385],[-85.88919050000001,42.962282]]}},{"type":"Feature","properties":{"routeId":"3","color":"#F4D90C","dir":"Northbound","trips":41,"trimmed":0,"dests":"Central Station","lenKm":15.13,"role":"dominant"},"geometry":{"type":"LineString","coordinates":[[-85.741532,42.883372],[-85.74031853152599,42.88353937141703],[-85.73940939074645,42.8841249434959],[-85.73843479378004,42.884539879804784],[-85.73717629135004,42.88458570696549],[-85.73591406148279,42.88459312577208],[-85.73466172406903,42.884599623500684],[-85.73340025479989,42.88460653859189],[-85.73213459265081,42.88462068800195],[-85.73086872478348,42.88463501496145],[-85.729602675805,42.88465024337463],[-85.7283366268265,42.884663497461865],[-85.72707361794798,42.88467436552192],[-85.72580810495818,42.88470041192496],[-85.72458259502508,42.8847450828215],[-85.72415794764275,42.8855208758204],[-85.72414070884217,42.886447500105874],[-85.72417062828012,42.887374016101994],[-85.7242065646179,42.888294102756504],[-85.72423294510835,42.889213025965525],[-85.72426068218769,42.890136784495226],[-85.72428876103196,42.891060549502626],[-85.72430981498597,42.89198433863339],[-85.72433211899457,42.89290812776415],[-85.72435542915574,42.893833047887604],[-85.72437444795484,42.89475949612729],[-85.72439397640335,42.89568594436698],[-85.72440978093239,42.896612418754806],[-85.72441892774971,42.89753894236926],[-85.72442879488017,42.89846546598371],[-85.72444353043437,42.899386647312504],[-85.72447056958693,42.900310625406355],[-85.72450183524593,42.90123749590281],[-85.72452961485881,42.902164366399276],[-85.72455361960391,42.903091373719754],[-85.72457700075256,42.904018384465026],[-85.72459288086085,42.904945442632375],[-85.72456666215326,42.90587253673216],[-85.72407725443861,42.906529814540114],[-85.72282423473621,42.90654441281469],[-85.72156021353499,42.906515374740444],[-85.72029658332671,42.906502670316705],[-85.71906465401891,42.90659564158067],[-85.71788235317842,42.906918002327195],[-85.71672413440545,42.90726972675763],[-85.7155565115236,42.907628363523024],[-85.71438549451585,42.90795732454882],[-85.71318398111416,42.90826992390976],[-85.71196842449139,42.90848890002977],[-85.71074518516892,42.90870516625352],[-85.7096321480067,42.909101137231005],[-85.70870082229185,42.909720108028786],[-85.7077257907839,42.91024983453414],[-85.7065027403433,42.91047752389604],[-85.70539520883418,42.91044065088582],[-85.70519860964191,42.90952989832297],[-85.70516564552487,42.90860570865352],[-85.70513463770554,42.90768154183006],[-85.70510038344241,42.90675738351119],[-85.70506614505436,42.905833235788556],[-85.70503010310101,42.90490928682576],[-85.70499366348689,42.90398533786296],[-85.70495722387275,42.90306139479022],[-85.70491776868958,42.9021374839879],[-85.70487447797852,42.90125868046563],[-85.70483199135386,42.90034447523705],[-85.70476595250665,42.899424563179444],[-85.70388256172103,42.89886764703867],[-85.70262043726058,42.89884597126278],[-85.70135831280011,42.89883302526624],[-85.70009618833964,42.89883033860842],[-85.69883406387918,42.89882903126248],[-85.69757189939585,42.89883879599329],[-85.69630973194711,42.89883994612243],[-85.69516273176333,42.8989888798001],[-85.69489207294787,42.89979598324447],[-85.69492878101892,42.90072022295892],[-85.69496089208964,42.90164549945188],[-85.69499827920471,42.902569035344314],[-85.69503093127489,42.90349137088322],[-85.69507765255153,42.90441568283937],[-85.69510875237039,42.90533918029975],[-85.69514221878474,42.90626267776013],[-85.69518010100587,42.90718617522051],[-85.69521788929295,42.90811099022313],[-85.69525152317664,42.90903603584005],[-85.6952752652013,42.90996116057727],[-85.6952981005306,42.91088628531448],[-85.69531973743376,42.911811410051705],[-85.6953575171727,42.91273632413073],[-85.69539736092251,42.913660977473185],[-85.6954586727297,42.91458477819992],[-85.69550732087568,42.915509379918],[-85.69562706253576,42.91642953755429],[-85.69578943482804,42.917347903885194],[-85.69600587077782,42.91825133354214],[-85.69625726699185,42.919156142735815],[-85.69653995344989,42.920058395851925],[-85.69681787646482,42.92095730006647],[-85.69716808765082,42.9218485141085],[-85.69757231084907,42.92274213750142],[-85.69753583060107,42.92366143905357],[-85.69746066103454,42.92458498314669],[-85.69745492153397,42.92550930835726],[-85.6974818995411,42.92643210864024],[-85.69752807856229,42.927354194597605],[-85.69762690516296,42.928275026836516],[-85.69776863681352,42.929192474147385],[-85.69784975018719,42.93011152701882],[-85.69788551709132,42.93103108513056],[-85.69732756093742,42.93176702265448],[-85.69626809216885,42.9322705380961],[-85.69517751626105,42.93274136499874],[-85.69407838498779,42.933198460653124],[-85.69295150988042,42.933624159538866],[-85.69186637189405,42.93407401618277],[-85.69098253762591,42.934693884052614],[-85.69032930798637,42.935425603290696],[-85.68912726476822,42.93562030502383],[-85.68790389162177,42.93581056706644],[-85.68672048014675,42.936120556900335],[-85.68573789595253,42.936661798839154],[-85.68506892668984,42.93746224775125],[-85.68455394071603,42.93829276281781],[-85.68401661249628,42.93914305104592],[-85.68353607256688,42.93999662725123],[-85.6830541948763,42.94084765372311],[-85.68238271135573,42.94156955164093],[-85.68113699174863,42.94160346728819],[-85.67993734013024,42.94150402091017],[-85.67914283905262,42.94083530199334],[-85.67844285546889,42.94129519884261],[-85.67801886660247,42.94216057114969],[-85.67761905802598,42.94303748250778],[-85.6772118257315,42.943914079710154],[-85.67680572231325,42.94478797678807],[-85.67643795038565,42.94566528099875],[-85.67608411110035,42.946559589432404],[-85.67577574949283,42.947453897866055],[-85.67549391216255,42.948354078014454],[-85.67544905447461,42.94919527800411],[-85.67647900660107,42.949731065709194],[-85.67753904456295,42.95009760805246],[-85.67738438054648,42.950917417226925],[-85.67697335520934,42.95178204883748],[-85.67650115216998,42.95263372010415],[-85.67601947310118,42.95348534042108],[-85.67553255208878,42.95433293407643],[-85.67503989472182,42.95517899003645],[-85.674577,42.956036]]}},{"type":"Feature","properties":{"routeId":"24","color":"#BED62F","dir":"Westbound","trips":41,"trimmed":0,"dests":"Target-Rivertown","lenKm":29.18,"role":"dominant"},"geometry":{"type":"LineString","coordinates":[[-85.587952,42.913637],[-85.5870001499529,42.914138209843145],[-85.5852869517751,42.915398297357875],[-85.58420631330421,42.916848865121196],[-85.58511215247258,42.91842174297917],[-85.58320030166055,42.9188828965858],[-85.58089851496298,42.919165588245896],[-85.57866493596734,42.91965293264202],[-85.57620213623562,42.91971734519065],[-85.57371083405293,42.91973888001372],[-85.57148321733996,42.920458389650825],[-85.56934470390861,42.920833981844076],[-85.56923676186794,42.92263755373105],[-85.56936552058632,42.924451050721196],[-85.5695496028537,42.92622880024176],[-85.5712062779319,42.92703436471674],[-85.57369133074017,42.92702738094378],[-85.57617637278356,42.927019277108556],[-85.57866141299934,42.92700923653259],[-85.5811464536556,42.926999415332894],[-85.58363347897081,42.926991923733766],[-85.58612410910895,42.926983625328376],[-85.58860852694116,42.92698456911777],[-85.59109287652596,42.926990238789436],[-85.59357697069868,42.92701434934224],[-85.59606106499298,42.92704637107597],[-85.59854520527317,42.92707985249491],[-85.60103541442284,42.92710800319479],[-85.60353565928874,42.92713881034239],[-85.60603600344706,42.9271685028978],[-85.60851985437975,42.92719781897239],[-85.61099787689247,42.927193856042706],[-85.61347604225269,42.92717775630674],[-85.61595419691382,42.92716464239702],[-85.61843966802161,42.92714979251057],[-85.62093148478512,42.927149275503055],[-85.6234233152917,42.927144509909006],[-85.6259151466013,42.927144334000886],[-85.62840697866014,42.92714874833054],[-85.63089855112443,42.927164012090444],[-85.63339015427296,42.9271919045571],[-85.63588147805058,42.92721491761241],[-85.63837309119496,42.927239868448126],[-85.6408645971712,42.92727215090861],[-85.64335599798247,42.927305553352284],[-85.6458407804433,42.92734773460703],[-85.64802906514406,42.927655185904996],[-85.64819961914934,42.92947198288937],[-85.64837094723346,42.93129480182395],[-85.6485368863323,42.93311783320486],[-85.64870663718297,42.93494078958056],[-85.64883219615183,42.93676565118217],[-85.64898504137437,42.938568390868426],[-85.6491538587199,42.94038821902509],[-85.65102235938541,42.941178486575645],[-85.65351138856917,42.941214432768184],[-85.65600038562971,42.94124105695416],[-85.658437444897,42.941249],[-85.65891826196052,42.93971201095175],[-85.6587899763678,42.93789410192359],[-85.65866567034118,42.93615172521209],[-85.65854765693858,42.93433077572797],[-85.6584128348986,42.932509997267765],[-85.65830469009398,42.930690056299234],[-85.65819162524805,42.9288694296318],[-85.65971151217727,42.92754501783144],[-85.6621654735663,42.92750618706894],[-85.66465216285833,42.92753574788422],[-85.6667848498307,42.927606494926316],[-85.66904185234839,42.92763523031248],[-85.6714883144816,42.92767429732694],[-85.67393460855153,42.92770430526408],[-85.67639089461525,42.92773281835368],[-85.67887463433348,42.927776874826534],[-85.68135350297437,42.92782670052037],[-85.68383681687341,42.92787863229387],[-85.68606033890151,42.92750430850931],[-85.68621919037172,42.92574883740851],[-85.68615124305921,42.92393167577549],[-85.68608816252446,42.92211419251303],[-85.6860238868535,42.92029662515897],[-85.68595355745458,42.91847920230045],[-85.6858848469149,42.91666180903144],[-85.68582639768319,42.91485570624697],[-85.68657254514822,42.91349232510272],[-85.68905504510626,42.913449323509525],[-85.69154000980696,42.913464715425775],[-85.69402487624836,42.913498081614144],[-85.69544398866996,42.914483093036054],[-85.69561193233368,42.91630374876031],[-85.69594746505469,42.918071150107764],[-85.69637672636817,42.919860462776754],[-85.69696483368259,42.921622304515466],[-85.69748294687757,42.923341563119344],[-85.69745838440049,42.9251592191037],[-85.69755572416317,42.92695851800021],[-85.69894087512266,42.92806957339597],[-85.70143430905478,42.92811214464164],[-85.7039274835716,42.92812359774485],[-85.70560268923883,42.92734276537845],[-85.70576479463057,42.92552887817062],[-85.70572040013421,42.923862558256666],[-85.70572508470975,42.92203807667886],[-85.70694174714447,42.920920985782715],[-85.70936508256052,42.92095746819019],[-85.71186008326805,42.92101278443775],[-85.71435518819881,42.92106653874796],[-85.71685024704368,42.921121641381255],[-85.71933539053548,42.92117958354679],[-85.7218134676251,42.921233787401555],[-85.72429157676153,42.92127630155151],[-85.72676969796333,42.92125992276496],[-85.72924794015496,42.92120875018847],[-85.73172604295664,42.92115922740925],[-85.73420418184935,42.921119243165606],[-85.73662661371446,42.921249470697774],[-85.73807226093497,42.92240068061743],[-85.74009396780704,42.92175493026353],[-85.741924124313,42.920551723636734],[-85.74336633757038,42.91917985880892],[-85.74415800640304,42.91749177430023],[-85.74414944328119,42.91569503782545],[-85.7441019783633,42.91387880081915],[-85.74406590098117,42.91206245587123],[-85.74403891624802,42.91024591243662],[-85.74401175610511,42.90842929846298],[-85.74397621383491,42.90660590342887],[-85.74395763044335,42.90478221998551],[-85.74392932302982,42.902957511313566],[-85.7439006064431,42.90113280651265],[-85.74387054690091,42.89930817927005],[-85.7438244080085,42.897483952530365],[-85.74376358224627,42.895666887470405],[-85.74369870917404,42.89385320168812],[-85.74363854883994,42.89203951572138],[-85.74356685927918,42.890225873445516],[-85.7434931951664,42.88841226924101],[-85.74343709535003,42.88659850079274],[-85.74339678256855,42.88478446740061],[-85.74340062921429,42.882984455273856],[-85.74448154162596,42.88172654184732],[-85.74692844183735,42.88156275499207],[-85.7493145313388,42.88111967616743],[-85.75147054016566,42.88075910859518],[-85.7519766633928,42.87963776816291],[-85.75079843164553,42.88058043883737],[-85.74862657165947,42.88128103870839],[-85.74621316053265,42.88160311479491],[-85.74375729572328,42.881643],[-85.741878,42.882507]]}},{"type":"Feature","properties":{"routeId":"3","color":"#F4D90C","dir":"Southbound","trips":36,"trimmed":0,"dests":"Target-RiverTown","lenKm":13.12,"role":"dominant"},"geometry":{"type":"LineString","coordinates":[[-85.674315,42.956678999999994],[-85.67473118387076,42.955942465438646],[-85.67513549205343,42.95519732280422],[-85.67555032618606,42.95445306893932],[-85.67596160810632,42.95370526715024],[-85.67636726050353,42.952956235969175],[-85.67678100361894,42.952209152736266],[-85.67720094434767,42.95146248160454],[-85.67760798643137,42.95070949356335],[-85.67801586857937,42.949961277671555],[-85.67841135910672,42.94921168703863],[-85.67772537898306,42.948883756202534],[-85.67664097286715,42.94892662970484],[-85.67562809671028,42.94909428320575],[-85.67550030180917,42.94843071359591],[-85.67575840871608,42.94765292039153],[-85.67602866320351,42.9468787336497],[-85.67631662212659,42.94610766875377],[-85.67662306731987,42.945331251396496],[-85.67695785909623,42.94456972784107],[-85.67731043890464,42.943808204285645],[-85.67766449637676,42.943046305236024],[-85.67802023684243,42.94228422581587],[-85.6783753223734,42.941524397800464],[-85.67879441753716,42.94086683374066],[-85.67943089467033,42.94131012247848],[-85.68034194366595,42.94162859922173],[-85.68143789992496,42.94164624650304],[-85.68248558109386,42.9415970452615],[-85.68309378855614,42.940936887451166],[-85.68351296862116,42.94018815119803],[-85.68392116304,42.939441249584256],[-85.6843312770954,42.93869469350711],[-85.68475180696896,42.93796140465842],[-85.68521206119863,42.93725630189523],[-85.68583416876072,42.936574841736984],[-85.6867338323745,42.93614915969259],[-85.68774583563683,42.93585697563525],[-85.68881329980388,42.935688214450145],[-85.68991062048069,42.935575309547204],[-85.690784780113,42.93519793215351],[-85.69144444931345,42.93456752941108],[-85.69229287738699,42.93409928471823],[-85.69324128244904,42.93368951085378],[-85.69420353138312,42.9332984144596],[-85.6951605034682,42.93290042438094],[-85.69611718404934,42.93250124081299],[-85.69706473431155,42.932083372565444],[-85.69784021215327,42.93154211554743],[-85.69795107185963,42.9307757040375],[-85.6979052086428,42.929970066653574],[-85.69783814146527,42.929165527654206],[-85.69772032922214,42.92835884468529],[-85.69764376813092,42.92755020904558],[-85.69760349601123,42.92674095837238],[-85.69757312815969,42.92593119329273],[-85.69754430618954,42.92512139895017],[-85.69751375874012,42.92431826215758],[-85.69740103100885,42.92351791149787],[-85.6972745179889,42.92271817057644],[-85.69713856852366,42.9219227648459],[-85.6968786517287,42.92116410873453],[-85.69662532262205,42.92038248040248],[-85.69638724038782,42.91959643769161],[-85.69620598891954,42.91880070257656],[-85.69603474112776,42.91800290644878],[-85.69586545986778,42.917205110320985],[-85.69570845910405,42.91640657160675],[-85.6956523791388,42.915599192348],[-85.69560242923566,42.91479181308925],[-85.69556607772398,42.91398443383049],[-85.69554725839339,42.91317670723021],[-85.69551823757809,42.912369140225415],[-85.6954844959748,42.91156164543326],[-85.6954288281718,42.91075445158704],[-85.69538434322548,42.909947389823074],[-85.69535387524981,42.90913975249262],[-85.69532315576285,42.90833097485694],[-85.69529042879378,42.907520532460595],[-85.69525809270192,42.906712734908645],[-85.6952253142933,42.90590942003056],[-85.69516925608887,42.905108878254644],[-85.69502313692266,42.904303260765616],[-85.69482280794634,42.903516274499566],[-85.69463130126836,42.903800582230346],[-85.69507964717596,42.903700346988515],[-85.69508562297202,42.90289519829953],[-85.69505925231897,42.90208716289425],[-85.69503198758221,42.90127799451213],[-85.69500647783588,42.90046889906496],[-85.694979982023,42.899659803617794],[-85.69520346202805,42.89899323353718],[-85.69628712472613,42.89891256427785],[-85.69738765420342,42.89892185505003],[-85.69848818368071,42.898930936474954],[-85.69958871315801,42.898938529082116],[-85.70068923949971,42.898946081079345],[-85.70179004061544,42.89895356596972],[-85.70289318254459,42.89895801991438],[-85.70399632447374,42.89897190775558],[-85.70509937723112,42.89898982943396],[-85.7062023973919,42.89900715357689],[-85.70730535150327,42.89902360476118],[-85.70840830561463,42.89904269316999],[-85.70951126465522,42.89905944779583],[-85.71061427349566,42.89907915623073],[-85.71171716202167,42.8990991885141],[-85.71282046882266,42.899119482387945],[-85.71392592189994,42.899137575578116],[-85.71503116380731,42.89916148141376],[-85.7161382316672,42.89918802829243],[-85.71724563847668,42.899215323384006],[-85.71834702936457,42.89924154081895],[-85.71944814609847,42.89926416562683],[-85.72054938766865,42.89928426604037],[-85.72165221488218,42.89930338006852],[-85.72275175094228,42.89931670323675],[-85.72385320569578,42.89932348010342],[-85.72452457161032,42.898837549526036],[-85.72456663090868,42.898030588785545],[-85.72455186389851,42.897223362469305],[-85.72453500781936,42.896415999953845],[-85.72451874451251,42.89560920662404],[-85.72450054647757,42.89480242927539],[-85.72448191818677,42.893995678152805],[-85.72446538145415,42.89318892703022],[-85.72444740318493,42.89237968051421],[-85.72442989917751,42.89157130711399],[-85.72441445987633,42.89076383941248],[-85.72439406902092,42.88995642182459],[-85.72437509832565,42.8891490569318],[-85.72435007328386,42.888340316895096],[-85.72432883618697,42.88753144686362],[-85.72431002828502,42.88672448997356],[-85.72430427672019,42.88591860586564],[-85.7243060103946,42.88511854607671],[-85.72520269299449,42.884855495729894],[-85.72629402967252,42.884808841145144],[-85.72740348128538,42.884805603613444],[-85.72853483527483,42.884803386972195],[-85.72963512950193,42.88479907374099],[-85.73073542303393,42.88479339377196],[-85.73183525857897,42.884784046999],[-85.73292974633367,42.884774463424854],[-85.73402429699605,42.88476267181672],[-85.73511884765844,42.88475273010235],[-85.73621901404576,42.88474508877644],[-85.73732257503175,42.884730531645744],[-85.73842631235601,42.884710562305685],[-85.7394805,42.884595000000004]]}},{"type":"Feature","properties":{"routeId":"5","color":"#058b92","dir":"Southbound","trips":20,"trimmed":0,"dests":"Acquest/28th / Woodland only","lenKm":15.51,"role":"branch"},"geometry":{"type":"LineString","coordinates":[[-85.67429899999999,42.956682],[-85.67392977184312,42.95609727061769],[-85.67264040297057,42.95614882829608],[-85.67133125488971,42.95614361853219],[-85.67002680428105,42.95611156239437],[-85.66873963833879,42.956014474066905],[-85.66745139838827,42.955912645535506],[-85.666141832792,42.95588640171975],[-85.66483192596922,42.955859199226],[-85.66355582629404,42.95583546986077],[-85.6622505402612,42.95581464339168],[-85.66093880265757,42.95579688655086],[-85.65962561216878,42.955778404334986],[-85.65831311459722,42.95575522240195],[-85.65700029035305,42.95573161078421],[-85.65568718844153,42.95570781071753],[-85.65437409774557,42.95568660198775],[-85.65306103621124,42.955664057982005],[-85.65174795601116,42.95564053663509],[-85.65043497922841,42.95561840264952],[-85.64912209684917,42.955591354509096],[-85.64780874968145,42.95557807519209],[-85.64649534286869,42.955572390621285],[-85.64518494088207,42.955565185047135],[-85.64387467078978,42.9555547537624],[-85.64256436738543,42.95554397673045],[-85.64125405532724,42.95554036169575],[-85.6399437940083,42.955521820491455],[-85.63962075751327,42.95478959340612],[-85.63956626584235,42.95383123347893],[-85.63956063501104,42.95287227993803],[-85.63954837706774,42.951913324380435],[-85.63953534854157,42.95095439460326],[-85.63952941623509,42.94999550889406],[-85.63951532751716,42.949036657900116],[-85.63950731220251,42.94807807386872],[-85.63949124347934,42.94711921632219],[-85.63947535103108,42.94615965185003],[-85.63946617152415,42.94519939397408],[-85.63945587538566,42.94423926889158],[-85.63945186531618,42.943278994453266],[-85.63944953927565,42.942318925617265],[-85.63943936003429,42.941358822431496],[-85.63839959331855,42.94107036994522],[-85.63709063734291,42.94102597241917],[-85.63578161658396,42.94101930914174],[-85.63447259582503,42.94101781308987],[-85.63316357629284,42.94101062658653],[-85.6318545568939,42.94100475332671],[-85.63054553749498,42.94100149773476],[-85.62923648516767,42.94099831035136],[-85.62792743914764,42.94099080205589],[-85.62661839442355,42.94098450395042],[-85.62531921551829,42.94097134893599],[-85.62489718965224,42.94009904921285],[-85.62483060380609,42.939142064110314],[-85.62476298393443,42.938185295558846],[-85.62469741936991,42.93722852455835],[-85.62462741593549,42.93627249497718],[-85.62456118771479,42.935316686318615],[-85.62477551771025,42.934468525113786],[-85.62606476964392,42.93440174780284],[-85.62737351317315,42.93440520175007],[-85.62867073391595,42.934400054274384],[-85.62936853248922,42.93388960516056],[-85.62934553503203,42.93293020356617],[-85.6292637270038,42.931971232194705],[-85.62918777429798,42.931012208071635],[-85.62910887830728,42.9300531897897],[-85.62902229147656,42.92909412290852],[-85.62893587390619,42.92813522537424],[-85.62852640196719,42.92724911878572],[-85.62729167536459,42.92708425795293],[-85.62598007302081,42.9270795192617],[-85.62470953777577,42.927085998413006],[-85.62339977945803,42.92708248893889],[-85.62208999777312,42.92708249628839],[-85.62078019499596,42.9270828637753],[-85.61947039257623,42.927082794145804],[-85.61816061027159,42.92708736725217],[-85.61685085216965,42.92709565383359],[-85.61554110015854,42.92710402331491],[-85.61423133710672,42.92711048940389],[-85.6129215569868,42.927090786805515],[-85.61161075620835,42.927095156376936],[-85.61029905987462,42.927089168224754],[-85.60924558942816,42.92668269012934],[-85.60913160418018,42.92577144907881],[-85.6090625829753,42.924814857592374],[-85.60899548474671,42.92385826610594],[-85.60892756401712,42.922901674619496],[-85.60886017203146,42.92194489635041],[-85.60879410645848,42.92098806732673],[-85.60872933289289,42.92003122034815],[-85.60866158073361,42.91907254710422],[-85.60859186808335,42.91811288390964],[-85.60851566524974,42.917153657635914],[-85.6084364310565,42.91619480595918],[-85.608365658709,42.91523530352495],[-85.60829149336737,42.91427587158867],[-85.60820742063626,42.91331651427758],[-85.6075978273672,42.91260919676091],[-85.6063146549777,42.91258182687301],[-85.60501042075315,42.912572229298306],[-85.6037006328986,42.91257018659395],[-85.60239084504406,42.91256252210075],[-85.6010810571895,42.912555328724864],[-85.59977126573605,42.91254834550135],[-85.59846146982326,42.912536287367686],[-85.59715167391049,42.912530656751045],[-85.59584187799771,42.91253286103225],[-85.59453209446926,42.91254247232411],[-85.59322232557506,42.912557888036304],[-85.59200431003276,42.91287773888806],[-85.59125825923411,42.91348928109723],[-85.58996006522798,42.91350023913221],[-85.58865436012451,42.91350182634339],[-85.58735135516326,42.913555523746794],[-85.5870966078106,42.913888068264825],[-85.58650305177488,42.91459880504608],[-85.58551962515932,42.91523496242313],[-85.58460147726124,42.915924007832714],[-85.5842177529122,42.91674941041197],[-85.584507490171,42.91761684282129],[-85.58513551845715,42.918422878912],[-85.58435062292175,42.918849763440306],[-85.58304717833383,42.91874344790354],[-85.58181730270462,42.918464517731934],[-85.58065320458712,42.918096156593194],[-85.57971625018082,42.9174363488451],[-85.57880253437393,42.91678283658891],[-85.57757868240108,42.91679080043216],[-85.57631163596034,42.91675621547883],[-85.57527714652568,42.916179038496956],[-85.5747925181739,42.91535867990635],[-85.57490982818203,42.914406594992805],[-85.57509660759905,42.91345323310959],[-85.57487396297194,42.91268868254093],[-85.57359043051521,42.91254879134028],[-85.5722917715314,42.912472567229415],[-85.57098100092436,42.912474782648104],[-85.56967010558355,42.91246050942861],[-85.56873037507269,42.91209454829992],[-85.56861362287472,42.91115257179939],[-85.56785877452506,42.91056515004926],[-85.56656428694143,42.91044368927986],[-85.56525896520607,42.910344246908664],[-85.56396213170574,42.910259141598736],[-85.56266392224668,42.91017177556017],[-85.56141199999999,42.910086]]}},{"type":"Feature","properties":{"routeId":"1000","color":"#F4B084","dir":"Westbound","trips":18,"trimmed":0,"dests":"Millennium Park","lenKm":11.82,"role":"dominant"},"geometry":{"type":"LineString","coordinates":[[-85.67433199999999,42.956654],[-85.67504938717047,42.956227190451784],[-85.67602265334004,42.95609890337711],[-85.67700484318249,42.95610600278113],[-85.67798654690347,42.956116619277424],[-85.67896807834708,42.95613293981286],[-85.67994960979068,42.95614929429421],[-85.68093116888423,42.95616124209732],[-85.6819128570491,42.95617233554924],[-85.68289455636923,42.95619114740558],[-85.68378794372957,42.95625109369266],[-85.6834383401542,42.956868479550636],[-85.68287958988638,42.95745196410837],[-85.68241661504658,42.95809236818722],[-85.68196384837213,42.958732179603544],[-85.68152150214576,42.95935768912206],[-85.68132680334952,42.960030189254184],[-85.68213926175673,42.960211540215056],[-85.68312413789256,42.96021052958259],[-85.68409948486631,42.960088783777174],[-85.68504966783175,42.959899312671055],[-85.68599507199217,42.959697566181724],[-85.6869434648487,42.95950588855952],[-85.68788674333528,42.95929677075123],[-85.68883155617621,42.95909108909062],[-85.68977995890071,42.95888766716041],[-85.69073308391972,42.958690522464806],[-85.69168620893873,42.95849292083048],[-85.69225954974648,42.958707917952665],[-85.69232358782827,42.95943087450111],[-85.69233491712497,42.96015573907386],[-85.69234620954354,42.960880606587],[-85.69234910858417,42.961605479617695],[-85.69235779301151,42.96233036033674],[-85.69236650018556,42.96305524307773],[-85.6923635267777,42.963780039699245],[-85.6923863455124,42.9645047069731],[-85.69240980638295,42.96522941446895],[-85.69242902644714,42.96595419459116],[-85.69244371846818,42.96667902633099],[-85.6924566367688,42.96740087837171],[-85.69246999815769,42.968121126306556],[-85.69248102821136,42.968841371203425],[-85.6924946388321,42.96956158239915],[-85.6925083590647,42.97028179533789],[-85.69286745542453,42.97083689295642],[-85.6938432077126,42.970927387493795],[-85.69483232302187,42.97095516950657],[-85.69582194054522,42.97098008968409],[-85.69679669674552,42.97091716660439],[-85.69775005548698,42.97071854648381],[-85.69870341422843,42.97052819394023],[-85.69965726874575,42.97038562506404],[-85.70061658654829,42.970551433537054],[-85.7015559322176,42.97076414943256],[-85.70248412955404,42.970963437075035],[-85.70342896813389,42.97113220615108],[-85.70440519713569,42.97126202881824],[-85.70539184054346,42.97129601001519],[-85.7063784839512,42.9713298046011],[-85.70736527490234,42.97135939466858],[-85.70835237252422,42.97137815056733],[-85.70933969739215,42.97138926312667],[-85.7103270290394,42.9714022018405],[-85.71131400953708,42.971413423102305],[-85.71229799906374,42.971424214578015],[-85.71328198859041,42.971438650042955],[-85.71426597811708,42.97145177215357],[-85.71524951522841,42.97148032157135],[-85.7161429106848,42.97173178988476],[-85.71692404637334,42.972120521726005],[-85.71716047013976,42.97154422793131],[-85.71716450186813,42.970821315903805],[-85.71714438142925,42.970100172488124],[-85.71713007762683,42.96938119720683],[-85.71711940197844,42.968662206038914],[-85.71710938094026,42.967943203564985],[-85.71709968098028,42.96722420179213],[-85.71708941446553,42.966505203579416],[-85.71707756115853,42.96578620336562],[-85.71706450591924,42.96506720522824],[-85.71705428240992,42.96434818876506],[-85.71704609345863,42.96362916601641],[-85.71703708399521,42.962910151588034],[-85.71702754533891,42.96219114345604],[-85.71701686441033,42.96147213784177],[-85.71700338066464,42.9607531392055],[-85.71699385654911,42.960034144162215],[-85.7169849556422,42.95931512513121],[-85.71698252292869,42.95859609946989],[-85.71698265935822,42.957877065609814],[-85.71699818685177,42.957158032230666],[-85.71773797032314,42.95692688462102],[-85.7187186102499,42.956936461149475],[-85.71970050720672,42.956963648252355],[-85.72068240577151,42.95698798467711],[-85.72166425976292,42.95700588186219],[-85.72264609933171,42.95703031482986],[-85.72362788954698,42.95705702282052],[-85.72460983354698,42.95708112494713],[-85.72559189251218,42.95710465534424],[-85.72657395147738,42.95712865277984],[-85.72755617327398,42.95714497785487],[-85.7285395125322,42.95716265026124],[-85.72952614474517,42.95717969341036],[-85.73051278297135,42.95719444665619],[-85.73149944419106,42.95720796675138],[-85.73248611156335,42.957223255108076],[-85.73347275202713,42.95723727322762],[-85.73445937302846,42.95725099525495],[-85.73544586099295,42.95726821479016],[-85.73643231292698,42.95728258258911],[-85.73741881462092,42.95729900770638],[-85.73840541846309,42.957313355560174],[-85.73939202879285,42.957330366750014],[-85.74037862321367,42.95734970629684],[-85.74136522528536,42.957368815894796],[-85.74235186756877,42.957367798539906],[-85.74321279459897,42.957159106295954],[-85.74334184396493,42.95651967577638],[-85.74323911583708,42.95580086283877],[-85.74310076199045,42.955083524779354],[-85.74293620613622,42.95436833274282],[-85.74276919488386,42.95365991410209],[-85.74252763281297,42.952958608876926],[-85.7422465687575,42.95226838838263],[-85.74194715360201,42.95158025554896],[-85.74164409162704,42.95089425222976],[-85.7413510849323,42.95020194993455],[-85.74119096913651,42.94949716622838],[-85.74137827647124,42.94879890917941],[-85.74168833431096,42.9481148893215],[-85.74201636931394,42.94743403205781],[-85.74235341621979,42.946755369060824],[-85.74269153687011,42.94607670606385],[-85.74296854192843,42.94539891767263],[-85.74331237660806,42.944722015212044],[-85.74363984416625,42.94404511275145],[-85.74391938085921,42.94336689229837],[-85.74408844262221,42.94265539955073],[-85.74422258270664,42.94193570164811],[-85.74428643653697,42.941216003745495],[-85.7443155562565,42.94049563935202],[-85.74435463753764,42.93977475909341],[-85.74440854155694,42.9390538788348],[-85.7447303728255,42.938460218000614],[-85.74560016221743,42.93816837990902],[-85.74649847940063,42.93785994760553],[-85.74714534679393,42.937351611044875],[-85.74765550000001,42.936733000000004]]}},{"type":"Feature","properties":{"routeId":"1000","color":"#F4B084","dir":"Eastbound","trips":15,"trimmed":0,"dests":"Central Station","lenKm":11.95,"role":"dominant"},"geometry":{"type":"LineString","coordinates":[[-85.748425,42.936128],[-85.74907682197329,42.93586042046651],[-85.74846396745545,42.93603114838501],[-85.74788110408547,42.93662919618472],[-85.74727730435481,42.93721739386956],[-85.74662288301305,42.93777840205596],[-85.74579950953795,42.93807017573016],[-85.74479878869961,42.938118305028276],[-85.74431792840164,42.93863013683214],[-85.74429113572964,42.939361909116684],[-85.74427444666236,42.940093878000255],[-85.74425337395208,42.94082606526442],[-85.74422922832841,42.94155825252859],[-85.74417366555144,42.94228638363843],[-85.74398991726821,42.94299328250192],[-85.7437153628681,42.943700181365394],[-85.74340138179845,42.94440708022887],[-85.74306134896578,42.945098916423206],[-85.74271801078305,42.9457857243362],[-85.74237467260032,42.946472532249196],[-85.7420313344176,42.94715989957169],[-85.74169338065353,42.947848003990934],[-85.74135987565961,42.948536108410174],[-85.74108437041897,42.949243299550055],[-85.74118648958192,42.9499557629654],[-85.741493945245,42.95065116504196],[-85.74180754993952,42.95134656711851],[-85.74211253756671,42.95204401859108],[-85.74242913943537,42.95274148620078],[-85.742703520428,42.95343895381048],[-85.74287676475923,42.954161495090936],[-85.74301994406567,42.954886835630454],[-85.74316371063449,42.95561217616997],[-85.74328419883635,42.95633923958721],[-85.74338742531242,42.95706642461712],[-85.74265659572336,42.957316499345644],[-85.74164561498465,42.957306410010354],[-85.74064201435485,42.957289404696745],[-85.73964381280086,42.957259359361366],[-85.73864562355998,42.957242099657705],[-85.73764743431909,42.95722598932483],[-85.7366492267215,42.95721918365],[-85.73565086421722,42.95720511352239],[-85.73465250171294,42.95719126472947],[-85.73365414295019,42.957175751113084],[-85.73265579961547,42.957163905150104],[-85.73165745628076,42.9571478445304],[-85.73065913002497,42.9571290445074],[-85.72966084510541,42.95712044951633],[-85.72866256018584,42.957105478111544],[-85.72766424146418,42.95708679400463],[-85.7266658510034,42.95706810989772],[-85.72566746054264,42.95704942579081],[-85.72466907008187,42.957033923173846],[-85.72367097219981,42.957019134863685],[-85.72267287759823,42.956999610536684],[-85.72167479389795,42.95697924166528],[-85.72067690375233,42.956958872793884],[-85.71967901360672,42.956940938466175],[-85.71868179406547,42.95691894663868],[-85.71767976290175,42.95691872550396],[-85.71698218062694,42.95730468211001],[-85.71692234391695,42.95799512643164],[-85.71694110620636,42.95872772838349],[-85.716953,42.95946050730213],[-85.71696011679569,42.96019385738917],[-85.71697120241562,42.960927221449765],[-85.71697896066908,42.961660602476655],[-85.71698831313584,42.96239398286137],[-85.71699766560259,42.96312735971992],[-85.71700336849376,42.96386073657846],[-85.7170096471525,42.96459409683224],[-85.71701696670797,42.965327455942194],[-85.71702767977615,42.96606080670256],[-85.71703356420339,42.966794152553426],[-85.71704256819267,42.96752749836649],[-85.71705157218196,42.96826084406548],[-85.71706005475471,42.96899418976448],[-85.71706831583201,42.96972755716684],[-85.71707307164971,42.97046093066512],[-85.71706526740526,42.97119430397921],[-85.71691590820838,42.97177734131549],[-85.71596689421453,42.97159267025441],[-85.71498813097423,42.971441539361],[-85.71398576572442,42.97141992725519],[-85.71298340047458,42.97141030843391],[-85.71198107386674,42.97140364943404],[-85.71097877505895,42.97139079682513],[-85.70997647625116,42.971375162764765],[-85.70897417744337,42.971364998560915],[-85.70797197655419,42.97135093752714],[-85.70697032718269,42.97132737145645],[-85.70596867781119,42.97130193871585],[-85.7049699064092,42.97123747903349],[-85.70396332027259,42.97116591492966],[-85.70295673413598,42.9710948759525],[-85.70196767691918,42.97102974294823],[-85.7009888147402,42.97098832718244],[-85.69998636960304,42.97095033502839],[-85.69898392446586,42.970912279956835],[-85.69804341318648,42.970875001981675],[-85.69705690046017,42.9708890497759],[-85.69605028597223,42.970903569703026],[-85.6950436714843,42.97092062360717],[-85.69403735945374,42.97091147086805],[-85.69303126104614,42.970878132405765],[-85.69261833423172,42.97032847943595],[-85.69255896666655,42.969596215681925],[-85.69254260799183,42.96886162427917],[-85.69253108735235,42.96812696993435],[-85.69252130825468,42.96739231080915],[-85.6925069668305,42.966657683258376],[-85.69248731421855,42.96592310435071],[-85.69247041924496,42.96518852445168],[-85.692456471735,42.96445391170593],[-85.69244139497141,42.963719298960186],[-85.69241688655725,42.96298474645108],[-85.69239062581407,42.962250314827315],[-85.69236573815077,42.961515854931],[-85.69234263466444,42.96078131466031],[-85.69232720468729,42.96004669412732],[-85.69231407712816,42.959312042245436],[-85.69228379419643,42.9586175711306],[-85.69146076015656,42.958520180245856],[-85.69050019332754,42.958637678375624],[-85.6895440624841,42.95885881160062],[-85.68858793164065,42.95907375641305],[-85.68763222724652,42.95928815575049],[-85.68667558600397,42.9595042298375],[-85.68571476633161,42.95971030104034],[-85.68474745083633,42.95991500305281],[-85.68377095157076,42.960063821115824],[-85.68278553344338,42.96015282281782],[-85.68178511740555,42.96013272864458],[-85.68143632254512,42.959775176550785],[-85.68172821939002,42.959095946310875],[-85.68220431642922,42.958448677893955],[-85.68273701783104,42.95782676220342],[-85.68326971923288,42.95720484651288],[-85.68377773445721,42.956571856239066],[-85.68339645362623,42.956118344905214],[-85.68238958292507,42.95610140627953],[-85.6813827917223,42.95608839300987],[-85.68037603184207,42.95607244222441],[-85.67936929815362,42.95605797442345],[-85.67836249938308,42.95605044480195],[-85.67735547666845,42.95604575610359],[-85.67635182183872,42.95603920770234],[-85.67536641091937,42.95604295866171],[-85.674404,42.956354]]}},{"type":"Feature","properties":{"routeId":"33","color":"#E62A32","dir":"Eastbound","trips":10,"trimmed":0,"dests":"Central Station","lenKm":17.87,"role":"dominant"},"geometry":{"type":"LineString","coordinates":[[-85.7814985,43.02078349999999],[-85.78220488223326,43.01984950523794],[-85.78207829431744,43.02033838601848],[-85.78098205357261,43.02069686987957],[-85.77949179809829,43.0205711710603],[-85.77867969881288,43.01984259728508],[-85.77828804731081,43.018801393314746],[-85.77783020753935,43.017766242583576],[-85.77801703725623,43.01670951414262],[-85.77738494831843,43.016025497026135],[-85.77590483998773,43.015929261125486],[-85.77440525056414,43.015922179677275],[-85.77290566166616,43.015911674452525],[-85.77140608350342,43.015903507465346],[-85.76990650503745,43.01590110801303],[-85.76840693998017,43.015897030898685],[-85.76690739434846,43.01590006356355],[-85.76540778555938,43.01588604371963],[-85.76390910035536,43.015872027488214],[-85.76313966525153,43.01660979803534],[-85.76317304095707,43.01770744216802],[-85.76321778688333,43.01880511326834],[-85.7632662512481,43.01990276656373],[-85.76330377864198,43.02100043907865],[-85.76334554985993,43.02209811493799],[-85.76338708861897,43.02319570884069],[-85.76342045394246,43.02429358602322],[-85.76342431320599,43.02539161535039],[-85.76297898853753,43.02627682357354],[-85.7615017033186,43.026414773802045],[-85.76001196732169,43.02647976303591],[-85.7585268755044,43.02653908723781],[-85.75711600533901,43.02672944189343],[-85.75594585045562,43.02740446628296],[-85.75456001607768,43.02772939347707],[-85.75316684033791,43.02765044050655],[-85.75215806814212,43.02694569866834],[-85.75141449892376,43.025977562231574],[-85.75112370898046,43.02491653872475],[-85.7507175728851,43.02387913622028],[-85.74947894852087,43.02333816282919],[-85.74810759752873,43.02288709867071],[-85.74664269865218,43.02264125541477],[-85.74519270690867,43.02240434531623],[-85.74380186240973,43.021994177799925],[-85.74242609037285,43.021589860979034],[-85.74096716582035,43.02134721631795],[-85.73950824126786,43.02111049964181],[-85.73812104259719,43.02098077789533],[-85.73720125577175,43.02183313468831],[-85.73615985603179,43.02260434199896],[-85.73480460575834,43.023061246949176],[-85.73345793374574,43.02352772524997],[-85.7321396745319,43.0240462213124],[-85.73082445775702,43.02456268674928],[-85.7294522072422,43.02500873683368],[-85.72807961641797,43.025449987956065],[-85.72669998764036,43.0258722111263],[-85.72529346398244,43.02620568327956],[-85.72380181256541,43.02629071597386],[-85.72242773158675,43.02594873654726],[-85.72108475314074,43.02548291116189],[-85.71960213949546,43.025359373800164],[-85.71811054060328,43.02527830658879],[-85.71661695347345,43.025208567434206],[-85.71513654326861,43.02508426653378],[-85.71368926576805,43.02481962065302],[-85.71221566429341,43.02468562825818],[-85.7107160191797,43.024689543952796],[-85.70921625634244,43.024686006956514],[-85.70881956566748,43.02376311768292],[-85.70875623818145,43.022666784925164],[-85.70871784923142,43.02157101637551],[-85.7086788971422,43.02047589469276],[-85.70864135228966,43.01938077550328],[-85.7086022578137,43.018285669144944],[-85.70856157969959,43.01719056452955],[-85.70851215417304,43.01609711030855],[-85.70825988603744,43.015069359277405],[-85.70677281461164,43.01495482760428],[-85.7052790422386,43.01486706999137],[-85.70378162655825,43.01480637621787],[-85.70228647444031,43.01474487159371],[-85.70079151335209,43.01467846360451],[-85.69929649712888,43.0146133944491],[-85.69780138029759,43.014548759913005],[-85.69630608910859,43.01448719466854],[-85.69481079497265,43.014424104836465],[-85.69331547779998,43.01436050769203],[-85.69181979215871,43.0142994659612],[-85.69032401302769,43.0142501278867],[-85.68889960954363,43.01439710893463],[-85.68821117967151,43.015224196070236],[-85.68683089354782,43.01533542887495],[-85.68533655607325,43.01523835290418],[-85.68385071943545,43.01509208641445],[-85.68237861613616,43.0148721841701],[-85.68093519527775,43.014553529976226],[-85.67970120800484,43.01404396510466],[-85.67856854143987,43.01330826755012],[-85.67762213773844,43.012531405930226],[-85.67695895919178,43.01155055038852],[-85.67670481719342,43.01048264388441],[-85.67645960126944,43.00941161512591],[-85.67629441733915,43.008324447959026],[-85.67623610854095,43.00722687474607],[-85.67619748366812,43.00612930153311],[-85.67615960348314,43.00503161483276],[-85.67612219123919,43.003932371570926],[-85.6760854163953,43.00283269358406],[-85.67605050035812,43.001734245130876],[-85.67601957517593,43.00063773190906],[-85.67601815945068,42.999541200019706],[-85.67605785066962,42.9984465508444],[-85.67614565134392,42.99735562834073],[-85.67626420812171,42.99626958958406],[-85.67653395814577,42.99518355082738],[-85.67677560894631,42.99409842104169],[-85.67701133299458,42.993012592504],[-85.67717931213818,42.99192676396632],[-85.67721574819168,42.990832849821835],[-85.67726753756789,42.989734364095256],[-85.6772707749917,42.98863499651699],[-85.67726245287696,42.98753562582127],[-85.67725470852656,42.98643625849555],[-85.67725750023365,42.98533695638153],[-85.6772779772347,42.98423796056555],[-85.67732238380833,42.98313905301338],[-85.67738888450866,42.98204041681272],[-85.67751303854772,42.980947005930815],[-85.67763944023511,42.97985686946237],[-85.67777834854952,42.978767618282504],[-85.67790608046317,42.97767775656423],[-85.67804191244988,42.97659159646963],[-85.67807363143204,42.97551322184274],[-85.67780146529186,42.974440449564035],[-85.67746944532057,42.97336767728533],[-85.67756044935918,42.97231372845539],[-85.67805025866443,42.97127833165631],[-85.67851248600002,42.97023217714673],[-85.67868340760435,42.969149600118456],[-85.67875848868297,42.96806701538753],[-85.67882705349106,42.96697451073954],[-85.67886617818482,42.96588131761723],[-85.67890759049013,42.9647881133053],[-85.67875994808182,42.963720290215136],[-85.67822336202104,42.9627363243864],[-85.6775188564985,42.961766224683885],[-85.67673766978109,42.960794104150935],[-85.6760495,42.959856]]}},{"type":"Feature","properties":{"routeId":"33","color":"#E62A32","dir":"Westbound","trips":9,"trimmed":0,"dests":"Northridge / 3 Mile Rd","lenKm":15.85,"role":"dominant"},"geometry":{"type":"LineString","coordinates":[[-85.673573,42.960905],[-85.674891541286,42.96096067547846],[-85.67605205755673,42.96141426657343],[-85.67715456603315,42.96193908181301],[-85.67776529435514,42.96279701934296],[-85.67838514038085,42.96365495687291],[-85.67854253742583,42.96458160438198],[-85.67852148983675,42.96554832485831],[-85.67847275916311,42.966515045334646],[-85.67840366711623,42.96748014476367],[-85.67832047314202,42.968444606409136],[-85.67823859259637,42.9694090680546],[-85.67815697990383,42.97037427978501],[-85.67812962257305,42.971341367020976],[-85.67805471090522,42.97230845425693],[-85.6779692916914,42.97326818025704],[-85.67790111261712,42.97422302596368],[-85.67778119546132,42.9751814924474],[-85.67767457115613,42.97614419790878],[-85.6775531864683,42.97711017569821],[-85.67744916084855,42.978076188672055],[-85.67737087180406,42.9790421875248],[-85.67729258275956,42.98000737629902],[-85.67721429371507,42.980967022886446],[-85.67714964927542,42.981927005702886],[-85.67710711493024,42.982887591160534],[-85.6770637828545,42.983848176618174],[-85.67700802550418,42.98480876207582],[-85.67700479961194,42.98576953199564],[-85.67701330759013,42.986730655461535],[-85.67702181556832,42.98769177892743],[-85.67703032354652,42.98865290239331],[-85.67700886577586,42.98961394975247],[-85.67698530906085,42.99057479511654],[-85.67693844390065,42.991535640480606],[-85.67690141146305,42.992496485844676],[-85.67675638400253,42.99345312407748],[-85.67650046458553,42.99440206920065],[-85.67624426287962,42.99535101432383],[-85.6759880611737,42.99629995944701],[-85.67575723602562,42.997253464339956],[-85.67564552280461,42.998218682110426],[-85.67555869139917,42.9991838998809],[-85.67547966581517,43.00014911765137],[-85.67540064023119,43.00111478120422],[-85.67533596016722,43.00208178929374],[-85.67527327323471,43.00304879738326],[-85.67522107481278,43.00401580547278],[-85.67517115814637,43.00498277119121],[-85.67510710861157,43.00594954218599],[-85.67504197346443,43.00691631318077],[-85.67497679034341,43.007883084175546],[-85.67492537102179,43.00884999502799],[-85.67493061801324,43.009817807262195],[-85.67491211567229,43.01078561949641],[-85.67489861853345,43.011753431730625],[-85.6752469332965,43.01267001107122],[-85.67594029147648,43.0134721263255],[-85.67666344448602,43.014274241579784],[-85.6774611403409,43.01502595645947],[-85.67852449420344,43.015508648472235],[-85.67976383820195,43.01584528757274],[-85.68100318220046,43.016181339536494],[-85.68228387015849,43.01645169499012],[-85.68357515336366,43.01664653299694],[-85.68486643656883,43.0168378090015],[-85.68615457657957,43.01704006599474],[-85.68744219572253,43.01724414267922],[-85.68864923055584,43.01744821936369],[-85.689895118394,43.01767722748007],[-85.69089854621204,43.01838546149979],[-85.69086716811478,43.01891328796423],[-85.68977977873327,43.01906604801849],[-85.68925250062007,43.01836273871134],[-85.68910522736516,43.017399093972436],[-85.68906647135078,43.01643310842763],[-85.68904738363088,43.01546544676733],[-85.68921864297592,43.014521286315954],[-85.6901836735323,43.014347196729936],[-85.6915053102039,43.01433910445071],[-85.6928268856401,43.014391247792126],[-85.69414786936335,43.01445341108872],[-85.6954688530866,43.01451726411678],[-85.69678946572073,43.014579325232795],[-85.69811007086139,43.014637490624196],[-85.69943067600205,43.0146956560156],[-85.70075128114271,43.01475382140699],[-85.70207194154649,43.01481190227002],[-85.70339264750515,43.0148693639591],[-85.70471343860294,43.01492682564819],[-85.70603458838332,43.014979780036775],[-85.7073557381637,43.01502896370918],[-85.70867738218553,43.01507143470469],[-85.71000000288345,43.01506876751892],[-85.71132267018258,43.01506484976502],[-85.7126453420722,43.01506095320024],[-85.71396803021199,43.01505825643657],[-85.7152907183518,43.015057741676394],[-85.71661334385796,43.015061921625254],[-85.71793586808067,43.01507741897959],[-85.71925839230337,43.01509291633393],[-85.72058091652607,43.01510841368827],[-85.72190343190073,43.01512430248094],[-85.72322593292591,43.01514082609393],[-85.72454851179761,43.01515005652014],[-85.72587064446327,43.01513052357224],[-85.72719282580422,43.01511352171606],[-85.72851539153648,43.01509525569456],[-85.72983378681313,43.01508810383605],[-85.73115051077725,43.01510419299919],[-85.73246706069186,43.01513759338013],[-85.73378360569177,43.01517372518874],[-85.735099881558,43.0152236751012],[-85.73641615742422,43.01527455343556],[-85.73773243329045,43.015319631237666],[-85.73904870915666,43.01535284097279],[-85.74036519455602,43.015385958463305],[-85.74168180272149,43.01542137907294],[-85.74299841598514,43.01545923279973],[-85.74431513000481,43.015494287852974],[-85.74563184402447,43.01552823040187],[-85.74694855804415,43.015562172950766],[-85.74826530555167,43.01559473907235],[-85.74958219789285,43.015624688829945],[-85.75089909023403,43.0156530332289],[-85.75221596169203,43.01568137762786],[-85.75353279957416,43.01570985506011],[-85.75484963745627,43.01573838142721],[-85.7561664754314,43.01576673683374],[-85.75748331344586,43.01579525343714],[-85.75880018503676,43.015826062053236],[-85.76011706064395,43.01585692004868],[-85.7614337827753,43.01589092136317],[-85.76275014921116,43.015927471203106],[-85.76406683438313,43.01596153897072],[-85.76538411389679,43.01598832672689],[-85.76670141576813,43.016006414639136],[-85.76801884600997,43.01601945936379],[-85.7693362762518,43.016028861697514],[-85.7706537044988,43.016037366460054],[-85.77197112838815,43.016043183307225],[-85.77328855227749,43.016049176709444],[-85.77460599593984,43.01605615045676],[-85.7759234486457,43.016065487273416],[-85.77724089878761,43.01607300501908],[-85.77791207184744,43.016599158524684],[-85.7779998663931,43.017487014443574],[-85.77812994686974,43.01844426624714],[-85.77838937135121,43.01939742304872],[-85.778593,43.02035]]}},{"type":"Feature","properties":{"routeId":"34","color":"#A68FC3","dir":"Eastbound","trips":8,"trimmed":0,"dests":"Central Station","lenKm":15.85,"role":"dominant"},"geometry":{"type":"LineString","coordinates":[[-85.76012850000001,43.026540999999995],[-85.761452759695,43.026491699149425],[-85.7627674538974,43.02644403189265],[-85.76350460288714,43.02698249661749],[-85.76352399242924,43.027951427754374],[-85.76346574445185,43.028920448287025],[-85.76311094662378,43.02978855739994],[-85.7621377366957,43.030448291944374],[-85.76082815505535,43.03046435416272],[-85.75950280388963,43.03045147988533],[-85.75817765522167,43.030435160807706],[-85.75685252700518,43.030415036313684],[-85.75552742834665,43.030392431102285],[-85.75420246869595,43.03036789849729],[-85.75287750581705,43.03034346116733],[-85.75159247869655,43.03020682970356],[-85.75035038047915,43.02992291214795],[-85.74915459206883,43.02957699136821],[-85.74877460878363,43.028756428107215],[-85.7487411171204,43.02779652823325],[-85.74942772008228,43.02716896007655],[-85.75063838511754,43.02677322544196],[-85.75135744464757,43.026044197477574],[-85.75116500140143,43.025234379514956],[-85.75080094314386,43.02440809497806],[-85.75000095278236,43.02365732156691],[-85.7487903789401,43.02314538943041],[-85.74755643386608,43.02277978831917],[-85.74627428835835,43.02256967458135],[-85.74499214285063,43.022358953854734],[-85.74376100031948,43.021997984154154],[-85.7425352464081,43.021627850652166],[-85.74134600045255,43.021202786806356],[-85.74015675449698,43.020792837183365],[-85.73896862454171,43.02096239389685],[-85.7377810820692,43.02139001648812],[-85.73675486941193,43.021988706031735],[-85.73579428434073,43.022649044689246],[-85.73467995992593,43.02314790752591],[-85.73344541576685,43.023497138149104],[-85.73224294137273,43.023893703129296],[-85.73110473465806,43.02443031498886],[-85.72994518250403,43.024814209126816],[-85.72873834115006,43.02520413778281],[-85.72752416835957,43.025574257876166],[-85.72630162090368,43.02594174311696],[-85.72502454578559,43.02617085666965],[-85.72370234725392,43.02621104695015],[-85.72245497520785,43.0259862573986],[-85.72125406952134,43.02557904141509],[-85.71999169392203,43.02535844063408],[-85.71867027902039,43.02529749082093],[-85.7173511114675,43.025224605160616],[-85.71603927150434,43.02508590590038],[-85.7147306407436,43.024946418618626],[-85.7134411004402,43.02475663168299],[-85.71213165288029,43.02467784611301],[-85.71081387479578,43.02466856174331],[-85.70949625472858,43.02466949023916],[-85.70887291006446,43.024103441754434],[-85.70877994157262,43.02314276348929],[-85.70874729466837,43.02217857645152],[-85.70872056831772,43.02121438941377],[-85.708688860076,43.02025034618583],[-85.70865701274671,43.019286347047476],[-85.70862558550779,43.018322347853456],[-85.70858340305153,43.01735919871835],[-85.70854545822192,43.01639604958325],[-85.70846664894475,43.01543249387534],[-85.70744813427581,43.015039556017314],[-85.70613789723183,43.01492759954354],[-85.70482006901469,43.01485435720552],[-85.70349839948979,43.014799918837454],[-85.70217693200942,43.01474288309678],[-85.7008558144351,43.01468283236424],[-85.69953468775304,43.01462570744917],[-85.69821342727951,43.01456873346153],[-85.69689217498222,43.01451172364749],[-85.69557064724353,43.01445427672566],[-85.69424908476346,43.01439753540194],[-85.69292752228338,43.01435456801577],[-85.69160595980333,43.01430244839236],[-85.69028424252667,43.01425729986043],[-85.68897100720403,43.01424525667549],[-85.68860285334478,43.01501677853117],[-85.68762374366463,43.01535954995509],[-85.68629970526777,43.01531356576776],[-85.684982144258,43.01520908269903],[-85.68366773770622,43.015080188029046],[-85.68235333115443,43.01495129335906],[-85.68112864837539,43.01464775468852],[-85.68004051363226,43.01409918303009],[-85.67895237888914,43.01354470411533],[-85.67786424414601,43.012990225200575],[-85.67735156734597,43.012145883243114],[-85.6770175019775,43.011205716074855],[-85.67669022965009,43.0102655489066],[-85.6763651236327,43.00932524460893],[-85.67629819547517,43.00835798566392],[-85.6762608031124,43.00738777571205],[-85.67622881802716,43.006417565760174],[-85.67619683294191,43.0054473558083],[-85.67616475937422,43.00447714515761],[-85.6761350016074,43.003506930985466],[-85.67610496533825,43.002536716813324],[-85.67607492906912,43.00156650264118],[-85.67605486195973,43.00059607920039],[-85.6760388964342,42.99962563744531],[-85.67602710969601,42.99865519569023],[-85.67601440905553,42.997685017034925],[-85.67620724801478,42.99672774076699],[-85.67643543785036,42.99577145852998],[-85.67666778778789,42.99481546224594],[-85.67689280250875,42.99385945966972],[-85.6770174295406,42.9928972929646],[-85.67711561565775,42.99193512625946],[-85.67720917658758,42.9909693423995],[-85.67727794238874,42.99000193082904],[-85.67729502809863,42.98903329943492],[-85.677289504914,42.98806466885955],[-85.67728398172939,42.987096045263485],[-85.67727905451291,42.986127434656964],[-85.67729413727096,42.98515888451999],[-85.67731415663692,42.984190579238614],[-85.67734323221976,42.983222535811265],[-85.67739125055078,42.982254858670046],[-85.67749401144755,42.98128860413531],[-85.6776115345118,42.98032375819067],[-85.67772818948517,42.97935919912929],[-85.67783834484736,42.97839426166482],[-85.67789891063782,42.97742824390075],[-85.67793827985041,42.976460407183794],[-85.67798762203142,42.97549252520248],[-85.67791137910926,42.974524746880554],[-85.67783299481778,42.97355676385359],[-85.67767817779125,42.97258873336206],[-85.67776931144874,42.97162168114043],[-85.67808735900135,42.97067590612179],[-85.67838500706581,42.96973073148503],[-85.67869227672314,42.96878453044137],[-85.67877742922337,42.967822032670085],[-85.67884045864629,42.966854224249396],[-85.6788543136434,42.965886448763385],[-85.67883443194637,42.96491903754551],[-85.67869502761431,42.96397168834322],[-85.67852229333137,42.96304705335312],[-85.67794139924007,42.96219295474783],[-85.67720205191559,42.9613515788306],[-85.67649102178657,42.96052156931502],[-85.675768,42.9597715]]}},{"type":"Feature","properties":{"routeId":"1","color":"#913F98","dir":"Southbound","trips":6,"trimmed":0,"dests":"UM Health - West / Meijer - 54th St","lenKm":13.91,"role":"branch"},"geometry":{"type":"LineString","coordinates":[[-85.6723975,42.96072],[-85.67240485521818,42.96152598833589],[-85.6724282202645,42.96236833611936],[-85.67229641524662,42.963083695271145],[-85.67115309188698,42.96320677009379],[-85.66999253246982,42.96315391626319],[-85.66883164661886,42.96311139157786],[-85.66798018085242,42.96278923583318],[-85.66794773849213,42.9619429956663],[-85.6679072169261,42.961093731731],[-85.66787238391152,42.96024433107616],[-85.6678412903026,42.95939484381716],[-85.66781194921805,42.958545321009034],[-85.66778661473694,42.95769582494701],[-85.66776092926949,42.95684631670811],[-85.66775994889505,42.95599677382177],[-85.66774253290927,42.95514711726521],[-85.6677225695052,42.95429745221689],[-85.66769969863557,42.95344778716858],[-85.66767682776594,42.95259817714091],[-85.66764596821875,42.95174874564647],[-85.66760693442154,42.950899432194895],[-85.66756798215266,42.95005011715401],[-85.66754372643685,42.94920052876017],[-85.66677245567105,42.948746408998836],[-85.66561160591911,42.94870677922647],[-85.66445121913983,42.948664776908444],[-85.66329035866255,42.948646847819724],[-85.66212969895004,42.94863081007931],[-85.66096906671805,42.94860769055508],[-85.65981036580322,42.94856979875772],[-85.65926348986639,42.948044018343964],[-85.65916159896285,42.94719645645863],[-85.6591545015884,42.94634673696068],[-85.65912963963906,42.945497376819084],[-85.65911375047392,42.944647758986434],[-85.65911323299693,42.94379798337606],[-85.6591091657539,42.942948240689155],[-85.65910754837111,42.942098468298454],[-85.65910839372634,42.941249238949865],[-85.65902708748081,42.94040180480276],[-85.65895511496899,42.9395536538477],[-85.65888636907027,42.938705369703584],[-85.65882719246666,42.937856693928424],[-85.65876815911756,42.937008137199676],[-85.65869237765163,42.936160200020325],[-85.65862796086718,42.935311714482836],[-85.65856256968304,42.934463270720585],[-85.65849523329257,42.93361491207652],[-85.65843152982377,42.932766406848515],[-85.6583715444687,42.931917747348876],[-85.65830767987435,42.93106925493758],[-85.65823149835111,42.930221295999345],[-85.65816507192308,42.92937290914581],[-85.65810521028169,42.928524248457855],[-85.65823109592594,42.927698228808936],[-85.65910369461463,42.927496069654254],[-85.66026484561658,42.927482848141565],[-85.66142595484399,42.92748987451445],[-85.6625869200988,42.92749802816307],[-85.66374748705616,42.927507961554845],[-85.6649084362552,42.927510931594355],[-85.66606961988703,42.9273964695675],[-85.6666213958214,42.92682786666624],[-85.66663598573294,42.92612548939289],[-85.66660477558247,42.92527606587305],[-85.66656583755423,42.92442667399439],[-85.66652689952599,42.92357730334257],[-85.66649250589572,42.922727947178146],[-85.66646678506733,42.921878400568275],[-85.66644106423894,42.921028800631255],[-85.66640567149996,42.920179249491824],[-85.66636611850008,42.91932993562813],[-85.66632594507874,42.91848071749674],[-85.66628514780413,42.917631493027116],[-85.66624425723118,42.91678221851403],[-85.6661985518958,42.91593295479089],[-85.66614538016364,42.915083856684944],[-85.666094671494,42.914234931805126],[-85.6660792507214,42.91338599787178],[-85.66604155294402,42.912536463713835],[-85.66600651386969,42.911686929555884],[-85.66598155084843,42.91083761540186],[-85.66593018324608,42.9099886739614],[-85.66587861882795,42.90913973957937],[-85.665827388991,42.90829079182019],[-85.66578047494025,42.907441708396604],[-85.66574060086845,42.90659247986609],[-85.66574497095041,42.90574340168586],[-85.6657093975567,42.90489403838268],[-85.66566951865991,42.904044748607205],[-85.66562964139095,42.90319545879409],[-85.66559260373367,42.902346098726376],[-85.6655573733226,42.90149669623166],[-85.66552209875985,42.900647295313],[-85.66548682419707,42.89979789439434],[-85.6654526692787,42.898948492052796],[-85.66541257375803,42.89809948765798],[-85.6653699459732,42.89725497468296],[-85.66532767109703,42.896410461707944],[-85.66528885204787,42.89556587181409],[-85.66525216661633,42.89472120166424],[-85.66521691106882,42.8938764694684],[-85.66518162948,42.89303178498869],[-85.66514652971918,42.892187132397126],[-85.66511406119307,42.891342417686474],[-85.66508159266698,42.89049770297581],[-85.66504904424895,42.889652992464406],[-85.66501836673618,42.88880822139013],[-85.66498810730252,42.88796344151659],[-85.66495726009117,42.88711867216234],[-85.66492802735368,42.886273864641616],[-85.66489920806052,42.88542904886111],[-85.6648773057866,42.884584162577426],[-85.66483954142291,42.88373944821518],[-85.6647973999679,42.88289485096145],[-85.66475915663574,42.88205022589206],[-85.66471448212533,42.881205727755145],[-85.664661566549,42.88036164407818],[-85.66462573596671,42.87951748868873],[-85.66460161425604,42.87867257971848],[-85.66458217296855,42.87782767074824],[-85.66456729110344,42.87698270717887],[-85.66454649140051,42.87613770337704],[-85.66452010426424,42.875292830690306],[-85.66449371712795,42.87444799503088],[-85.66446837634192,42.873603159371456],[-85.66444459475628,42.872758323712034],[-85.66441378181304,42.871913499492294],[-85.66438444799917,42.8710686759201],[-85.66435599970202,42.87022380222008],[-85.66432941814354,42.86937894968119],[-85.6643005512721,42.86853418286455],[-85.66427980896027,42.867689226597676],[-85.6642675662533,42.8668442703308],[-85.66495236443353,42.86610298159704],[-85.66566239836197,42.8659294443573],[-85.66681657841916,42.86594110958174],[-85.66797099405392,42.86596125288881],[-85.66912542995561,42.865980286096125],[-85.67028007739532,42.8659918357034],[-85.6714347820299,42.86599991359881],[-85.67258948666452,42.866007714964866],[-85.67374419129911,42.86601440786554],[-85.67489870147978,42.866029154532825],[-85.67605326963404,42.866044746910845],[-85.6772078377883,42.86606033928886],[-85.67836250667932,42.86606463310493],[-85.67951725333967,42.86606381655247],[-85.680672,42.866063]]}},{"type":"Feature","properties":{"routeId":"34","color":"#A68FC3","dir":"Westbound","trips":4,"trimmed":0,"dests":"Northridge","lenKm":15.28,"role":"dominant"},"geometry":{"type":"LineString","coordinates":[[-85.673611,42.960821],[-85.67487935687288,42.960935971211796],[-85.6760462869637,42.96130602595905],[-85.67689417359887,42.96189963992845],[-85.6776525192943,42.96264948460646],[-85.67828889019644,42.96342227199963],[-85.67844791694901,42.96434695104435],[-85.67846497805739,42.965285370773834],[-85.67847179165433,42.96622379050332],[-85.67842511438697,42.967160897694754],[-85.67835152785463,42.96809714286991],[-85.67826508345226,42.96903338804507],[-85.67817277181462,42.96996963322023],[-85.67813451330957,42.97090761755803],[-85.67812372028683,42.97184590852355],[-85.6781129272641,42.972784199489055],[-85.67807057793273,42.97372161286485],[-85.67790668207795,42.974652756943016],[-85.67774278622318,42.97558289568035],[-85.67757889036841,42.97651325272798],[-85.67745716421672,42.97744820262237],[-85.67738903708663,42.97838540986697],[-85.67732090995655,42.97932256650102],[-85.6772477997342,42.98025679709539],[-85.67717105961742,42.98118970390074],[-85.67709580954954,42.982122548991924],[-85.67702599749391,42.98305539408311],[-85.67698493748338,42.983989296135505],[-85.67696216092622,42.98492386723419],[-85.67696292467627,42.98585856096588],[-85.67696688149991,42.98679325279748],[-85.67697489329122,42.987727934400624],[-85.67697341675594,42.98866261056956],[-85.67696470246668,42.98959728673851],[-85.6769662437321,42.99053154690672],[-85.6769278290772,42.99146502643593],[-85.67688324584597,42.99239850596515],[-85.67676132046824,42.99333069464632],[-85.6765285738293,42.99424886295748],[-85.67627678657925,42.99516522228861],[-85.67602499932919,42.99608158161975],[-85.67584369457651,42.997002851304536],[-85.67571759528532,42.99793412694689],[-85.67560180052394,42.99886540258924],[-85.6754929587616,42.99979667823159],[-85.67540973116743,43.000729228694844],[-85.67535878337901,43.0016631825375],[-85.67530783559059,43.00259713638016],[-85.67525688780216,43.003531090222815],[-85.67520198820569,43.00446490806644],[-85.67513959428385,43.00539849050668],[-85.67507653760309,43.00633205241797],[-85.6750134809223,43.00726561432925],[-85.67495582169664,43.00819934929119],[-85.67492331123883,43.00913362620975],[-85.67489593990595,43.01006800485439],[-85.67486856857306,43.01100238349903],[-85.6750186888844,43.011915091604905],[-85.67549543180067,43.01276200478641],[-85.6760810277423,43.013588857312996],[-85.67666662368393,43.01441570983958],[-85.67755725623476,43.015047216209794],[-85.67865578391749,43.01548811782516],[-85.67981092804266,43.01587690653792],[-85.68100566287167,43.01618996146132],[-85.68223382719964,43.016439068478036],[-85.68348080713822,43.01663743319996],[-85.68473270280352,43.01682254877633],[-85.68598372765535,43.017010683077075],[-85.68723435970733,43.01720007581294],[-85.68847667402771,43.01741611653578],[-85.6896773978049,43.01770789422855],[-85.69083878376205,43.018071306650356],[-85.69066078435318,43.01874868973476],[-85.68975350410207,43.01915857597866],[-85.6895719959702,43.01837424360198],[-85.68910637136975,43.017782180754594],[-85.68909862133745,43.01684761787831],[-85.68916153504452,43.01591305500203],[-85.68922244727318,43.01497858090872],[-85.68945174686371,43.01434348194702],[-85.69072750963159,43.01438673967232],[-85.69200345433781,43.01443086054761],[-85.6932792221472,43.014482949882336],[-85.69455440576573,43.01449844192712],[-85.69582954721878,43.01455164493778],[-85.69710457723474,43.014606274931566],[-85.69837962486264,43.01466068446037],[-85.69965467249054,43.014715093989174],[-85.70092972011844,43.01476950351798],[-85.70220482625625,43.01482313904407],[-85.70347995800229,43.01487643659917],[-85.70475512098304,43.014929333257534],[-85.70603043531847,43.01498028728278],[-85.7073057496539,43.01503124130804],[-85.70830977538265,43.01536903953713],[-85.70848378172596,43.01628006461112],[-85.70852036716832,43.017214382565754],[-85.70855632181497,43.01814871342823],[-85.70858931185037,43.01908310203096],[-85.70862210477242,43.020017494143616],[-85.70865073355188,43.02095196043908],[-85.7086797231201,43.02188642034226],[-85.70875208904782,43.02281785595914],[-85.70901482883868,43.02372930613563],[-85.70930795574935,43.024637173432936],[-85.71045035909658,43.02475305142629],[-85.71172062689766,43.02481720273707],[-85.71298429289915,43.024952980838975],[-85.71424795890063,43.02508875894087],[-85.71551319053336,43.02521364960496],[-85.71678789391875,43.02527214334265],[-85.71806259730415,43.025330637080344],[-85.71933205484504,43.02542829530314],[-85.72059799797233,43.02555200003697],[-85.72185140941066,43.02570900157281],[-85.72306004050972,43.02598714027242],[-85.72426861780403,43.026189735352865],[-85.72551492926755,43.02612644313055],[-85.72669834962528,43.02596919221197],[-85.72787863748836,43.025612304502694],[-85.72907632049808,43.0252882461876],[-85.73025569297633,43.02493582364822],[-85.73137287484505,43.024482819639914],[-85.73249005671374,43.02402981563162],[-85.73360723858247,43.023576811623315],[-85.73473211425397,43.02313492475336],[-85.7358632128769,43.0227021233886],[-85.73695478299541,43.022224756283265],[-85.73792717086512,43.02161873469103],[-85.73889955873483,43.021012713098806],[-85.7399462465265,43.02102563020319],[-85.74111350086358,43.02124232690964],[-85.74227756379955,43.02154446710344],[-85.74342337752228,43.02195738731702],[-85.74457020750773,43.022368170239545],[-85.74581470681149,43.0225689563721],[-85.74706692670333,43.02275272726939],[-85.74827103977788,43.02304345482696],[-85.74941404794299,43.023457916578245],[-85.75055705610814,43.02387237832953],[-85.75094991674322,43.024696786453454],[-85.75116154229087,43.025618566710804],[-85.75137316783852,43.02654034696815],[-85.75193308040369,43.02732647144761],[-85.75300602537548,43.027720594866295],[-85.75428145203998,43.02757566875304],[-85.75551562835841,43.02771431263808],[-85.7565405641792,43.027157650779905],[-85.7575655,43.0266]]}}]}